county_fips,cbsa_2013,cbsa_2013_name,spm_area_code,spm_area_name,mapping_method
01001,33860,"Montgomery, AL",33860,"Montgomery, AL MSA",full_2013_msa_approximation
01003,19300,"Daphne-Fairhope-Foley, AL",19300,"Daphne-Fairhope-Foley, AL MSA",full_2013_msa_approximation
01005,,,1002,Alabama Nonmetro,2013_nonmetro_approximation
01007,13820,"Birmingham-Hoover, AL",13820,"Birmingham-Hoover, AL MSA",full_2013_msa_approximation
01009,13820,"Birmingham-Hoover, AL",13820,"Birmingham-Hoover, AL MSA",full_2013_msa_approximation
01011,,,1002,Alabama Nonmetro,2013_nonmetro_approximation
01013,,,1002,Alabama Nonmetro,2013_nonmetro_approximation
01015,11500,"Anniston-Oxford-Jacksonville, AL",,,not_represented_by_published_area
01017,,,1002,Alabama Nonmetro,2013_nonmetro_approximation
01019,,,1002,Alabama Nonmetro,2013_nonmetro_approximation
01021,13820,"Birmingham-Hoover, AL",13820,"Birmingham-Hoover, AL MSA",full_2013_msa_approximation
01023,,,1002,Alabama Nonmetro,2013_nonmetro_approximation
01025,,,1002,Alabama Nonmetro,2013_nonmetro_approximation
01027,,,1002,Alabama Nonmetro,2013_nonmetro_approximation
01029,,,1002,Alabama Nonmetro,2013_nonmetro_approximation
01031,,,1002,Alabama Nonmetro,2013_nonmetro_approximation
01033,22520,"Florence-Muscle Shoals, AL",22520,"Florence-Muscle Shoals, AL MSA",full_2013_msa_approximation
01035,,,1002,Alabama Nonmetro,2013_nonmetro_approximation
01037,,,1002,Alabama Nonmetro,2013_nonmetro_approximation
01039,,,1002,Alabama Nonmetro,2013_nonmetro_approximation
01041,,,1002,Alabama Nonmetro,2013_nonmetro_approximation
01043,,,1002,Alabama Nonmetro,2013_nonmetro_approximation
01045,,,1002,Alabama Nonmetro,2013_nonmetro_approximation
01047,,,1002,Alabama Nonmetro,2013_nonmetro_approximation
01049,,,1002,Alabama Nonmetro,2013_nonmetro_approximation
01051,33860,"Montgomery, AL",33860,"Montgomery, AL MSA",full_2013_msa_approximation
01053,,,1002,Alabama Nonmetro,2013_nonmetro_approximation
01055,23460,"Gadsden, AL",,,not_represented_by_published_area
01057,,,1002,Alabama Nonmetro,2013_nonmetro_approximation
01059,,,1002,Alabama Nonmetro,2013_nonmetro_approximation
01061,20020,"Dothan, AL",,,not_represented_by_published_area
01063,,,1002,Alabama Nonmetro,2013_nonmetro_approximation
01065,46220,"Tuscaloosa, AL",,,not_represented_by_published_area
01067,20020,"Dothan, AL",,,not_represented_by_published_area
01069,20020,"Dothan, AL",,,not_represented_by_published_area
01071,,,1002,Alabama Nonmetro,2013_nonmetro_approximation
01073,13820,"Birmingham-Hoover, AL",13820,"Birmingham-Hoover, AL MSA",full_2013_msa_approximation
01075,,,1002,Alabama Nonmetro,2013_nonmetro_approximation
01077,22520,"Florence-Muscle Shoals, AL",22520,"Florence-Muscle Shoals, AL MSA",full_2013_msa_approximation
01079,19460,"Decatur, AL",,,not_represented_by_published_area
01081,12220,"Auburn-Opelika, AL",12220,"Auburn-Opelika, AL MSA",full_2013_msa_approximation
01083,26620,"Huntsville, AL",26620,"Huntsville, AL MSA",full_2013_msa_approximation
01085,33860,"Montgomery, AL",33860,"Montgomery, AL MSA",full_2013_msa_approximation
01087,,,1002,Alabama Nonmetro,2013_nonmetro_approximation
01089,26620,"Huntsville, AL",26620,"Huntsville, AL MSA",full_2013_msa_approximation
01091,,,1002,Alabama Nonmetro,2013_nonmetro_approximation
01093,,,1002,Alabama Nonmetro,2013_nonmetro_approximation
01095,,,1002,Alabama Nonmetro,2013_nonmetro_approximation
01097,33660,"Mobile, AL",33660,"Mobile, AL MSA",full_2013_msa_approximation
01099,,,1002,Alabama Nonmetro,2013_nonmetro_approximation
01101,33860,"Montgomery, AL",33860,"Montgomery, AL MSA",full_2013_msa_approximation
01103,19460,"Decatur, AL",,,not_represented_by_published_area
01105,,,1002,Alabama Nonmetro,2013_nonmetro_approximation
01107,46220,"Tuscaloosa, AL",,,not_represented_by_published_area
01109,,,1002,Alabama Nonmetro,2013_nonmetro_approximation
01111,,,1002,Alabama Nonmetro,2013_nonmetro_approximation
01113,17980,"Columbus, GA-AL",17980,"Columbus, GA-AL MSA",full_2013_msa_approximation
01115,13820,"Birmingham-Hoover, AL",13820,"Birmingham-Hoover, AL MSA",full_2013_msa_approximation
01117,13820,"Birmingham-Hoover, AL",13820,"Birmingham-Hoover, AL MSA",full_2013_msa_approximation
01119,,,1002,Alabama Nonmetro,2013_nonmetro_approximation
01121,,,1002,Alabama Nonmetro,2013_nonmetro_approximation
01123,,,1002,Alabama Nonmetro,2013_nonmetro_approximation
01125,46220,"Tuscaloosa, AL",,,not_represented_by_published_area
01127,13820,"Birmingham-Hoover, AL",13820,"Birmingham-Hoover, AL MSA",full_2013_msa_approximation
01129,,,1002,Alabama Nonmetro,2013_nonmetro_approximation
01131,,,1002,Alabama Nonmetro,2013_nonmetro_approximation
01133,,,1002,Alabama Nonmetro,2013_nonmetro_approximation
02013,,,2002,Alaska Nonmetro,2013_nonmetro_approximation
02016,,,2002,Alaska Nonmetro,2013_nonmetro_approximation
02020,11260,"Anchorage, AK",2001,Alaska Metro,unidentified_2013_metro_residual_approximation
02050,,,2002,Alaska Nonmetro,2013_nonmetro_approximation
02060,,,2002,Alaska Nonmetro,2013_nonmetro_approximation
02063,,,2002,Alaska Nonmetro,2013_nonmetro_approximation
02066,,,2002,Alaska Nonmetro,2013_nonmetro_approximation
02068,,,2002,Alaska Nonmetro,2013_nonmetro_approximation
02070,,,2002,Alaska Nonmetro,2013_nonmetro_approximation
02090,21820,"Fairbanks, AK",2001,Alaska Metro,unidentified_2013_metro_residual_approximation
02100,,,2002,Alaska Nonmetro,2013_nonmetro_approximation
02105,,,2002,Alaska Nonmetro,2013_nonmetro_approximation
02110,,,2002,Alaska Nonmetro,2013_nonmetro_approximation
02122,,,2002,Alaska Nonmetro,2013_nonmetro_approximation
02130,,,2002,Alaska Nonmetro,2013_nonmetro_approximation
02150,,,2002,Alaska Nonmetro,2013_nonmetro_approximation
02158,,,2002,Alaska Nonmetro,2013_nonmetro_approximation
02164,,,2002,Alaska Nonmetro,2013_nonmetro_approximation
02170,11260,"Anchorage, AK",2001,Alaska Metro,unidentified_2013_metro_residual_approximation
02180,,,2002,Alaska Nonmetro,2013_nonmetro_approximation
02185,,,2002,Alaska Nonmetro,2013_nonmetro_approximation
02188,,,2002,Alaska Nonmetro,2013_nonmetro_approximation
02195,,,2002,Alaska Nonmetro,2013_nonmetro_approximation
02198,,,2002,Alaska Nonmetro,2013_nonmetro_approximation
02220,,,2002,Alaska Nonmetro,2013_nonmetro_approximation
02230,,,2002,Alaska Nonmetro,2013_nonmetro_approximation
02240,,,2002,Alaska Nonmetro,2013_nonmetro_approximation
02275,,,2002,Alaska Nonmetro,2013_nonmetro_approximation
02282,,,2002,Alaska Nonmetro,2013_nonmetro_approximation
02290,,,2002,Alaska Nonmetro,2013_nonmetro_approximation
04001,,,4002,Arizona Nonmetro,2013_nonmetro_approximation
04003,43420,"Sierra Vista-Douglas, AZ",4001,Arizona Metro,unidentified_2013_metro_residual_approximation
04005,22380,"Flagstaff, AZ",4001,Arizona Metro,unidentified_2013_metro_residual_approximation
04007,,,4002,Arizona Nonmetro,2013_nonmetro_approximation
04009,,,4002,Arizona Nonmetro,2013_nonmetro_approximation
04011,,,4002,Arizona Nonmetro,2013_nonmetro_approximation
04012,,,4002,Arizona Nonmetro,2013_nonmetro_approximation
04013,38060,"Phoenix-Mesa-Scottsdale, AZ",38060,"Phoenix-Mesa-Scottsdale, AZ MSA",full_2013_msa_approximation
04015,29420,"Lake Havasu City-Kingman, AZ",4001,Arizona Metro,unidentified_2013_metro_residual_approximation
04017,,,4002,Arizona Nonmetro,2013_nonmetro_approximation
04019,46060,"Tucson, AZ",46060,"Tucson, AZ MSA",full_2013_msa_approximation
04021,38060,"Phoenix-Mesa-Scottsdale, AZ",38060,"Phoenix-Mesa-Scottsdale, AZ MSA",full_2013_msa_approximation
04023,,,4002,Arizona Nonmetro,2013_nonmetro_approximation
04025,39140,"Prescott, AZ",39140,"Prescott, AZ MSA",full_2013_msa_approximation
04027,49740,"Yuma, AZ",49740,"Yuma, AZ MSA",full_2013_msa_approximation
05001,,,5002,Arkansas Nonmetro,2013_nonmetro_approximation
05003,,,5002,Arkansas Nonmetro,2013_nonmetro_approximation
05005,,,5002,Arkansas Nonmetro,2013_nonmetro_approximation
05007,22220,"Fayetteville-Springdale-Rogers, AR-MO",22220,"Fayetteville-Springdale-Rogers, AR-MO MSA",full_2013_msa_approximation
05009,,,5002,Arkansas Nonmetro,2013_nonmetro_approximation
05011,,,5002,Arkansas Nonmetro,2013_nonmetro_approximation
05013,,,5002,Arkansas Nonmetro,2013_nonmetro_approximation
05015,,,5002,Arkansas Nonmetro,2013_nonmetro_approximation
05017,,,5002,Arkansas Nonmetro,2013_nonmetro_approximation
05019,,,5002,Arkansas Nonmetro,2013_nonmetro_approximation
05021,,,5002,Arkansas Nonmetro,2013_nonmetro_approximation
05023,,,5002,Arkansas Nonmetro,2013_nonmetro_approximation
05025,38220,"Pine Bluff, AR",38220,"Pine Bluff, AR MSA",full_2013_msa_approximation
05027,,,5002,Arkansas Nonmetro,2013_nonmetro_approximation
05029,,,5002,Arkansas Nonmetro,2013_nonmetro_approximation
05031,27860,"Jonesboro, AR",5001,Arkansas Metro,unidentified_2013_metro_residual_approximation
05033,22900,"Fort Smith, AR-OK",22900,"Fort Smith, AR-OK MSA",full_2013_msa_approximation
05035,32820,"Memphis, TN-MS-AR",32820,"Memphis, TN-MS-AR MSA",full_2013_msa_approximation
05037,,,5002,Arkansas Nonmetro,2013_nonmetro_approximation
05039,,,5002,Arkansas Nonmetro,2013_nonmetro_approximation
05041,,,5002,Arkansas Nonmetro,2013_nonmetro_approximation
05043,,,5002,Arkansas Nonmetro,2013_nonmetro_approximation
05045,30780,"Little Rock-North Little Rock-Conway, AR",30780,"Little Rock-North Little Rock-Conway, AR MSA",full_2013_msa_approximation
05047,,,5002,Arkansas Nonmetro,2013_nonmetro_approximation
05049,,,5002,Arkansas Nonmetro,2013_nonmetro_approximation
05051,26300,"Hot Springs, AR",5001,Arkansas Metro,unidentified_2013_metro_residual_approximation
05053,30780,"Little Rock-North Little Rock-Conway, AR",30780,"Little Rock-North Little Rock-Conway, AR MSA",full_2013_msa_approximation
05055,,,5002,Arkansas Nonmetro,2013_nonmetro_approximation
05057,,,5002,Arkansas Nonmetro,2013_nonmetro_approximation
05059,,,5002,Arkansas Nonmetro,2013_nonmetro_approximation
05061,,,5002,Arkansas Nonmetro,2013_nonmetro_approximation
05063,,,5002,Arkansas Nonmetro,2013_nonmetro_approximation
05065,,,5002,Arkansas Nonmetro,2013_nonmetro_approximation
05067,,,5002,Arkansas Nonmetro,2013_nonmetro_approximation
05069,38220,"Pine Bluff, AR",38220,"Pine Bluff, AR MSA",full_2013_msa_approximation
05071,,,5002,Arkansas Nonmetro,2013_nonmetro_approximation
05073,,,5002,Arkansas Nonmetro,2013_nonmetro_approximation
05075,,,5002,Arkansas Nonmetro,2013_nonmetro_approximation
05077,,,5002,Arkansas Nonmetro,2013_nonmetro_approximation
05079,38220,"Pine Bluff, AR",38220,"Pine Bluff, AR MSA",full_2013_msa_approximation
05081,45500,"Texarkana, TX-AR",5001,Arkansas Metro,unidentified_2013_metro_residual_approximation
05083,,,5002,Arkansas Nonmetro,2013_nonmetro_approximation
05085,30780,"Little Rock-North Little Rock-Conway, AR",30780,"Little Rock-North Little Rock-Conway, AR MSA",full_2013_msa_approximation
05087,22220,"Fayetteville-Springdale-Rogers, AR-MO",22220,"Fayetteville-Springdale-Rogers, AR-MO MSA",full_2013_msa_approximation
05089,,,5002,Arkansas Nonmetro,2013_nonmetro_approximation
05091,45500,"Texarkana, TX-AR",5001,Arkansas Metro,unidentified_2013_metro_residual_approximation
05093,,,5002,Arkansas Nonmetro,2013_nonmetro_approximation
05095,,,5002,Arkansas Nonmetro,2013_nonmetro_approximation
05097,,,5002,Arkansas Nonmetro,2013_nonmetro_approximation
05099,,,5002,Arkansas Nonmetro,2013_nonmetro_approximation
05101,,,5002,Arkansas Nonmetro,2013_nonmetro_approximation
05103,,,5002,Arkansas Nonmetro,2013_nonmetro_approximation
05105,30780,"Little Rock-North Little Rock-Conway, AR",30780,"Little Rock-North Little Rock-Conway, AR MSA",full_2013_msa_approximation
05107,,,5002,Arkansas Nonmetro,2013_nonmetro_approximation
05109,,,5002,Arkansas Nonmetro,2013_nonmetro_approximation
05111,27860,"Jonesboro, AR",5001,Arkansas Metro,unidentified_2013_metro_residual_approximation
05113,,,5002,Arkansas Nonmetro,2013_nonmetro_approximation
05115,,,5002,Arkansas Nonmetro,2013_nonmetro_approximation
05117,,,5002,Arkansas Nonmetro,2013_nonmetro_approximation
05119,30780,"Little Rock-North Little Rock-Conway, AR",30780,"Little Rock-North Little Rock-Conway, AR MSA",full_2013_msa_approximation
05121,,,5002,Arkansas Nonmetro,2013_nonmetro_approximation
05123,,,5002,Arkansas Nonmetro,2013_nonmetro_approximation
05125,30780,"Little Rock-North Little Rock-Conway, AR",30780,"Little Rock-North Little Rock-Conway, AR MSA",full_2013_msa_approximation
05127,,,5002,Arkansas Nonmetro,2013_nonmetro_approximation
05129,,,5002,Arkansas Nonmetro,2013_nonmetro_approximation
05131,22900,"Fort Smith, AR-OK",22900,"Fort Smith, AR-OK MSA",full_2013_msa_approximation
05133,,,5002,Arkansas Nonmetro,2013_nonmetro_approximation
05135,,,5002,Arkansas Nonmetro,2013_nonmetro_approximation
05137,,,5002,Arkansas Nonmetro,2013_nonmetro_approximation
05139,,,5002,Arkansas Nonmetro,2013_nonmetro_approximation
05141,,,5002,Arkansas Nonmetro,2013_nonmetro_approximation
05143,22220,"Fayetteville-Springdale-Rogers, AR-MO",22220,"Fayetteville-Springdale-Rogers, AR-MO MSA",full_2013_msa_approximation
05145,,,5002,Arkansas Nonmetro,2013_nonmetro_approximation
05147,,,5002,Arkansas Nonmetro,2013_nonmetro_approximation
05149,,,5002,Arkansas Nonmetro,2013_nonmetro_approximation
06001,41860,"San Francisco-Oakland-Hayward, CA",41860,"San Francisco-Oakland-Hayward, CA MSA",full_2013_msa_approximation
06003,,,6002,California Nonmetro,2013_nonmetro_approximation
06005,,,6002,California Nonmetro,2013_nonmetro_approximation
06007,17020,"Chico, CA",17020,"Chico, CA MSA",full_2013_msa_approximation
06009,,,6002,California Nonmetro,2013_nonmetro_approximation
06011,,,6002,California Nonmetro,2013_nonmetro_approximation
06013,41860,"San Francisco-Oakland-Hayward, CA",41860,"San Francisco-Oakland-Hayward, CA MSA",full_2013_msa_approximation
06015,,,6002,California Nonmetro,2013_nonmetro_approximation
06017,40900,"Sacramento--Roseville--Arden-Arcade, CA",40900,"Sacramento--Roseville--Arden-Arcade, CA MSA",full_2013_msa_approximation
06019,23420,"Fresno, CA",23420,"Fresno, CA MSA",full_2013_msa_approximation
06021,,,6002,California Nonmetro,2013_nonmetro_approximation
06023,,,6002,California Nonmetro,2013_nonmetro_approximation
06025,20940,"El Centro, CA",,,not_represented_by_published_area
06027,,,6002,California Nonmetro,2013_nonmetro_approximation
06029,12540,"Bakersfield, CA",12540,"Bakersfield, CA MSA",full_2013_msa_approximation
06031,25260,"Hanford-Corcoran, CA",25260,"Hanford-Corcoran, CA MSA",full_2013_msa_approximation
06033,,,6002,California Nonmetro,2013_nonmetro_approximation
06035,,,6002,California Nonmetro,2013_nonmetro_approximation
06037,31080,"Los Angeles-Long Beach-Anaheim, CA",31080,"Los Angeles-Long Beach-Anaheim, CA MSA",full_2013_msa_approximation
06039,31460,"Madera, CA",,,not_represented_by_published_area
06041,41860,"San Francisco-Oakland-Hayward, CA",41860,"San Francisco-Oakland-Hayward, CA MSA",full_2013_msa_approximation
06043,,,6002,California Nonmetro,2013_nonmetro_approximation
06045,,,6002,California Nonmetro,2013_nonmetro_approximation
06047,32900,"Merced, CA",,,not_represented_by_published_area
06049,,,6002,California Nonmetro,2013_nonmetro_approximation
06051,,,6002,California Nonmetro,2013_nonmetro_approximation
06053,41500,"Salinas, CA",41500,"Salinas, CA MSA",full_2013_msa_approximation
06055,34900,"Napa, CA",,,not_represented_by_published_area
06057,,,6002,California Nonmetro,2013_nonmetro_approximation
06059,31080,"Los Angeles-Long Beach-Anaheim, CA",31080,"Los Angeles-Long Beach-Anaheim, CA MSA",full_2013_msa_approximation
06061,40900,"Sacramento--Roseville--Arden-Arcade, CA",40900,"Sacramento--Roseville--Arden-Arcade, CA MSA",full_2013_msa_approximation
06063,,,6002,California Nonmetro,2013_nonmetro_approximation
06065,40140,"Riverside-San Bernardino-Ontario, CA",40140,"Riverside-San Bernardino-Ontario, CA MSA",full_2013_msa_approximation
06067,40900,"Sacramento--Roseville--Arden-Arcade, CA",40900,"Sacramento--Roseville--Arden-Arcade, CA MSA",full_2013_msa_approximation
06069,41940,"San Jose-Sunnyvale-Santa Clara, CA",41940,"San Jose-Sunnyvale-Santa Clara, CA MSA",full_2013_msa_approximation
06071,40140,"Riverside-San Bernardino-Ontario, CA",40140,"Riverside-San Bernardino-Ontario, CA MSA",full_2013_msa_approximation
06073,41740,"San Diego-Carlsbad, CA",41740,"San Diego-Carlsbad, CA MSA",full_2013_msa_approximation
06075,41860,"San Francisco-Oakland-Hayward, CA",41860,"San Francisco-Oakland-Hayward, CA MSA",full_2013_msa_approximation
06077,44700,"Stockton-Lodi, CA",44700,"Stockton-Lodi, CA MSA",full_2013_msa_approximation
06079,42020,"San Luis Obispo-Paso Robles-Arroyo Grande, CA",42020,"San Luis Obispo-Paso Robles-Arroyo Grande, CA MSA",full_2013_msa_approximation
06081,41860,"San Francisco-Oakland-Hayward, CA",41860,"San Francisco-Oakland-Hayward, CA MSA",full_2013_msa_approximation
06083,42200,"Santa Maria-Santa Barbara, CA",42200,"Santa Maria-Santa Barbara, CA MSA",full_2013_msa_approximation
06085,41940,"San Jose-Sunnyvale-Santa Clara, CA",41940,"San Jose-Sunnyvale-Santa Clara, CA MSA",full_2013_msa_approximation
06087,42100,"Santa Cruz-Watsonville, CA",42100,"Santa Cruz-Watsonville, CA MSA",full_2013_msa_approximation
06089,39820,"Redding, CA",39820,"Redding, CA MSA",full_2013_msa_approximation
06091,,,6002,California Nonmetro,2013_nonmetro_approximation
06093,,,6002,California Nonmetro,2013_nonmetro_approximation
06095,46700,"Vallejo-Fairfield, CA",46700,"Vallejo-Fairfield, CA MSA",full_2013_msa_approximation
06097,42220,"Santa Rosa, CA",42220,"Santa Rosa, CA MSA",full_2013_msa_approximation
06099,33700,"Modesto, CA",33700,"Modesto, CA MSA",full_2013_msa_approximation
06101,49700,"Yuba City, CA",,,not_represented_by_published_area
06103,,,6002,California Nonmetro,2013_nonmetro_approximation
06105,,,6002,California Nonmetro,2013_nonmetro_approximation
06107,47300,"Visalia-Porterville, CA",47300,"Visalia-Porterville, CA MSA",full_2013_msa_approximation
06109,,,6002,California Nonmetro,2013_nonmetro_approximation
06111,37100,"Oxnard-Thousand Oaks-Ventura, CA",37100,"Oxnard-Thousand Oaks-Ventura, CA MSA",full_2013_msa_approximation
06113,40900,"Sacramento--Roseville--Arden-Arcade, CA",40900,"Sacramento--Roseville--Arden-Arcade, CA MSA",full_2013_msa_approximation
06115,49700,"Yuba City, CA",,,not_represented_by_published_area
08001,19740,"Denver-Aurora-Lakewood, CO",19740,"Denver-Aurora-Lakewood, CO MSA",full_2013_msa_approximation
08003,,,8002,Colorado Nonmetro,2013_nonmetro_approximation
08005,19740,"Denver-Aurora-Lakewood, CO",19740,"Denver-Aurora-Lakewood, CO MSA",full_2013_msa_approximation
08007,,,8002,Colorado Nonmetro,2013_nonmetro_approximation
08009,,,8002,Colorado Nonmetro,2013_nonmetro_approximation
08011,,,8002,Colorado Nonmetro,2013_nonmetro_approximation
08013,14500,"Boulder, CO",14500,"Boulder, CO MSA",full_2013_msa_approximation
08014,19740,"Denver-Aurora-Lakewood, CO",19740,"Denver-Aurora-Lakewood, CO MSA",full_2013_msa_approximation
08015,,,8002,Colorado Nonmetro,2013_nonmetro_approximation
08017,,,8002,Colorado Nonmetro,2013_nonmetro_approximation
08019,19740,"Denver-Aurora-Lakewood, CO",19740,"Denver-Aurora-Lakewood, CO MSA",full_2013_msa_approximation
08021,,,8002,Colorado Nonmetro,2013_nonmetro_approximation
08023,,,8002,Colorado Nonmetro,2013_nonmetro_approximation
08025,,,8002,Colorado Nonmetro,2013_nonmetro_approximation
08027,,,8002,Colorado Nonmetro,2013_nonmetro_approximation
08029,,,8002,Colorado Nonmetro,2013_nonmetro_approximation
08031,19740,"Denver-Aurora-Lakewood, CO",19740,"Denver-Aurora-Lakewood, CO MSA",full_2013_msa_approximation
08033,,,8002,Colorado Nonmetro,2013_nonmetro_approximation
08035,19740,"Denver-Aurora-Lakewood, CO",19740,"Denver-Aurora-Lakewood, CO MSA",full_2013_msa_approximation
08037,,,8002,Colorado Nonmetro,2013_nonmetro_approximation
08039,19740,"Denver-Aurora-Lakewood, CO",19740,"Denver-Aurora-Lakewood, CO MSA",full_2013_msa_approximation
08041,17820,"Colorado Springs, CO",17820,"Colorado Springs, CO MSA",full_2013_msa_approximation
08043,,,8002,Colorado Nonmetro,2013_nonmetro_approximation
08045,,,8002,Colorado Nonmetro,2013_nonmetro_approximation
08047,19740,"Denver-Aurora-Lakewood, CO",19740,"Denver-Aurora-Lakewood, CO MSA",full_2013_msa_approximation
08049,,,8002,Colorado Nonmetro,2013_nonmetro_approximation
08051,,,8002,Colorado Nonmetro,2013_nonmetro_approximation
08053,,,8002,Colorado Nonmetro,2013_nonmetro_approximation
08055,,,8002,Colorado Nonmetro,2013_nonmetro_approximation
08057,,,8002,Colorado Nonmetro,2013_nonmetro_approximation
08059,19740,"Denver-Aurora-Lakewood, CO",19740,"Denver-Aurora-Lakewood, CO MSA",full_2013_msa_approximation
08061,,,8002,Colorado Nonmetro,2013_nonmetro_approximation
08063,,,8002,Colorado Nonmetro,2013_nonmetro_approximation
08065,,,8002,Colorado Nonmetro,2013_nonmetro_approximation
08067,,,8002,Colorado Nonmetro,2013_nonmetro_approximation
08069,22660,"Fort Collins, CO",22660,"Fort Collins, CO MSA",full_2013_msa_approximation
08071,,,8002,Colorado Nonmetro,2013_nonmetro_approximation
08073,,,8002,Colorado Nonmetro,2013_nonmetro_approximation
08075,,,8002,Colorado Nonmetro,2013_nonmetro_approximation
08077,24300,"Grand Junction, CO",,,not_represented_by_published_area
08079,,,8002,Colorado Nonmetro,2013_nonmetro_approximation
08081,,,8002,Colorado Nonmetro,2013_nonmetro_approximation
08083,,,8002,Colorado Nonmetro,2013_nonmetro_approximation
08085,,,8002,Colorado Nonmetro,2013_nonmetro_approximation
08087,,,8002,Colorado Nonmetro,2013_nonmetro_approximation
08089,,,8002,Colorado Nonmetro,2013_nonmetro_approximation
08091,,,8002,Colorado Nonmetro,2013_nonmetro_approximation
08093,19740,"Denver-Aurora-Lakewood, CO",19740,"Denver-Aurora-Lakewood, CO MSA",full_2013_msa_approximation
08095,,,8002,Colorado Nonmetro,2013_nonmetro_approximation
08097,,,8002,Colorado Nonmetro,2013_nonmetro_approximation
08099,,,8002,Colorado Nonmetro,2013_nonmetro_approximation
08101,39380,"Pueblo, CO",,,not_represented_by_published_area
08103,,,8002,Colorado Nonmetro,2013_nonmetro_approximation
08105,,,8002,Colorado Nonmetro,2013_nonmetro_approximation
08107,,,8002,Colorado Nonmetro,2013_nonmetro_approximation
08109,,,8002,Colorado Nonmetro,2013_nonmetro_approximation
08111,,,8002,Colorado Nonmetro,2013_nonmetro_approximation
08113,,,8002,Colorado Nonmetro,2013_nonmetro_approximation
08115,,,8002,Colorado Nonmetro,2013_nonmetro_approximation
08117,,,8002,Colorado Nonmetro,2013_nonmetro_approximation
08119,17820,"Colorado Springs, CO",17820,"Colorado Springs, CO MSA",full_2013_msa_approximation
08121,,,8002,Colorado Nonmetro,2013_nonmetro_approximation
08123,24540,"Greeley, CO",24540,"Greeley, CO MSA",full_2013_msa_approximation
08125,,,8002,Colorado Nonmetro,2013_nonmetro_approximation
09001,14860,"Bridgeport-Stamford-Norwalk, CT",14860,"Bridgeport-Stamford-Norwalk, CT MSA",full_2013_msa_approximation
09003,25540,"Hartford-West Hartford-East Hartford, CT",25540,"Hartford-West Hartford-East Hartford, CT MSA",full_2013_msa_approximation
09005,,,9002,Connecticut Nonmetro,2013_nonmetro_approximation
09007,25540,"Hartford-West Hartford-East Hartford, CT",25540,"Hartford-West Hartford-East Hartford, CT MSA",full_2013_msa_approximation
09009,35300,"New Haven-Milford, CT",35300,"New Haven-Milford, CT MSA",full_2013_msa_approximation
09011,35980,"Norwich-New London, CT",35980,"Norwich-New London, CT MSA",full_2013_msa_approximation
09013,25540,"Hartford-West Hartford-East Hartford, CT",25540,"Hartford-West Hartford-East Hartford, CT MSA",full_2013_msa_approximation
09015,49340,"Worcester, MA-CT",49340,"Worcester, MA-CT MSA",full_2013_msa_approximation
10001,20100,"Dover, DE",20100,"Dover, DE MSA",full_2013_msa_approximation
10003,37980,"Philadelphia-Camden-Wilmington, PA-NJ-DE-MD",37980,"Philadelphia-Camden-Wilmington, PA-NJ-DE-MD MSA",full_2013_msa_approximation
10005,41540,"Salisbury, MD-DE",41540,"Salisbury, MD-DE MSA",full_2013_msa_approximation
11001,47900,"Washington-Arlington-Alexandria, DC-VA-MD-WV",47900,"Washington-Arlington-Alexandria, DC-VA-MD-WV MSA",full_2013_msa_approximation
12001,23540,"Gainesville, FL",23540,"Gainesville, FL MSA",full_2013_msa_approximation
12003,27260,"Jacksonville, FL",27260,"Jacksonville, FL MSA",full_2013_msa_approximation
12005,37460,"Panama City, FL",37460,"Panama City, FL MSA",full_2013_msa_approximation
12007,,,12002,Florida Nonmetro,2013_nonmetro_approximation
12009,37340,"Palm Bay-Melbourne-Titusville, FL",37340,"Palm Bay-Melbourne-Titusville, FL MSA",full_2013_msa_approximation
12011,33100,"Miami-Fort Lauderdale-West Palm Beach, FL",33100,"Miami-Fort Lauderdale-West Palm Beach, FL MSA",full_2013_msa_approximation
12013,,,12002,Florida Nonmetro,2013_nonmetro_approximation
12015,39460,"Punta Gorda, FL",12001,Florida Metro,unidentified_2013_metro_residual_approximation
12017,26140,"Homosassa Springs, FL",12001,Florida Metro,unidentified_2013_metro_residual_approximation
12019,27260,"Jacksonville, FL",27260,"Jacksonville, FL MSA",full_2013_msa_approximation
12021,34940,"Naples-Immokalee-Marco Island, FL",34940,"Naples-Immokalee-Marco Island, FL MSA",full_2013_msa_approximation
12023,,,12002,Florida Nonmetro,2013_nonmetro_approximation
12027,,,12002,Florida Nonmetro,2013_nonmetro_approximation
12029,,,12002,Florida Nonmetro,2013_nonmetro_approximation
12031,27260,"Jacksonville, FL",27260,"Jacksonville, FL MSA",full_2013_msa_approximation
12033,37860,"Pensacola-Ferry Pass-Brent, FL",37860,"Pensacola-Ferry Pass-Brent, FL MSA",full_2013_msa_approximation
12035,19660,"Deltona-Daytona Beach-Ormond Beach, FL",19660,"Deltona-Daytona Beach-Ormond Beach, FL MSA",full_2013_msa_approximation
12037,,,12002,Florida Nonmetro,2013_nonmetro_approximation
12039,45220,"Tallahassee, FL",45220,"Tallahassee, FL MSA",full_2013_msa_approximation
12041,23540,"Gainesville, FL",23540,"Gainesville, FL MSA",full_2013_msa_approximation
12043,,,12002,Florida Nonmetro,2013_nonmetro_approximation
12045,37460,"Panama City, FL",37460,"Panama City, FL MSA",full_2013_msa_approximation
12047,,,12002,Florida Nonmetro,2013_nonmetro_approximation
12049,,,12002,Florida Nonmetro,2013_nonmetro_approximation
12051,,,12002,Florida Nonmetro,2013_nonmetro_approximation
12053,45300,"Tampa-St. Petersburg-Clearwater, FL",45300,"Tampa-St. Petersburg-Clearwater, FL MSA",full_2013_msa_approximation
12055,42700,"Sebring, FL",12001,Florida Metro,unidentified_2013_metro_residual_approximation
12057,45300,"Tampa-St. Petersburg-Clearwater, FL",45300,"Tampa-St. Petersburg-Clearwater, FL MSA",full_2013_msa_approximation
12059,,,12002,Florida Nonmetro,2013_nonmetro_approximation
12061,42680,"Sebastian-Vero Beach, FL",12001,Florida Metro,unidentified_2013_metro_residual_approximation
12063,,,12002,Florida Nonmetro,2013_nonmetro_approximation
12065,45220,"Tallahassee, FL",45220,"Tallahassee, FL MSA",full_2013_msa_approximation
12067,,,12002,Florida Nonmetro,2013_nonmetro_approximation
12069,36740,"Orlando-Kissimmee-Sanford, FL",36740,"Orlando-Kissimmee-Sanford, FL MSA",full_2013_msa_approximation
12071,15980,"Cape Coral-Fort Myers, FL",15980,"Cape Coral-Fort Myers, FL MSA",full_2013_msa_approximation
12073,45220,"Tallahassee, FL",45220,"Tallahassee, FL MSA",full_2013_msa_approximation
12075,,,12002,Florida Nonmetro,2013_nonmetro_approximation
12077,,,12002,Florida Nonmetro,2013_nonmetro_approximation
12079,,,12002,Florida Nonmetro,2013_nonmetro_approximation
12081,35840,"North Port-Sarasota-Bradenton, FL",35840,"North Port-Sarasota-Bradenton, FL MSA",full_2013_msa_approximation
12083,36100,"Ocala, FL",36100,"Ocala, FL MSA",full_2013_msa_approximation
12085,38940,"Port St. Lucie, FL",38940,"Port St. Lucie, FL MSA",full_2013_msa_approximation
12086,33100,"Miami-Fort Lauderdale-West Palm Beach, FL",33100,"Miami-Fort Lauderdale-West Palm Beach, FL MSA",full_2013_msa_approximation
12087,,,12002,Florida Nonmetro,2013_nonmetro_approximation
12089,27260,"Jacksonville, FL",27260,"Jacksonville, FL MSA",full_2013_msa_approximation
12091,18880,"Crestview-Fort Walton Beach-Destin, FL",12001,Florida Metro,unidentified_2013_metro_residual_approximation
12093,,,12002,Florida Nonmetro,2013_nonmetro_approximation
12095,36740,"Orlando-Kissimmee-Sanford, FL",36740,"Orlando-Kissimmee-Sanford, FL MSA",full_2013_msa_approximation
12097,36740,"Orlando-Kissimmee-Sanford, FL",36740,"Orlando-Kissimmee-Sanford, FL MSA",full_2013_msa_approximation
12099,33100,"Miami-Fort Lauderdale-West Palm Beach, FL",33100,"Miami-Fort Lauderdale-West Palm Beach, FL MSA",full_2013_msa_approximation
12101,45300,"Tampa-St. Petersburg-Clearwater, FL",45300,"Tampa-St. Petersburg-Clearwater, FL MSA",full_2013_msa_approximation
12103,45300,"Tampa-St. Petersburg-Clearwater, FL",45300,"Tampa-St. Petersburg-Clearwater, FL MSA",full_2013_msa_approximation
12105,29460,"Lakeland-Winter Haven, FL",29460,"Lakeland-Winter Haven, FL MSA",full_2013_msa_approximation
12107,,,12002,Florida Nonmetro,2013_nonmetro_approximation
12109,27260,"Jacksonville, FL",27260,"Jacksonville, FL MSA",full_2013_msa_approximation
12111,38940,"Port St. Lucie, FL",38940,"Port St. Lucie, FL MSA",full_2013_msa_approximation
12113,37860,"Pensacola-Ferry Pass-Brent, FL",37860,"Pensacola-Ferry Pass-Brent, FL MSA",full_2013_msa_approximation
12115,35840,"North Port-Sarasota-Bradenton, FL",35840,"North Port-Sarasota-Bradenton, FL MSA",full_2013_msa_approximation
12117,36740,"Orlando-Kissimmee-Sanford, FL",36740,"Orlando-Kissimmee-Sanford, FL MSA",full_2013_msa_approximation
12119,45540,"The Villages, FL",12001,Florida Metro,unidentified_2013_metro_residual_approximation
12121,,,12002,Florida Nonmetro,2013_nonmetro_approximation
12123,,,12002,Florida Nonmetro,2013_nonmetro_approximation
12125,,,12002,Florida Nonmetro,2013_nonmetro_approximation
12127,19660,"Deltona-Daytona Beach-Ormond Beach, FL",19660,"Deltona-Daytona Beach-Ormond Beach, FL MSA",full_2013_msa_approximation
12129,45220,"Tallahassee, FL",45220,"Tallahassee, FL MSA",full_2013_msa_approximation
12131,18880,"Crestview-Fort Walton Beach-Destin, FL",12001,Florida Metro,unidentified_2013_metro_residual_approximation
12133,,,12002,Florida Nonmetro,2013_nonmetro_approximation
13001,,,13002,Georgia Nonmetro,2013_nonmetro_approximation
13003,,,13002,Georgia Nonmetro,2013_nonmetro_approximation
13005,,,13002,Georgia Nonmetro,2013_nonmetro_approximation
13007,10500,"Albany, GA",13001,Georgia Metro,unidentified_2013_metro_residual_approximation
13009,,,13002,Georgia Nonmetro,2013_nonmetro_approximation
13011,,,13002,Georgia Nonmetro,2013_nonmetro_approximation
13013,12060,"Atlanta-Sandy Springs-Roswell, GA",12060,"Atlanta-Sandy Springs-Roswell, GA MSA",full_2013_msa_approximation
13015,12060,"Atlanta-Sandy Springs-Roswell, GA",12060,"Atlanta-Sandy Springs-Roswell, GA MSA",full_2013_msa_approximation
13017,,,13002,Georgia Nonmetro,2013_nonmetro_approximation
13019,,,13002,Georgia Nonmetro,2013_nonmetro_approximation
13021,31420,"Macon, GA",31420,"Macon, GA MSA",full_2013_msa_approximation
13023,,,13002,Georgia Nonmetro,2013_nonmetro_approximation
13025,15260,"Brunswick, GA",13001,Georgia Metro,unidentified_2013_metro_residual_approximation
13027,46660,"Valdosta, GA",13001,Georgia Metro,unidentified_2013_metro_residual_approximation
13029,42340,"Savannah, GA",42340,"Savannah, GA MSA",full_2013_msa_approximation
13031,,,13002,Georgia Nonmetro,2013_nonmetro_approximation
13033,12260,"Augusta-Richmond County, GA-SC",12260,"Augusta-Richmond County, GA-SC MSA",full_2013_msa_approximation
13035,12060,"Atlanta-Sandy Springs-Roswell, GA",12060,"Atlanta-Sandy Springs-Roswell, GA MSA",full_2013_msa_approximation
13037,,,13002,Georgia Nonmetro,2013_nonmetro_approximation
13039,,,13002,Georgia Nonmetro,2013_nonmetro_approximation
13043,,,13002,Georgia Nonmetro,2013_nonmetro_approximation
13045,12060,"Atlanta-Sandy Springs-Roswell, GA",12060,"Atlanta-Sandy Springs-Roswell, GA MSA",full_2013_msa_approximation
13047,16860,"Chattanooga, TN-GA",16860,"Chattanooga, TN-GA MSA",full_2013_msa_approximation
13049,,,13002,Georgia Nonmetro,2013_nonmetro_approximation
13051,42340,"Savannah, GA",42340,"Savannah, GA MSA",full_2013_msa_approximation
13053,17980,"Columbus, GA-AL",17980,"Columbus, GA-AL MSA",full_2013_msa_approximation
13055,,,13002,Georgia Nonmetro,2013_nonmetro_approximation
13057,12060,"Atlanta-Sandy Springs-Roswell, GA",12060,"Atlanta-Sandy Springs-Roswell, GA MSA",full_2013_msa_approximation
13059,12020,"Athens-Clarke County, GA",12020,"Athens-Clarke County, GA MSA",full_2013_msa_approximation
13061,,,13002,Georgia Nonmetro,2013_nonmetro_approximation
13063,12060,"Atlanta-Sandy Springs-Roswell, GA",12060,"Atlanta-Sandy Springs-Roswell, GA MSA",full_2013_msa_approximation
13065,,,13002,Georgia Nonmetro,2013_nonmetro_approximation
13067,12060,"Atlanta-Sandy Springs-Roswell, GA",12060,"Atlanta-Sandy Springs-Roswell, GA MSA",full_2013_msa_approximation
13069,,,13002,Georgia Nonmetro,2013_nonmetro_approximation
13071,,,13002,Georgia Nonmetro,2013_nonmetro_approximation
13073,12260,"Augusta-Richmond County, GA-SC",12260,"Augusta-Richmond County, GA-SC MSA",full_2013_msa_approximation
13075,,,13002,Georgia Nonmetro,2013_nonmetro_approximation
13077,12060,"Atlanta-Sandy Springs-Roswell, GA",12060,"Atlanta-Sandy Springs-Roswell, GA MSA",full_2013_msa_approximation
13079,31420,"Macon, GA",31420,"Macon, GA MSA",full_2013_msa_approximation
13081,,,13002,Georgia Nonmetro,2013_nonmetro_approximation
13083,16860,"Chattanooga, TN-GA",16860,"Chattanooga, TN-GA MSA",full_2013_msa_approximation
13085,12060,"Atlanta-Sandy Springs-Roswell, GA",12060,"Atlanta-Sandy Springs-Roswell, GA MSA",full_2013_msa_approximation
13087,,,13002,Georgia Nonmetro,2013_nonmetro_approximation
13089,12060,"Atlanta-Sandy Springs-Roswell, GA",12060,"Atlanta-Sandy Springs-Roswell, GA MSA",full_2013_msa_approximation
13091,,,13002,Georgia Nonmetro,2013_nonmetro_approximation
13093,,,13002,Georgia Nonmetro,2013_nonmetro_approximation
13095,10500,"Albany, GA",13001,Georgia Metro,unidentified_2013_metro_residual_approximation
13097,12060,"Atlanta-Sandy Springs-Roswell, GA",12060,"Atlanta-Sandy Springs-Roswell, GA MSA",full_2013_msa_approximation
13099,,,13002,Georgia Nonmetro,2013_nonmetro_approximation
13101,46660,"Valdosta, GA",13001,Georgia Metro,unidentified_2013_metro_residual_approximation
13103,42340,"Savannah, GA",42340,"Savannah, GA MSA",full_2013_msa_approximation
13105,,,13002,Georgia Nonmetro,2013_nonmetro_approximation
13107,,,13002,Georgia Nonmetro,2013_nonmetro_approximation
13109,,,13002,Georgia Nonmetro,2013_nonmetro_approximation
13111,,,13002,Georgia Nonmetro,2013_nonmetro_approximation
13113,12060,"Atlanta-Sandy Springs-Roswell, GA",12060,"Atlanta-Sandy Springs-Roswell, GA MSA",full_2013_msa_approximation
13115,40660,"Rome, GA",13001,Georgia Metro,unidentified_2013_metro_residual_approximation
13117,12060,"Atlanta-Sandy Springs-Roswell, GA",12060,"Atlanta-Sandy Springs-Roswell, GA MSA",full_2013_msa_approximation
13119,,,13002,Georgia Nonmetro,2013_nonmetro_approximation
13121,12060,"Atlanta-Sandy Springs-Roswell, GA",12060,"Atlanta-Sandy Springs-Roswell, GA MSA",full_2013_msa_approximation
13123,,,13002,Georgia Nonmetro,2013_nonmetro_approximation
13125,,,13002,Georgia Nonmetro,2013_nonmetro_approximation
13127,15260,"Brunswick, GA",13001,Georgia Metro,unidentified_2013_metro_residual_approximation
13129,,,13002,Georgia Nonmetro,2013_nonmetro_approximation
13131,,,13002,Georgia Nonmetro,2013_nonmetro_approximation
13133,,,13002,Georgia Nonmetro,2013_nonmetro_approximation
13135,12060,"Atlanta-Sandy Springs-Roswell, GA",12060,"Atlanta-Sandy Springs-Roswell, GA MSA",full_2013_msa_approximation
13137,,,13002,Georgia Nonmetro,2013_nonmetro_approximation
13139,23580,"Gainesville, GA",23580,"Gainesville, GA MSA",full_2013_msa_approximation
13141,,,13002,Georgia Nonmetro,2013_nonmetro_approximation
13143,12060,"Atlanta-Sandy Springs-Roswell, GA",12060,"Atlanta-Sandy Springs-Roswell, GA MSA",full_2013_msa_approximation
13145,17980,"Columbus, GA-AL",17980,"Columbus, GA-AL MSA",full_2013_msa_approximation
13147,,,13002,Georgia Nonmetro,2013_nonmetro_approximation
13149,12060,"Atlanta-Sandy Springs-Roswell, GA",12060,"Atlanta-Sandy Springs-Roswell, GA MSA",full_2013_msa_approximation
13151,12060,"Atlanta-Sandy Springs-Roswell, GA",12060,"Atlanta-Sandy Springs-Roswell, GA MSA",full_2013_msa_approximation
13153,47580,"Warner Robins, GA",47580,"Warner Robins, GA MSA",full_2013_msa_approximation
13155,,,13002,Georgia Nonmetro,2013_nonmetro_approximation
13157,,,13002,Georgia Nonmetro,2013_nonmetro_approximation
13159,12060,"Atlanta-Sandy Springs-Roswell, GA",12060,"Atlanta-Sandy Springs-Roswell, GA MSA",full_2013_msa_approximation
13161,,,13002,Georgia Nonmetro,2013_nonmetro_approximation
13163,,,13002,Georgia Nonmetro,2013_nonmetro_approximation
13165,,,13002,Georgia Nonmetro,2013_nonmetro_approximation
13167,,,13002,Georgia Nonmetro,2013_nonmetro_approximation
13169,31420,"Macon, GA",31420,"Macon, GA MSA",full_2013_msa_approximation
13171,12060,"Atlanta-Sandy Springs-Roswell, GA",12060,"Atlanta-Sandy Springs-Roswell, GA MSA",full_2013_msa_approximation
13173,46660,"Valdosta, GA",13001,Georgia Metro,unidentified_2013_metro_residual_approximation
13175,,,13002,Georgia Nonmetro,2013_nonmetro_approximation
13177,10500,"Albany, GA",13001,Georgia Metro,unidentified_2013_metro_residual_approximation
13179,25980,"Hinesville, GA",13001,Georgia Metro,unidentified_2013_metro_residual_approximation
13181,12260,"Augusta-Richmond County, GA-SC",12260,"Augusta-Richmond County, GA-SC MSA",full_2013_msa_approximation
13183,25980,"Hinesville, GA",13001,Georgia Metro,unidentified_2013_metro_residual_approximation
13185,46660,"Valdosta, GA",13001,Georgia Metro,unidentified_2013_metro_residual_approximation
13187,,,13002,Georgia Nonmetro,2013_nonmetro_approximation
13189,12260,"Augusta-Richmond County, GA-SC",12260,"Augusta-Richmond County, GA-SC MSA",full_2013_msa_approximation
13191,15260,"Brunswick, GA",13001,Georgia Metro,unidentified_2013_metro_residual_approximation
13193,,,13002,Georgia Nonmetro,2013_nonmetro_approximation
13195,12020,"Athens-Clarke County, GA",12020,"Athens-Clarke County, GA MSA",full_2013_msa_approximation
13197,17980,"Columbus, GA-AL",17980,"Columbus, GA-AL MSA",full_2013_msa_approximation
13199,12060,"Atlanta-Sandy Springs-Roswell, GA",12060,"Atlanta-Sandy Springs-Roswell, GA MSA",full_2013_msa_approximation
13201,,,13002,Georgia Nonmetro,2013_nonmetro_approximation
13205,,,13002,Georgia Nonmetro,2013_nonmetro_approximation
13207,31420,"Macon, GA",31420,"Macon, GA MSA",full_2013_msa_approximation
13209,,,13002,Georgia Nonmetro,2013_nonmetro_approximation
13211,12060,"Atlanta-Sandy Springs-Roswell, GA",12060,"Atlanta-Sandy Springs-Roswell, GA MSA",full_2013_msa_approximation
13213,19140,"Dalton, GA",13001,Georgia Metro,unidentified_2013_metro_residual_approximation
13215,17980,"Columbus, GA-AL",17980,"Columbus, GA-AL MSA",full_2013_msa_approximation
13217,12060,"Atlanta-Sandy Springs-Roswell, GA",12060,"Atlanta-Sandy Springs-Roswell, GA MSA",full_2013_msa_approximation
13219,12020,"Athens-Clarke County, GA",12020,"Athens-Clarke County, GA MSA",full_2013_msa_approximation
13221,12020,"Athens-Clarke County, GA",12020,"Athens-Clarke County, GA MSA",full_2013_msa_approximation
13223,12060,"Atlanta-Sandy Springs-Roswell, GA",12060,"Atlanta-Sandy Springs-Roswell, GA MSA",full_2013_msa_approximation
13225,47580,"Warner Robins, GA",47580,"Warner Robins, GA MSA",full_2013_msa_approximation
13227,12060,"Atlanta-Sandy Springs-Roswell, GA",12060,"Atlanta-Sandy Springs-Roswell, GA MSA",full_2013_msa_approximation
13229,,,13002,Georgia Nonmetro,2013_nonmetro_approximation
13231,12060,"Atlanta-Sandy Springs-Roswell, GA",12060,"Atlanta-Sandy Springs-Roswell, GA MSA",full_2013_msa_approximation
13233,,,13002,Georgia Nonmetro,2013_nonmetro_approximation
13235,47580,"Warner Robins, GA",47580,"Warner Robins, GA MSA",full_2013_msa_approximation
13237,,,13002,Georgia Nonmetro,2013_nonmetro_approximation
13239,,,13002,Georgia Nonmetro,2013_nonmetro_approximation
13241,,,13002,Georgia Nonmetro,2013_nonmetro_approximation
13243,,,13002,Georgia Nonmetro,2013_nonmetro_approximation
13245,12260,"Augusta-Richmond County, GA-SC",12260,"Augusta-Richmond County, GA-SC MSA",full_2013_msa_approximation
13247,12060,"Atlanta-Sandy Springs-Roswell, GA",12060,"Atlanta-Sandy Springs-Roswell, GA MSA",full_2013_msa_approximation
13249,,,13002,Georgia Nonmetro,2013_nonmetro_approximation
13251,,,13002,Georgia Nonmetro,2013_nonmetro_approximation
13253,,,13002,Georgia Nonmetro,2013_nonmetro_approximation
13255,12060,"Atlanta-Sandy Springs-Roswell, GA",12060,"Atlanta-Sandy Springs-Roswell, GA MSA",full_2013_msa_approximation
13257,,,13002,Georgia Nonmetro,2013_nonmetro_approximation
13259,,,13002,Georgia Nonmetro,2013_nonmetro_approximation
13261,,,13002,Georgia Nonmetro,2013_nonmetro_approximation
13263,,,13002,Georgia Nonmetro,2013_nonmetro_approximation
13265,,,13002,Georgia Nonmetro,2013_nonmetro_approximation
13267,,,13002,Georgia Nonmetro,2013_nonmetro_approximation
13269,,,13002,Georgia Nonmetro,2013_nonmetro_approximation
13271,,,13002,Georgia Nonmetro,2013_nonmetro_approximation
13273,10500,"Albany, GA",13001,Georgia Metro,unidentified_2013_metro_residual_approximation
13275,,,13002,Georgia Nonmetro,2013_nonmetro_approximation
13277,,,13002,Georgia Nonmetro,2013_nonmetro_approximation
13279,,,13002,Georgia Nonmetro,2013_nonmetro_approximation
13281,,,13002,Georgia Nonmetro,2013_nonmetro_approximation
13283,,,13002,Georgia Nonmetro,2013_nonmetro_approximation
13285,,,13002,Georgia Nonmetro,2013_nonmetro_approximation
13287,,,13002,Georgia Nonmetro,2013_nonmetro_approximation
13289,31420,"Macon, GA",31420,"Macon, GA MSA",full_2013_msa_approximation
13291,,,13002,Georgia Nonmetro,2013_nonmetro_approximation
13293,,,13002,Georgia Nonmetro,2013_nonmetro_approximation
13295,16860,"Chattanooga, TN-GA",16860,"Chattanooga, TN-GA MSA",full_2013_msa_approximation
13297,12060,"Atlanta-Sandy Springs-Roswell, GA",12060,"Atlanta-Sandy Springs-Roswell, GA MSA",full_2013_msa_approximation
13299,,,13002,Georgia Nonmetro,2013_nonmetro_approximation
13301,,,13002,Georgia Nonmetro,2013_nonmetro_approximation
13303,,,13002,Georgia Nonmetro,2013_nonmetro_approximation
13305,,,13002,Georgia Nonmetro,2013_nonmetro_approximation
13307,,,13002,Georgia Nonmetro,2013_nonmetro_approximation
13309,,,13002,Georgia Nonmetro,2013_nonmetro_approximation
13311,,,13002,Georgia Nonmetro,2013_nonmetro_approximation
13313,19140,"Dalton, GA",13001,Georgia Metro,unidentified_2013_metro_residual_approximation
13315,,,13002,Georgia Nonmetro,2013_nonmetro_approximation
13317,,,13002,Georgia Nonmetro,2013_nonmetro_approximation
13319,,,13002,Georgia Nonmetro,2013_nonmetro_approximation
13321,10500,"Albany, GA",13001,Georgia Metro,unidentified_2013_metro_residual_approximation
15001,,,15002,Hawaii Nonmetro,2013_nonmetro_approximation
15003,46520,"Urban Honolulu, HI",46520,"Urban Honolulu, HI MSA",full_2013_msa_approximation
15005,27980,"Kahului-Wailuku-Lahaina, HI",27980,"Kahului-Wailuku-Lahaina, HI MSA",full_2013_msa_approximation
15007,,,15002,Hawaii Nonmetro,2013_nonmetro_approximation
15009,27980,"Kahului-Wailuku-Lahaina, HI",27980,"Kahului-Wailuku-Lahaina, HI MSA",full_2013_msa_approximation
16001,14260,"Boise City, ID",14260,"Boise City, ID MSA",full_2013_msa_approximation
16003,,,16002,Idaho Nonmetro,2013_nonmetro_approximation
16005,38540,"Pocatello, ID",16001,Idaho Metro,unidentified_2013_metro_residual_approximation
16007,,,16002,Idaho Nonmetro,2013_nonmetro_approximation
16009,,,16002,Idaho Nonmetro,2013_nonmetro_approximation
16011,,,16002,Idaho Nonmetro,2013_nonmetro_approximation
16013,,,16002,Idaho Nonmetro,2013_nonmetro_approximation
16015,14260,"Boise City, ID",14260,"Boise City, ID MSA",full_2013_msa_approximation
16017,,,16002,Idaho Nonmetro,2013_nonmetro_approximation
16019,26820,"Idaho Falls, ID",26820,"Idaho Falls, ID MSA",full_2013_msa_approximation
16021,,,16002,Idaho Nonmetro,2013_nonmetro_approximation
16023,26820,"Idaho Falls, ID",26820,"Idaho Falls, ID MSA",full_2013_msa_approximation
16025,,,16002,Idaho Nonmetro,2013_nonmetro_approximation
16027,14260,"Boise City, ID",14260,"Boise City, ID MSA",full_2013_msa_approximation
16029,,,16002,Idaho Nonmetro,2013_nonmetro_approximation
16031,,,16002,Idaho Nonmetro,2013_nonmetro_approximation
16033,,,16002,Idaho Nonmetro,2013_nonmetro_approximation
16035,,,16002,Idaho Nonmetro,2013_nonmetro_approximation
16037,,,16002,Idaho Nonmetro,2013_nonmetro_approximation
16039,,,16002,Idaho Nonmetro,2013_nonmetro_approximation
16041,30860,"Logan, UT-ID",16001,Idaho Metro,unidentified_2013_metro_residual_approximation
16043,,,16002,Idaho Nonmetro,2013_nonmetro_approximation
16045,14260,"Boise City, ID",14260,"Boise City, ID MSA",full_2013_msa_approximation
16047,,,16002,Idaho Nonmetro,2013_nonmetro_approximation
16049,,,16002,Idaho Nonmetro,2013_nonmetro_approximation
16051,26820,"Idaho Falls, ID",26820,"Idaho Falls, ID MSA",full_2013_msa_approximation
16053,,,16002,Idaho Nonmetro,2013_nonmetro_approximation
16055,17660,"Coeur d'Alene, ID",17660,"Coeur d'Alene, ID MSA",full_2013_msa_approximation
16057,,,16002,Idaho Nonmetro,2013_nonmetro_approximation
16059,,,16002,Idaho Nonmetro,2013_nonmetro_approximation
16061,,,16002,Idaho Nonmetro,2013_nonmetro_approximation
16063,,,16002,Idaho Nonmetro,2013_nonmetro_approximation
16065,,,16002,Idaho Nonmetro,2013_nonmetro_approximation
16067,,,16002,Idaho Nonmetro,2013_nonmetro_approximation
16069,30300,"Lewiston, ID-WA",16001,Idaho Metro,unidentified_2013_metro_residual_approximation
16071,,,16002,Idaho Nonmetro,2013_nonmetro_approximation
16073,14260,"Boise City, ID",14260,"Boise City, ID MSA",full_2013_msa_approximation
16075,,,16002,Idaho Nonmetro,2013_nonmetro_approximation
16077,,,16002,Idaho Nonmetro,2013_nonmetro_approximation
16079,,,16002,Idaho Nonmetro,2013_nonmetro_approximation
16081,,,16002,Idaho Nonmetro,2013_nonmetro_approximation
16083,,,16002,Idaho Nonmetro,2013_nonmetro_approximation
16085,,,16002,Idaho Nonmetro,2013_nonmetro_approximation
16087,,,16002,Idaho Nonmetro,2013_nonmetro_approximation
17001,,,17002,Illinois Nonmetro,2013_nonmetro_approximation
17003,16020,"Cape Girardeau, MO-IL",17001,Illinois Metro,unidentified_2013_metro_residual_approximation
17005,41180,"St. Louis, MO-IL",41180,"St. Louis, MO-IL MSA",full_2013_msa_approximation
17007,40420,"Rockford, IL",40420,"Rockford, IL MSA",full_2013_msa_approximation
17009,,,17002,Illinois Nonmetro,2013_nonmetro_approximation
17011,,,17002,Illinois Nonmetro,2013_nonmetro_approximation
17013,41180,"St. Louis, MO-IL",41180,"St. Louis, MO-IL MSA",full_2013_msa_approximation
17015,,,17002,Illinois Nonmetro,2013_nonmetro_approximation
17017,,,17002,Illinois Nonmetro,2013_nonmetro_approximation
17019,16580,"Champaign-Urbana, IL",16580,"Champaign-Urbana, IL MSA",full_2013_msa_approximation
17021,,,17002,Illinois Nonmetro,2013_nonmetro_approximation
17023,,,17002,Illinois Nonmetro,2013_nonmetro_approximation
17025,,,17002,Illinois Nonmetro,2013_nonmetro_approximation
17027,41180,"St. Louis, MO-IL",41180,"St. Louis, MO-IL MSA",full_2013_msa_approximation
17029,,,17002,Illinois Nonmetro,2013_nonmetro_approximation
17031,16980,"Chicago-Naperville-Elgin, IL-IN-WI",16980,"Chicago-Naperville-Elgin, IL-IN-WI MSA",full_2013_msa_approximation
17033,,,17002,Illinois Nonmetro,2013_nonmetro_approximation
17035,,,17002,Illinois Nonmetro,2013_nonmetro_approximation
17037,16980,"Chicago-Naperville-Elgin, IL-IN-WI",16980,"Chicago-Naperville-Elgin, IL-IN-WI MSA",full_2013_msa_approximation
17039,14010,"Bloomington, IL",14010,"Bloomington, IL MSA",full_2013_msa_approximation
17041,,,17002,Illinois Nonmetro,2013_nonmetro_approximation
17043,16980,"Chicago-Naperville-Elgin, IL-IN-WI",16980,"Chicago-Naperville-Elgin, IL-IN-WI MSA",full_2013_msa_approximation
17045,,,17002,Illinois Nonmetro,2013_nonmetro_approximation
17047,,,17002,Illinois Nonmetro,2013_nonmetro_approximation
17049,,,17002,Illinois Nonmetro,2013_nonmetro_approximation
17051,,,17002,Illinois Nonmetro,2013_nonmetro_approximation
17053,16580,"Champaign-Urbana, IL",16580,"Champaign-Urbana, IL MSA",full_2013_msa_approximation
17055,,,17002,Illinois Nonmetro,2013_nonmetro_approximation
17057,,,17002,Illinois Nonmetro,2013_nonmetro_approximation
17059,,,17002,Illinois Nonmetro,2013_nonmetro_approximation
17061,,,17002,Illinois Nonmetro,2013_nonmetro_approximation
17063,16980,"Chicago-Naperville-Elgin, IL-IN-WI",16980,"Chicago-Naperville-Elgin, IL-IN-WI MSA",full_2013_msa_approximation
17065,,,17002,Illinois Nonmetro,2013_nonmetro_approximation
17067,,,17002,Illinois Nonmetro,2013_nonmetro_approximation
17069,,,17002,Illinois Nonmetro,2013_nonmetro_approximation
17071,,,17002,Illinois Nonmetro,2013_nonmetro_approximation
17073,19340,"Davenport-Moline-Rock Island, IA-IL",19340,"Davenport-Moline-Rock Island, IA-IL MSA",full_2013_msa_approximation
17075,,,17002,Illinois Nonmetro,2013_nonmetro_approximation
17077,16060,"Carbondale-Marion, IL",16060,"Carbondale-Marion, IL MSA",full_2013_msa_approximation
17079,,,17002,Illinois Nonmetro,2013_nonmetro_approximation
17081,,,17002,Illinois Nonmetro,2013_nonmetro_approximation
17083,41180,"St. Louis, MO-IL",41180,"St. Louis, MO-IL MSA",full_2013_msa_approximation
17085,,,17002,Illinois Nonmetro,2013_nonmetro_approximation
17087,,,17002,Illinois Nonmetro,2013_nonmetro_approximation
17089,16980,"Chicago-Naperville-Elgin, IL-IN-WI",16980,"Chicago-Naperville-Elgin, IL-IN-WI MSA",full_2013_msa_approximation
17091,28100,"Kankakee, IL",17001,Illinois Metro,unidentified_2013_metro_residual_approximation
17093,16980,"Chicago-Naperville-Elgin, IL-IN-WI",16980,"Chicago-Naperville-Elgin, IL-IN-WI MSA",full_2013_msa_approximation
17095,,,17002,Illinois Nonmetro,2013_nonmetro_approximation
17097,16980,"Chicago-Naperville-Elgin, IL-IN-WI",16980,"Chicago-Naperville-Elgin, IL-IN-WI MSA",full_2013_msa_approximation
17099,,,17002,Illinois Nonmetro,2013_nonmetro_approximation
17101,,,17002,Illinois Nonmetro,2013_nonmetro_approximation
17103,,,17002,Illinois Nonmetro,2013_nonmetro_approximation
17105,,,17002,Illinois Nonmetro,2013_nonmetro_approximation
17107,,,17002,Illinois Nonmetro,2013_nonmetro_approximation
17109,,,17002,Illinois Nonmetro,2013_nonmetro_approximation
17111,16980,"Chicago-Naperville-Elgin, IL-IN-WI",16980,"Chicago-Naperville-Elgin, IL-IN-WI MSA",full_2013_msa_approximation
17113,14010,"Bloomington, IL",14010,"Bloomington, IL MSA",full_2013_msa_approximation
17115,19500,"Decatur, IL",17001,Illinois Metro,unidentified_2013_metro_residual_approximation
17117,41180,"St. Louis, MO-IL",41180,"St. Louis, MO-IL MSA",full_2013_msa_approximation
17119,41180,"St. Louis, MO-IL",41180,"St. Louis, MO-IL MSA",full_2013_msa_approximation
17121,,,17002,Illinois Nonmetro,2013_nonmetro_approximation
17123,37900,"Peoria, IL",37900,"Peoria, IL MSA",full_2013_msa_approximation
17125,,,17002,Illinois Nonmetro,2013_nonmetro_approximation
17127,,,17002,Illinois Nonmetro,2013_nonmetro_approximation
17129,44100,"Springfield, IL",44100,"Springfield, IL MSA",full_2013_msa_approximation
17131,19340,"Davenport-Moline-Rock Island, IA-IL",19340,"Davenport-Moline-Rock Island, IA-IL MSA",full_2013_msa_approximation
17133,41180,"St. Louis, MO-IL",41180,"St. Louis, MO-IL MSA",full_2013_msa_approximation
17135,,,17002,Illinois Nonmetro,2013_nonmetro_approximation
17137,,,17002,Illinois Nonmetro,2013_nonmetro_approximation
17139,,,17002,Illinois Nonmetro,2013_nonmetro_approximation
17141,,,17002,Illinois Nonmetro,2013_nonmetro_approximation
17143,37900,"Peoria, IL",37900,"Peoria, IL MSA",full_2013_msa_approximation
17145,,,17002,Illinois Nonmetro,2013_nonmetro_approximation
17147,16580,"Champaign-Urbana, IL",16580,"Champaign-Urbana, IL MSA",full_2013_msa_approximation
17149,,,17002,Illinois Nonmetro,2013_nonmetro_approximation
17151,,,17002,Illinois Nonmetro,2013_nonmetro_approximation
17153,,,17002,Illinois Nonmetro,2013_nonmetro_approximation
17155,,,17002,Illinois Nonmetro,2013_nonmetro_approximation
17157,,,17002,Illinois Nonmetro,2013_nonmetro_approximation
17159,,,17002,Illinois Nonmetro,2013_nonmetro_approximation
17161,19340,"Davenport-Moline-Rock Island, IA-IL",19340,"Davenport-Moline-Rock Island, IA-IL MSA",full_2013_msa_approximation
17163,41180,"St. Louis, MO-IL",41180,"St. Louis, MO-IL MSA",full_2013_msa_approximation
17165,,,17002,Illinois Nonmetro,2013_nonmetro_approximation
17167,44100,"Springfield, IL",44100,"Springfield, IL MSA",full_2013_msa_approximation
17169,,,17002,Illinois Nonmetro,2013_nonmetro_approximation
17171,,,17002,Illinois Nonmetro,2013_nonmetro_approximation
17173,,,17002,Illinois Nonmetro,2013_nonmetro_approximation
17175,37900,"Peoria, IL",37900,"Peoria, IL MSA",full_2013_msa_approximation
17177,,,17002,Illinois Nonmetro,2013_nonmetro_approximation
17179,37900,"Peoria, IL",37900,"Peoria, IL MSA",full_2013_msa_approximation
17181,,,17002,Illinois Nonmetro,2013_nonmetro_approximation
17183,19180,"Danville, IL",17001,Illinois Metro,unidentified_2013_metro_residual_approximation
17185,,,17002,Illinois Nonmetro,2013_nonmetro_approximation
17187,,,17002,Illinois Nonmetro,2013_nonmetro_approximation
17189,,,17002,Illinois Nonmetro,2013_nonmetro_approximation
17191,,,17002,Illinois Nonmetro,2013_nonmetro_approximation
17193,,,17002,Illinois Nonmetro,2013_nonmetro_approximation
17195,,,17002,Illinois Nonmetro,2013_nonmetro_approximation
17197,16980,"Chicago-Naperville-Elgin, IL-IN-WI",16980,"Chicago-Naperville-Elgin, IL-IN-WI MSA",full_2013_msa_approximation
17199,16060,"Carbondale-Marion, IL",16060,"Carbondale-Marion, IL MSA",full_2013_msa_approximation
17201,40420,"Rockford, IL",40420,"Rockford, IL MSA",full_2013_msa_approximation
17203,37900,"Peoria, IL",37900,"Peoria, IL MSA",full_2013_msa_approximation
18001,,,18002,Indiana Nonmetro,2013_nonmetro_approximation
18003,23060,"Fort Wayne, IN",23060,"Fort Wayne, IN MSA",full_2013_msa_approximation
18005,18020,"Columbus, IN",18001,Indiana Metro,unidentified_2013_metro_residual_approximation
18007,29200,"Lafayette-West Lafayette, IN",29200,"Lafayette-West Lafayette, IN MSA",full_2013_msa_approximation
18009,,,18002,Indiana Nonmetro,2013_nonmetro_approximation
18011,26900,"Indianapolis-Carmel-Anderson, IN",26900,"Indianapolis-Carmel-Anderson, IN MSA",full_2013_msa_approximation
18013,26900,"Indianapolis-Carmel-Anderson, IN",26900,"Indianapolis-Carmel-Anderson, IN MSA",full_2013_msa_approximation
18015,29200,"Lafayette-West Lafayette, IN",29200,"Lafayette-West Lafayette, IN MSA",full_2013_msa_approximation
18017,,,18002,Indiana Nonmetro,2013_nonmetro_approximation
18019,31140,"Louisville/Jefferson County, KY-IN",31140,"Louisville/Jefferson County, KY-IN MSA",full_2013_msa_approximation
18021,45460,"Terre Haute, IN",45460,"Terre Haute, IN MSA",full_2013_msa_approximation
18023,,,18002,Indiana Nonmetro,2013_nonmetro_approximation
18025,,,18002,Indiana Nonmetro,2013_nonmetro_approximation
18027,,,18002,Indiana Nonmetro,2013_nonmetro_approximation
18029,17140,"Cincinnati, OH-KY-IN",17140,"Cincinnati, OH-KY-IN MSA",full_2013_msa_approximation
18031,,,18002,Indiana Nonmetro,2013_nonmetro_approximation
18033,,,18002,Indiana Nonmetro,2013_nonmetro_approximation
18035,34620,"Muncie, IN",18001,Indiana Metro,unidentified_2013_metro_residual_approximation
18037,,,18002,Indiana Nonmetro,2013_nonmetro_approximation
18039,21140,"Elkhart-Goshen, IN",21140,"Elkhart-Goshen, IN MSA",full_2013_msa_approximation
18041,,,18002,Indiana Nonmetro,2013_nonmetro_approximation
18043,31140,"Louisville/Jefferson County, KY-IN",31140,"Louisville/Jefferson County, KY-IN MSA",full_2013_msa_approximation
18045,,,18002,Indiana Nonmetro,2013_nonmetro_approximation
18047,,,18002,Indiana Nonmetro,2013_nonmetro_approximation
18049,,,18002,Indiana Nonmetro,2013_nonmetro_approximation
18051,,,18002,Indiana Nonmetro,2013_nonmetro_approximation
18053,,,18002,Indiana Nonmetro,2013_nonmetro_approximation
18055,,,18002,Indiana Nonmetro,2013_nonmetro_approximation
18057,26900,"Indianapolis-Carmel-Anderson, IN",26900,"Indianapolis-Carmel-Anderson, IN MSA",full_2013_msa_approximation
18059,26900,"Indianapolis-Carmel-Anderson, IN",26900,"Indianapolis-Carmel-Anderson, IN MSA",full_2013_msa_approximation
18061,31140,"Louisville/Jefferson County, KY-IN",31140,"Louisville/Jefferson County, KY-IN MSA",full_2013_msa_approximation
18063,26900,"Indianapolis-Carmel-Anderson, IN",26900,"Indianapolis-Carmel-Anderson, IN MSA",full_2013_msa_approximation
18065,,,18002,Indiana Nonmetro,2013_nonmetro_approximation
18067,29020,"Kokomo, IN",18001,Indiana Metro,unidentified_2013_metro_residual_approximation
18069,,,18002,Indiana Nonmetro,2013_nonmetro_approximation
18071,,,18002,Indiana Nonmetro,2013_nonmetro_approximation
18073,16980,"Chicago-Naperville-Elgin, IL-IN-WI",16980,"Chicago-Naperville-Elgin, IL-IN-WI MSA",full_2013_msa_approximation
18075,,,18002,Indiana Nonmetro,2013_nonmetro_approximation
18077,,,18002,Indiana Nonmetro,2013_nonmetro_approximation
18079,,,18002,Indiana Nonmetro,2013_nonmetro_approximation
18081,26900,"Indianapolis-Carmel-Anderson, IN",26900,"Indianapolis-Carmel-Anderson, IN MSA",full_2013_msa_approximation
18083,,,18002,Indiana Nonmetro,2013_nonmetro_approximation
18085,,,18002,Indiana Nonmetro,2013_nonmetro_approximation
18087,,,18002,Indiana Nonmetro,2013_nonmetro_approximation
18089,16980,"Chicago-Naperville-Elgin, IL-IN-WI",16980,"Chicago-Naperville-Elgin, IL-IN-WI MSA",full_2013_msa_approximation
18091,33140,"Michigan City-La Porte, IN",18001,Indiana Metro,unidentified_2013_metro_residual_approximation
18093,,,18002,Indiana Nonmetro,2013_nonmetro_approximation
18095,26900,"Indianapolis-Carmel-Anderson, IN",26900,"Indianapolis-Carmel-Anderson, IN MSA",full_2013_msa_approximation
18097,26900,"Indianapolis-Carmel-Anderson, IN",26900,"Indianapolis-Carmel-Anderson, IN MSA",full_2013_msa_approximation
18099,,,18002,Indiana Nonmetro,2013_nonmetro_approximation
18101,,,18002,Indiana Nonmetro,2013_nonmetro_approximation
18103,,,18002,Indiana Nonmetro,2013_nonmetro_approximation
18105,14020,"Bloomington, IN",14020,"Bloomington, IN MSA",full_2013_msa_approximation
18107,,,18002,Indiana Nonmetro,2013_nonmetro_approximation
18109,26900,"Indianapolis-Carmel-Anderson, IN",26900,"Indianapolis-Carmel-Anderson, IN MSA",full_2013_msa_approximation
18111,16980,"Chicago-Naperville-Elgin, IL-IN-WI",16980,"Chicago-Naperville-Elgin, IL-IN-WI MSA",full_2013_msa_approximation
18113,,,18002,Indiana Nonmetro,2013_nonmetro_approximation
18115,17140,"Cincinnati, OH-KY-IN",17140,"Cincinnati, OH-KY-IN MSA",full_2013_msa_approximation
18117,,,18002,Indiana Nonmetro,2013_nonmetro_approximation
18119,14020,"Bloomington, IN",14020,"Bloomington, IN MSA",full_2013_msa_approximation
18121,,,18002,Indiana Nonmetro,2013_nonmetro_approximation
18123,,,18002,Indiana Nonmetro,2013_nonmetro_approximation
18125,,,18002,Indiana Nonmetro,2013_nonmetro_approximation
18127,16980,"Chicago-Naperville-Elgin, IL-IN-WI",16980,"Chicago-Naperville-Elgin, IL-IN-WI MSA",full_2013_msa_approximation
18129,21780,"Evansville, IN-KY",21780,"Evansville, IN-KY MSA",full_2013_msa_approximation
18131,,,18002,Indiana Nonmetro,2013_nonmetro_approximation
18133,26900,"Indianapolis-Carmel-Anderson, IN",26900,"Indianapolis-Carmel-Anderson, IN MSA",full_2013_msa_approximation
18135,,,18002,Indiana Nonmetro,2013_nonmetro_approximation
18137,,,18002,Indiana Nonmetro,2013_nonmetro_approximation
18139,,,18002,Indiana Nonmetro,2013_nonmetro_approximation
18141,43780,"South Bend-Mishawaka, IN-MI",43780,"South Bend-Mishawaka, IN-MI MSA",full_2013_msa_approximation
18143,31140,"Louisville/Jefferson County, KY-IN",31140,"Louisville/Jefferson County, KY-IN MSA",full_2013_msa_approximation
18145,26900,"Indianapolis-Carmel-Anderson, IN",26900,"Indianapolis-Carmel-Anderson, IN MSA",full_2013_msa_approximation
18147,,,18002,Indiana Nonmetro,2013_nonmetro_approximation
18149,,,18002,Indiana Nonmetro,2013_nonmetro_approximation
18151,,,18002,Indiana Nonmetro,2013_nonmetro_approximation
18153,45460,"Terre Haute, IN",45460,"Terre Haute, IN MSA",full_2013_msa_approximation
18155,,,18002,Indiana Nonmetro,2013_nonmetro_approximation
18157,29200,"Lafayette-West Lafayette, IN",29200,"Lafayette-West Lafayette, IN MSA",full_2013_msa_approximation
18159,,,18002,Indiana Nonmetro,2013_nonmetro_approximation
18161,17140,"Cincinnati, OH-KY-IN",17140,"Cincinnati, OH-KY-IN MSA",full_2013_msa_approximation
18163,21780,"Evansville, IN-KY",21780,"Evansville, IN-KY MSA",full_2013_msa_approximation
18165,45460,"Terre Haute, IN",45460,"Terre Haute, IN MSA",full_2013_msa_approximation
18167,45460,"Terre Haute, IN",45460,"Terre Haute, IN MSA",full_2013_msa_approximation
18169,,,18002,Indiana Nonmetro,2013_nonmetro_approximation
18171,,,18002,Indiana Nonmetro,2013_nonmetro_approximation
18173,21780,"Evansville, IN-KY",21780,"Evansville, IN-KY MSA",full_2013_msa_approximation
18175,31140,"Louisville/Jefferson County, KY-IN",31140,"Louisville/Jefferson County, KY-IN MSA",full_2013_msa_approximation
18177,,,18002,Indiana Nonmetro,2013_nonmetro_approximation
18179,23060,"Fort Wayne, IN",23060,"Fort Wayne, IN MSA",full_2013_msa_approximation
18181,,,18002,Indiana Nonmetro,2013_nonmetro_approximation
18183,23060,"Fort Wayne, IN",23060,"Fort Wayne, IN MSA",full_2013_msa_approximation
19001,,,19002,Iowa Nonmetro,2013_nonmetro_approximation
19003,,,19002,Iowa Nonmetro,2013_nonmetro_approximation
19005,,,19002,Iowa Nonmetro,2013_nonmetro_approximation
19007,,,19002,Iowa Nonmetro,2013_nonmetro_approximation
19009,,,19002,Iowa Nonmetro,2013_nonmetro_approximation
19011,16300,"Cedar Rapids, IA",16300,"Cedar Rapids, IA MSA",full_2013_msa_approximation
19013,47940,"Waterloo-Cedar Falls, IA",47940,"Waterloo-Cedar Falls, IA MSA",full_2013_msa_approximation
19015,,,19002,Iowa Nonmetro,2013_nonmetro_approximation
19017,47940,"Waterloo-Cedar Falls, IA",47940,"Waterloo-Cedar Falls, IA MSA",full_2013_msa_approximation
19019,,,19002,Iowa Nonmetro,2013_nonmetro_approximation
19021,,,19002,Iowa Nonmetro,2013_nonmetro_approximation
19023,,,19002,Iowa Nonmetro,2013_nonmetro_approximation
19025,,,19002,Iowa Nonmetro,2013_nonmetro_approximation
19027,,,19002,Iowa Nonmetro,2013_nonmetro_approximation
19029,,,19002,Iowa Nonmetro,2013_nonmetro_approximation
19031,,,19002,Iowa Nonmetro,2013_nonmetro_approximation
19033,,,19002,Iowa Nonmetro,2013_nonmetro_approximation
19035,,,19002,Iowa Nonmetro,2013_nonmetro_approximation
19037,,,19002,Iowa Nonmetro,2013_nonmetro_approximation
19039,,,19002,Iowa Nonmetro,2013_nonmetro_approximation
19041,,,19002,Iowa Nonmetro,2013_nonmetro_approximation
19043,,,19002,Iowa Nonmetro,2013_nonmetro_approximation
19045,,,19002,Iowa Nonmetro,2013_nonmetro_approximation
19047,,,19002,Iowa Nonmetro,2013_nonmetro_approximation
19049,19780,"Des Moines-West Des Moines, IA",19780,"Des Moines-West Des Moines, IA MSA",full_2013_msa_approximation
19051,,,19002,Iowa Nonmetro,2013_nonmetro_approximation
19053,,,19002,Iowa Nonmetro,2013_nonmetro_approximation
19055,,,19002,Iowa Nonmetro,2013_nonmetro_approximation
19057,,,19002,Iowa Nonmetro,2013_nonmetro_approximation
19059,,,19002,Iowa Nonmetro,2013_nonmetro_approximation
19061,20220,"Dubuque, IA",19001,Iowa Metro,unidentified_2013_metro_residual_approximation
19063,,,19002,Iowa Nonmetro,2013_nonmetro_approximation
19065,,,19002,Iowa Nonmetro,2013_nonmetro_approximation
19067,,,19002,Iowa Nonmetro,2013_nonmetro_approximation
19069,,,19002,Iowa Nonmetro,2013_nonmetro_approximation
19071,,,19002,Iowa Nonmetro,2013_nonmetro_approximation
19073,,,19002,Iowa Nonmetro,2013_nonmetro_approximation
19075,47940,"Waterloo-Cedar Falls, IA",47940,"Waterloo-Cedar Falls, IA MSA",full_2013_msa_approximation
19077,19780,"Des Moines-West Des Moines, IA",19780,"Des Moines-West Des Moines, IA MSA",full_2013_msa_approximation
19079,,,19002,Iowa Nonmetro,2013_nonmetro_approximation
19081,,,19002,Iowa Nonmetro,2013_nonmetro_approximation
19083,,,19002,Iowa Nonmetro,2013_nonmetro_approximation
19085,36540,"Omaha-Council Bluffs, NE-IA",36540,"Omaha-Council Bluffs, NE-IA MSA",full_2013_msa_approximation
19087,,,19002,Iowa Nonmetro,2013_nonmetro_approximation
19089,,,19002,Iowa Nonmetro,2013_nonmetro_approximation
19091,,,19002,Iowa Nonmetro,2013_nonmetro_approximation
19093,,,19002,Iowa Nonmetro,2013_nonmetro_approximation
19095,,,19002,Iowa Nonmetro,2013_nonmetro_approximation
19097,,,19002,Iowa Nonmetro,2013_nonmetro_approximation
19099,,,19002,Iowa Nonmetro,2013_nonmetro_approximation
19101,,,19002,Iowa Nonmetro,2013_nonmetro_approximation
19103,26980,"Iowa City, IA",26980,"Iowa City, IA MSA",full_2013_msa_approximation
19105,16300,"Cedar Rapids, IA",16300,"Cedar Rapids, IA MSA",full_2013_msa_approximation
19107,,,19002,Iowa Nonmetro,2013_nonmetro_approximation
19109,,,19002,Iowa Nonmetro,2013_nonmetro_approximation
19111,,,19002,Iowa Nonmetro,2013_nonmetro_approximation
19113,16300,"Cedar Rapids, IA",16300,"Cedar Rapids, IA MSA",full_2013_msa_approximation
19115,,,19002,Iowa Nonmetro,2013_nonmetro_approximation
19117,,,19002,Iowa Nonmetro,2013_nonmetro_approximation
19119,,,19002,Iowa Nonmetro,2013_nonmetro_approximation
19121,19780,"Des Moines-West Des Moines, IA",19780,"Des Moines-West Des Moines, IA MSA",full_2013_msa_approximation
19123,,,19002,Iowa Nonmetro,2013_nonmetro_approximation
19125,,,19002,Iowa Nonmetro,2013_nonmetro_approximation
19127,,,19002,Iowa Nonmetro,2013_nonmetro_approximation
19129,36540,"Omaha-Council Bluffs, NE-IA",36540,"Omaha-Council Bluffs, NE-IA MSA",full_2013_msa_approximation
19131,,,19002,Iowa Nonmetro,2013_nonmetro_approximation
19133,,,19002,Iowa Nonmetro,2013_nonmetro_approximation
19135,,,19002,Iowa Nonmetro,2013_nonmetro_approximation
19137,,,19002,Iowa Nonmetro,2013_nonmetro_approximation
19139,,,19002,Iowa Nonmetro,2013_nonmetro_approximation
19141,,,19002,Iowa Nonmetro,2013_nonmetro_approximation
19143,,,19002,Iowa Nonmetro,2013_nonmetro_approximation
19145,,,19002,Iowa Nonmetro,2013_nonmetro_approximation
19147,,,19002,Iowa Nonmetro,2013_nonmetro_approximation
19149,43580,"Sioux City, IA-NE-SD",19001,Iowa Metro,unidentified_2013_metro_residual_approximation
19151,,,19002,Iowa Nonmetro,2013_nonmetro_approximation
19153,19780,"Des Moines-West Des Moines, IA",19780,"Des Moines-West Des Moines, IA MSA",full_2013_msa_approximation
19155,36540,"Omaha-Council Bluffs, NE-IA",36540,"Omaha-Council Bluffs, NE-IA MSA",full_2013_msa_approximation
19157,,,19002,Iowa Nonmetro,2013_nonmetro_approximation
19159,,,19002,Iowa Nonmetro,2013_nonmetro_approximation
19161,,,19002,Iowa Nonmetro,2013_nonmetro_approximation
19163,19340,"Davenport-Moline-Rock Island, IA-IL",19340,"Davenport-Moline-Rock Island, IA-IL MSA",full_2013_msa_approximation
19165,,,19002,Iowa Nonmetro,2013_nonmetro_approximation
19167,,,19002,Iowa Nonmetro,2013_nonmetro_approximation
19169,11180,"Ames, IA",19001,Iowa Metro,unidentified_2013_metro_residual_approximation
19171,,,19002,Iowa Nonmetro,2013_nonmetro_approximation
19173,,,19002,Iowa Nonmetro,2013_nonmetro_approximation
19175,,,19002,Iowa Nonmetro,2013_nonmetro_approximation
19177,,,19002,Iowa Nonmetro,2013_nonmetro_approximation
19179,,,19002,Iowa Nonmetro,2013_nonmetro_approximation
19181,19780,"Des Moines-West Des Moines, IA",19780,"Des Moines-West Des Moines, IA MSA",full_2013_msa_approximation
19183,26980,"Iowa City, IA",26980,"Iowa City, IA MSA",full_2013_msa_approximation
19185,,,19002,Iowa Nonmetro,2013_nonmetro_approximation
19187,,,19002,Iowa Nonmetro,2013_nonmetro_approximation
19189,,,19002,Iowa Nonmetro,2013_nonmetro_approximation
19191,,,19002,Iowa Nonmetro,2013_nonmetro_approximation
19193,43580,"Sioux City, IA-NE-SD",19001,Iowa Metro,unidentified_2013_metro_residual_approximation
19195,,,19002,Iowa Nonmetro,2013_nonmetro_approximation
19197,,,19002,Iowa Nonmetro,2013_nonmetro_approximation
20001,,,20002,Kansas Nonmetro,2013_nonmetro_approximation
20003,,,20002,Kansas Nonmetro,2013_nonmetro_approximation
20005,,,20002,Kansas Nonmetro,2013_nonmetro_approximation
20007,,,20002,Kansas Nonmetro,2013_nonmetro_approximation
20009,,,20002,Kansas Nonmetro,2013_nonmetro_approximation
20011,,,20002,Kansas Nonmetro,2013_nonmetro_approximation
20013,,,20002,Kansas Nonmetro,2013_nonmetro_approximation
20015,48620,"Wichita, KS",48620,"Wichita, KS MSA",full_2013_msa_approximation
20017,,,20002,Kansas Nonmetro,2013_nonmetro_approximation
20019,,,20002,Kansas Nonmetro,2013_nonmetro_approximation
20021,,,20002,Kansas Nonmetro,2013_nonmetro_approximation
20023,,,20002,Kansas Nonmetro,2013_nonmetro_approximation
20025,,,20002,Kansas Nonmetro,2013_nonmetro_approximation
20027,,,20002,Kansas Nonmetro,2013_nonmetro_approximation
20029,,,20002,Kansas Nonmetro,2013_nonmetro_approximation
20031,,,20002,Kansas Nonmetro,2013_nonmetro_approximation
20033,,,20002,Kansas Nonmetro,2013_nonmetro_approximation
20035,,,20002,Kansas Nonmetro,2013_nonmetro_approximation
20037,,,20002,Kansas Nonmetro,2013_nonmetro_approximation
20039,,,20002,Kansas Nonmetro,2013_nonmetro_approximation
20041,,,20002,Kansas Nonmetro,2013_nonmetro_approximation
20043,41140,"St. Joseph, MO-KS",20001,Kansas Metro,unidentified_2013_metro_residual_approximation
20045,29940,"Lawrence, KS",20001,Kansas Metro,unidentified_2013_metro_residual_approximation
20047,,,20002,Kansas Nonmetro,2013_nonmetro_approximation
20049,,,20002,Kansas Nonmetro,2013_nonmetro_approximation
20051,,,20002,Kansas Nonmetro,2013_nonmetro_approximation
20053,,,20002,Kansas Nonmetro,2013_nonmetro_approximation
20055,,,20002,Kansas Nonmetro,2013_nonmetro_approximation
20057,,,20002,Kansas Nonmetro,2013_nonmetro_approximation
20059,,,20002,Kansas Nonmetro,2013_nonmetro_approximation
20061,,,20002,Kansas Nonmetro,2013_nonmetro_approximation
20063,,,20002,Kansas Nonmetro,2013_nonmetro_approximation
20065,,,20002,Kansas Nonmetro,2013_nonmetro_approximation
20067,,,20002,Kansas Nonmetro,2013_nonmetro_approximation
20069,,,20002,Kansas Nonmetro,2013_nonmetro_approximation
20071,,,20002,Kansas Nonmetro,2013_nonmetro_approximation
20073,,,20002,Kansas Nonmetro,2013_nonmetro_approximation
20075,,,20002,Kansas Nonmetro,2013_nonmetro_approximation
20077,,,20002,Kansas Nonmetro,2013_nonmetro_approximation
20079,48620,"Wichita, KS",48620,"Wichita, KS MSA",full_2013_msa_approximation
20081,,,20002,Kansas Nonmetro,2013_nonmetro_approximation
20083,,,20002,Kansas Nonmetro,2013_nonmetro_approximation
20085,45820,"Topeka, KS",45820,"Topeka, KS MSA",full_2013_msa_approximation
20087,45820,"Topeka, KS",45820,"Topeka, KS MSA",full_2013_msa_approximation
20089,,,20002,Kansas Nonmetro,2013_nonmetro_approximation
20091,28140,"Kansas City, MO-KS",28140,"Kansas City, MO-KS MSA",full_2013_msa_approximation
20093,,,20002,Kansas Nonmetro,2013_nonmetro_approximation
20095,48620,"Wichita, KS",48620,"Wichita, KS MSA",full_2013_msa_approximation
20097,,,20002,Kansas Nonmetro,2013_nonmetro_approximation
20099,,,20002,Kansas Nonmetro,2013_nonmetro_approximation
20101,,,20002,Kansas Nonmetro,2013_nonmetro_approximation
20103,28140,"Kansas City, MO-KS",28140,"Kansas City, MO-KS MSA",full_2013_msa_approximation
20105,,,20002,Kansas Nonmetro,2013_nonmetro_approximation
20107,28140,"Kansas City, MO-KS",28140,"Kansas City, MO-KS MSA",full_2013_msa_approximation
20109,,,20002,Kansas Nonmetro,2013_nonmetro_approximation
20111,,,20002,Kansas Nonmetro,2013_nonmetro_approximation
20113,,,20002,Kansas Nonmetro,2013_nonmetro_approximation
20115,,,20002,Kansas Nonmetro,2013_nonmetro_approximation
20117,,,20002,Kansas Nonmetro,2013_nonmetro_approximation
20119,,,20002,Kansas Nonmetro,2013_nonmetro_approximation
20121,28140,"Kansas City, MO-KS",28140,"Kansas City, MO-KS MSA",full_2013_msa_approximation
20123,,,20002,Kansas Nonmetro,2013_nonmetro_approximation
20125,,,20002,Kansas Nonmetro,2013_nonmetro_approximation
20127,,,20002,Kansas Nonmetro,2013_nonmetro_approximation
20129,,,20002,Kansas Nonmetro,2013_nonmetro_approximation
20131,,,20002,Kansas Nonmetro,2013_nonmetro_approximation
20133,,,20002,Kansas Nonmetro,2013_nonmetro_approximation
20135,,,20002,Kansas Nonmetro,2013_nonmetro_approximation
20137,,,20002,Kansas Nonmetro,2013_nonmetro_approximation
20139,45820,"Topeka, KS",45820,"Topeka, KS MSA",full_2013_msa_approximation
20141,,,20002,Kansas Nonmetro,2013_nonmetro_approximation
20143,,,20002,Kansas Nonmetro,2013_nonmetro_approximation
20145,,,20002,Kansas Nonmetro,2013_nonmetro_approximation
20147,,,20002,Kansas Nonmetro,2013_nonmetro_approximation
20149,31740,"Manhattan, KS",20001,Kansas Metro,unidentified_2013_metro_residual_approximation
20151,,,20002,Kansas Nonmetro,2013_nonmetro_approximation
20153,,,20002,Kansas Nonmetro,2013_nonmetro_approximation
20155,,,20002,Kansas Nonmetro,2013_nonmetro_approximation
20157,,,20002,Kansas Nonmetro,2013_nonmetro_approximation
20159,,,20002,Kansas Nonmetro,2013_nonmetro_approximation
20161,31740,"Manhattan, KS",20001,Kansas Metro,unidentified_2013_metro_residual_approximation
20163,,,20002,Kansas Nonmetro,2013_nonmetro_approximation
20165,,,20002,Kansas Nonmetro,2013_nonmetro_approximation
20167,,,20002,Kansas Nonmetro,2013_nonmetro_approximation
20169,,,20002,Kansas Nonmetro,2013_nonmetro_approximation
20171,,,20002,Kansas Nonmetro,2013_nonmetro_approximation
20173,48620,"Wichita, KS",48620,"Wichita, KS MSA",full_2013_msa_approximation
20175,,,20002,Kansas Nonmetro,2013_nonmetro_approximation
20177,45820,"Topeka, KS",45820,"Topeka, KS MSA",full_2013_msa_approximation
20179,,,20002,Kansas Nonmetro,2013_nonmetro_approximation
20181,,,20002,Kansas Nonmetro,2013_nonmetro_approximation
20183,,,20002,Kansas Nonmetro,2013_nonmetro_approximation
20185,,,20002,Kansas Nonmetro,2013_nonmetro_approximation
20187,,,20002,Kansas Nonmetro,2013_nonmetro_approximation
20189,,,20002,Kansas Nonmetro,2013_nonmetro_approximation
20191,48620,"Wichita, KS",48620,"Wichita, KS MSA",full_2013_msa_approximation
20193,,,20002,Kansas Nonmetro,2013_nonmetro_approximation
20195,,,20002,Kansas Nonmetro,2013_nonmetro_approximation
20197,45820,"Topeka, KS",45820,"Topeka, KS MSA",full_2013_msa_approximation
20199,,,20002,Kansas Nonmetro,2013_nonmetro_approximation
20201,,,20002,Kansas Nonmetro,2013_nonmetro_approximation
20203,,,20002,Kansas Nonmetro,2013_nonmetro_approximation
20205,,,20002,Kansas Nonmetro,2013_nonmetro_approximation
20207,,,20002,Kansas Nonmetro,2013_nonmetro_approximation
20209,28140,"Kansas City, MO-KS",28140,"Kansas City, MO-KS MSA",full_2013_msa_approximation
21001,,,21002,Kentucky Nonmetro,2013_nonmetro_approximation
21003,14540,"Bowling Green, KY",14540,"Bowling Green, KY MSA",full_2013_msa_approximation
21005,,,21002,Kentucky Nonmetro,2013_nonmetro_approximation
21007,,,21002,Kentucky Nonmetro,2013_nonmetro_approximation
21009,,,21002,Kentucky Nonmetro,2013_nonmetro_approximation
21011,,,21002,Kentucky Nonmetro,2013_nonmetro_approximation
21013,,,21002,Kentucky Nonmetro,2013_nonmetro_approximation
21015,17140,"Cincinnati, OH-KY-IN",17140,"Cincinnati, OH-KY-IN MSA",full_2013_msa_approximation
21017,30460,"Lexington-Fayette, KY",30460,"Lexington-Fayette, KY MSA",full_2013_msa_approximation
21019,26580,"Huntington-Ashland, WV-KY-OH",26580,"Huntington-Ashland, WV-KY-OH MSA",full_2013_msa_approximation
21021,,,21002,Kentucky Nonmetro,2013_nonmetro_approximation
21023,17140,"Cincinnati, OH-KY-IN",17140,"Cincinnati, OH-KY-IN MSA",full_2013_msa_approximation
21025,,,21002,Kentucky Nonmetro,2013_nonmetro_approximation
21027,,,21002,Kentucky Nonmetro,2013_nonmetro_approximation
21029,31140,"Louisville/Jefferson County, KY-IN",31140,"Louisville/Jefferson County, KY-IN MSA",full_2013_msa_approximation
21031,14540,"Bowling Green, KY",14540,"Bowling Green, KY MSA",full_2013_msa_approximation
21033,,,21002,Kentucky Nonmetro,2013_nonmetro_approximation
21035,,,21002,Kentucky Nonmetro,2013_nonmetro_approximation
21037,17140,"Cincinnati, OH-KY-IN",17140,"Cincinnati, OH-KY-IN MSA",full_2013_msa_approximation
21039,,,21002,Kentucky Nonmetro,2013_nonmetro_approximation
21041,,,21002,Kentucky Nonmetro,2013_nonmetro_approximation
21043,,,21002,Kentucky Nonmetro,2013_nonmetro_approximation
21045,,,21002,Kentucky Nonmetro,2013_nonmetro_approximation
21047,17300,"Clarksville, TN-KY",17300,"Clarksville, TN-KY MSA",full_2013_msa_approximation
21049,30460,"Lexington-Fayette, KY",30460,"Lexington-Fayette, KY MSA",full_2013_msa_approximation
21051,,,21002,Kentucky Nonmetro,2013_nonmetro_approximation
21053,,,21002,Kentucky Nonmetro,2013_nonmetro_approximation
21055,,,21002,Kentucky Nonmetro,2013_nonmetro_approximation
21057,,,21002,Kentucky Nonmetro,2013_nonmetro_approximation
21059,36980,"Owensboro, KY",21001,Kentucky Metro,unidentified_2013_metro_residual_approximation
21061,14540,"Bowling Green, KY",14540,"Bowling Green, KY MSA",full_2013_msa_approximation
21063,,,21002,Kentucky Nonmetro,2013_nonmetro_approximation
21065,,,21002,Kentucky Nonmetro,2013_nonmetro_approximation
21067,30460,"Lexington-Fayette, KY",30460,"Lexington-Fayette, KY MSA",full_2013_msa_approximation
21069,,,21002,Kentucky Nonmetro,2013_nonmetro_approximation
21071,,,21002,Kentucky Nonmetro,2013_nonmetro_approximation
21073,,,21002,Kentucky Nonmetro,2013_nonmetro_approximation
21075,,,21002,Kentucky Nonmetro,2013_nonmetro_approximation
21077,17140,"Cincinnati, OH-KY-IN",17140,"Cincinnati, OH-KY-IN MSA",full_2013_msa_approximation
21079,,,21002,Kentucky Nonmetro,2013_nonmetro_approximation
21081,17140,"Cincinnati, OH-KY-IN",17140,"Cincinnati, OH-KY-IN MSA",full_2013_msa_approximation
21083,,,21002,Kentucky Nonmetro,2013_nonmetro_approximation
21085,,,21002,Kentucky Nonmetro,2013_nonmetro_approximation
21087,,,21002,Kentucky Nonmetro,2013_nonmetro_approximation
21089,26580,"Huntington-Ashland, WV-KY-OH",26580,"Huntington-Ashland, WV-KY-OH MSA",full_2013_msa_approximation
21091,36980,"Owensboro, KY",21001,Kentucky Metro,unidentified_2013_metro_residual_approximation
21093,21060,"Elizabethtown-Fort Knox, KY",21001,Kentucky Metro,unidentified_2013_metro_residual_approximation
21095,,,21002,Kentucky Nonmetro,2013_nonmetro_approximation
21097,,,21002,Kentucky Nonmetro,2013_nonmetro_approximation
21099,,,21002,Kentucky Nonmetro,2013_nonmetro_approximation
21101,21780,"Evansville, IN-KY",21780,"Evansville, IN-KY MSA",full_2013_msa_approximation
21103,31140,"Louisville/Jefferson County, KY-IN",31140,"Louisville/Jefferson County, KY-IN MSA",full_2013_msa_approximation
21105,,,21002,Kentucky Nonmetro,2013_nonmetro_approximation
21107,,,21002,Kentucky Nonmetro,2013_nonmetro_approximation
21109,,,21002,Kentucky Nonmetro,2013_nonmetro_approximation
21111,31140,"Louisville/Jefferson County, KY-IN",31140,"Louisville/Jefferson County, KY-IN MSA",full_2013_msa_approximation
21113,30460,"Lexington-Fayette, KY",30460,"Lexington-Fayette, KY MSA",full_2013_msa_approximation
21115,,,21002,Kentucky Nonmetro,2013_nonmetro_approximation
21117,17140,"Cincinnati, OH-KY-IN",17140,"Cincinnati, OH-KY-IN MSA",full_2013_msa_approximation
21119,,,21002,Kentucky Nonmetro,2013_nonmetro_approximation
21121,,,21002,Kentucky Nonmetro,2013_nonmetro_approximation
21123,21060,"Elizabethtown-Fort Knox, KY",21001,Kentucky Metro,unidentified_2013_metro_residual_approximation
21125,,,21002,Kentucky Nonmetro,2013_nonmetro_approximation
21127,,,21002,Kentucky Nonmetro,2013_nonmetro_approximation
21129,,,21002,Kentucky Nonmetro,2013_nonmetro_approximation
21131,,,21002,Kentucky Nonmetro,2013_nonmetro_approximation
21133,,,21002,Kentucky Nonmetro,2013_nonmetro_approximation
21135,,,21002,Kentucky Nonmetro,2013_nonmetro_approximation
21137,,,21002,Kentucky Nonmetro,2013_nonmetro_approximation
21139,,,21002,Kentucky Nonmetro,2013_nonmetro_approximation
21141,,,21002,Kentucky Nonmetro,2013_nonmetro_approximation
21143,,,21002,Kentucky Nonmetro,2013_nonmetro_approximation
21145,,,21002,Kentucky Nonmetro,2013_nonmetro_approximation
21147,,,21002,Kentucky Nonmetro,2013_nonmetro_approximation
21149,36980,"Owensboro, KY",21001,Kentucky Metro,unidentified_2013_metro_residual_approximation
21151,,,21002,Kentucky Nonmetro,2013_nonmetro_approximation
21153,,,21002,Kentucky Nonmetro,2013_nonmetro_approximation
21155,,,21002,Kentucky Nonmetro,2013_nonmetro_approximation
21157,,,21002,Kentucky Nonmetro,2013_nonmetro_approximation
21159,,,21002,Kentucky Nonmetro,2013_nonmetro_approximation
21161,,,21002,Kentucky Nonmetro,2013_nonmetro_approximation
21163,21060,"Elizabethtown-Fort Knox, KY",21001,Kentucky Metro,unidentified_2013_metro_residual_approximation
21165,,,21002,Kentucky Nonmetro,2013_nonmetro_approximation
21167,,,21002,Kentucky Nonmetro,2013_nonmetro_approximation
21169,,,21002,Kentucky Nonmetro,2013_nonmetro_approximation
21171,,,21002,Kentucky Nonmetro,2013_nonmetro_approximation
21173,,,21002,Kentucky Nonmetro,2013_nonmetro_approximation
21175,,,21002,Kentucky Nonmetro,2013_nonmetro_approximation
21177,,,21002,Kentucky Nonmetro,2013_nonmetro_approximation
21179,,,21002,Kentucky Nonmetro,2013_nonmetro_approximation
21181,,,21002,Kentucky Nonmetro,2013_nonmetro_approximation
21183,,,21002,Kentucky Nonmetro,2013_nonmetro_approximation
21185,31140,"Louisville/Jefferson County, KY-IN",31140,"Louisville/Jefferson County, KY-IN MSA",full_2013_msa_approximation
21187,,,21002,Kentucky Nonmetro,2013_nonmetro_approximation
21189,,,21002,Kentucky Nonmetro,2013_nonmetro_approximation
21191,17140,"Cincinnati, OH-KY-IN",17140,"Cincinnati, OH-KY-IN MSA",full_2013_msa_approximation
21193,,,21002,Kentucky Nonmetro,2013_nonmetro_approximation
21195,,,21002,Kentucky Nonmetro,2013_nonmetro_approximation
21197,,,21002,Kentucky Nonmetro,2013_nonmetro_approximation
21199,,,21002,Kentucky Nonmetro,2013_nonmetro_approximation
21201,,,21002,Kentucky Nonmetro,2013_nonmetro_approximation
21203,,,21002,Kentucky Nonmetro,2013_nonmetro_approximation
21205,,,21002,Kentucky Nonmetro,2013_nonmetro_approximation
21207,,,21002,Kentucky Nonmetro,2013_nonmetro_approximation
21209,30460,"Lexington-Fayette, KY",30460,"Lexington-Fayette, KY MSA",full_2013_msa_approximation
21211,31140,"Louisville/Jefferson County, KY-IN",31140,"Louisville/Jefferson County, KY-IN MSA",full_2013_msa_approximation
21213,,,21002,Kentucky Nonmetro,2013_nonmetro_approximation
21215,31140,"Louisville/Jefferson County, KY-IN",31140,"Louisville/Jefferson County, KY-IN MSA",full_2013_msa_approximation
21217,,,21002,Kentucky Nonmetro,2013_nonmetro_approximation
21219,,,21002,Kentucky Nonmetro,2013_nonmetro_approximation
21221,17300,"Clarksville, TN-KY",17300,"Clarksville, TN-KY MSA",full_2013_msa_approximation
21223,31140,"Louisville/Jefferson County, KY-IN",31140,"Louisville/Jefferson County, KY-IN MSA",full_2013_msa_approximation
21225,,,21002,Kentucky Nonmetro,2013_nonmetro_approximation
21227,14540,"Bowling Green, KY",14540,"Bowling Green, KY MSA",full_2013_msa_approximation
21229,,,21002,Kentucky Nonmetro,2013_nonmetro_approximation
21231,,,21002,Kentucky Nonmetro,2013_nonmetro_approximation
21233,,,21002,Kentucky Nonmetro,2013_nonmetro_approximation
21235,,,21002,Kentucky Nonmetro,2013_nonmetro_approximation
21237,,,21002,Kentucky Nonmetro,2013_nonmetro_approximation
21239,30460,"Lexington-Fayette, KY",30460,"Lexington-Fayette, KY MSA",full_2013_msa_approximation
22001,29180,"Lafayette, LA",29180,"Lafayette, LA MSA",full_2013_msa_approximation
22003,,,22002,Louisiana Nonmetro,2013_nonmetro_approximation
22005,12940,"Baton Rouge, LA",12940,"Baton Rouge, LA MSA",full_2013_msa_approximation
22007,,,22002,Louisiana Nonmetro,2013_nonmetro_approximation
22009,,,22002,Louisiana Nonmetro,2013_nonmetro_approximation
22011,,,22002,Louisiana Nonmetro,2013_nonmetro_approximation
22013,,,22002,Louisiana Nonmetro,2013_nonmetro_approximation
22015,43340,"Shreveport-Bossier City, LA",43340,"Shreveport-Bossier City, LA MSA",full_2013_msa_approximation
22017,43340,"Shreveport-Bossier City, LA",43340,"Shreveport-Bossier City, LA MSA",full_2013_msa_approximation
22019,29340,"Lake Charles, LA",29340,"Lake Charles, LA MSA",full_2013_msa_approximation
22021,,,22002,Louisiana Nonmetro,2013_nonmetro_approximation
22023,29340,"Lake Charles, LA",29340,"Lake Charles, LA MSA",full_2013_msa_approximation
22025,,,22002,Louisiana Nonmetro,2013_nonmetro_approximation
22027,,,22002,Louisiana Nonmetro,2013_nonmetro_approximation
22029,,,22002,Louisiana Nonmetro,2013_nonmetro_approximation
22031,43340,"Shreveport-Bossier City, LA",43340,"Shreveport-Bossier City, LA MSA",full_2013_msa_approximation
22033,12940,"Baton Rouge, LA",12940,"Baton Rouge, LA MSA",full_2013_msa_approximation
22035,,,22002,Louisiana Nonmetro,2013_nonmetro_approximation
22037,12940,"Baton Rouge, LA",12940,"Baton Rouge, LA MSA",full_2013_msa_approximation
22039,,,22002,Louisiana Nonmetro,2013_nonmetro_approximation
22041,,,22002,Louisiana Nonmetro,2013_nonmetro_approximation
22043,10780,"Alexandria, LA",22001,Louisiana Metro,unidentified_2013_metro_residual_approximation
22045,29180,"Lafayette, LA",29180,"Lafayette, LA MSA",full_2013_msa_approximation
22047,12940,"Baton Rouge, LA",12940,"Baton Rouge, LA MSA",full_2013_msa_approximation
22049,,,22002,Louisiana Nonmetro,2013_nonmetro_approximation
22051,35380,"New Orleans-Metairie, LA",35380,"New Orleans-Metairie, LA MSA",full_2013_msa_approximation
22053,,,22002,Louisiana Nonmetro,2013_nonmetro_approximation
22055,29180,"Lafayette, LA",29180,"Lafayette, LA MSA",full_2013_msa_approximation
22057,26380,"Houma-Thibodaux, LA",22001,Louisiana Metro,unidentified_2013_metro_residual_approximation
22059,,,22002,Louisiana Nonmetro,2013_nonmetro_approximation
22061,,,22002,Louisiana Nonmetro,2013_nonmetro_approximation
22063,12940,"Baton Rouge, LA",12940,"Baton Rouge, LA MSA",full_2013_msa_approximation
22065,,,22002,Louisiana Nonmetro,2013_nonmetro_approximation
22067,,,22002,Louisiana Nonmetro,2013_nonmetro_approximation
22069,,,22002,Louisiana Nonmetro,2013_nonmetro_approximation
22071,35380,"New Orleans-Metairie, LA",35380,"New Orleans-Metairie, LA MSA",full_2013_msa_approximation
22073,33740,"Monroe, LA",33740,"Monroe, LA MSA",full_2013_msa_approximation
22075,35380,"New Orleans-Metairie, LA",35380,"New Orleans-Metairie, LA MSA",full_2013_msa_approximation
22077,12940,"Baton Rouge, LA",12940,"Baton Rouge, LA MSA",full_2013_msa_approximation
22079,10780,"Alexandria, LA",22001,Louisiana Metro,unidentified_2013_metro_residual_approximation
22081,,,22002,Louisiana Nonmetro,2013_nonmetro_approximation
22083,,,22002,Louisiana Nonmetro,2013_nonmetro_approximation
22085,,,22002,Louisiana Nonmetro,2013_nonmetro_approximation
22087,35380,"New Orleans-Metairie, LA",35380,"New Orleans-Metairie, LA MSA",full_2013_msa_approximation
22089,35380,"New Orleans-Metairie, LA",35380,"New Orleans-Metairie, LA MSA",full_2013_msa_approximation
22091,12940,"Baton Rouge, LA",12940,"Baton Rouge, LA MSA",full_2013_msa_approximation
22093,35380,"New Orleans-Metairie, LA",35380,"New Orleans-Metairie, LA MSA",full_2013_msa_approximation
22095,35380,"New Orleans-Metairie, LA",35380,"New Orleans-Metairie, LA MSA",full_2013_msa_approximation
22097,,,22002,Louisiana Nonmetro,2013_nonmetro_approximation
22099,29180,"Lafayette, LA",29180,"Lafayette, LA MSA",full_2013_msa_approximation
22101,,,22002,Louisiana Nonmetro,2013_nonmetro_approximation
22103,35380,"New Orleans-Metairie, LA",35380,"New Orleans-Metairie, LA MSA",full_2013_msa_approximation
22105,25220,"Hammond, LA",22001,Louisiana Metro,unidentified_2013_metro_residual_approximation
22107,,,22002,Louisiana Nonmetro,2013_nonmetro_approximation
22109,26380,"Houma-Thibodaux, LA",22001,Louisiana Metro,unidentified_2013_metro_residual_approximation
22111,33740,"Monroe, LA",33740,"Monroe, LA MSA",full_2013_msa_approximation
22113,29180,"Lafayette, LA",29180,"Lafayette, LA MSA",full_2013_msa_approximation
22115,,,22002,Louisiana Nonmetro,2013_nonmetro_approximation
22117,,,22002,Louisiana Nonmetro,2013_nonmetro_approximation
22119,43340,"Shreveport-Bossier City, LA",43340,"Shreveport-Bossier City, LA MSA",full_2013_msa_approximation
22121,12940,"Baton Rouge, LA",12940,"Baton Rouge, LA MSA",full_2013_msa_approximation
22123,,,22002,Louisiana Nonmetro,2013_nonmetro_approximation
22125,12940,"Baton Rouge, LA",12940,"Baton Rouge, LA MSA",full_2013_msa_approximation
22127,,,22002,Louisiana Nonmetro,2013_nonmetro_approximation
23001,30340,"Lewiston-Auburn, ME",30340,"Lewiston-Auburn, ME MSA",full_2013_msa_approximation
23003,,,23002,Maine Nonmetro,2013_nonmetro_approximation
23005,38860,"Portland-South Portland, ME",38860,"Portland-South Portland, ME MSA",full_2013_msa_approximation
23007,,,23002,Maine Nonmetro,2013_nonmetro_approximation
23009,,,23002,Maine Nonmetro,2013_nonmetro_approximation
23011,,,23002,Maine Nonmetro,2013_nonmetro_approximation
23013,,,23002,Maine Nonmetro,2013_nonmetro_approximation
23015,,,23002,Maine Nonmetro,2013_nonmetro_approximation
23017,,,23002,Maine Nonmetro,2013_nonmetro_approximation
23019,12620,"Bangor, ME",12620,"Bangor, ME MSA",full_2013_msa_approximation
23021,,,23002,Maine Nonmetro,2013_nonmetro_approximation
23023,38860,"Portland-South Portland, ME",38860,"Portland-South Portland, ME MSA",full_2013_msa_approximation
23025,,,23002,Maine Nonmetro,2013_nonmetro_approximation
23027,,,23002,Maine Nonmetro,2013_nonmetro_approximation
23029,,,23002,Maine Nonmetro,2013_nonmetro_approximation
23031,38860,"Portland-South Portland, ME",38860,"Portland-South Portland, ME MSA",full_2013_msa_approximation
24001,19060,"Cumberland, MD-WV",,,not_represented_by_published_area
24003,12580,"Baltimore-Columbia-Towson, MD",12580,"Baltimore-Columbia-Towson, MD MSA",full_2013_msa_approximation
24005,12580,"Baltimore-Columbia-Towson, MD",12580,"Baltimore-Columbia-Towson, MD MSA",full_2013_msa_approximation
24009,47900,"Washington-Arlington-Alexandria, DC-VA-MD-WV",47900,"Washington-Arlington-Alexandria, DC-VA-MD-WV MSA",full_2013_msa_approximation
24011,,,24002,Maryland Nonmetro,2013_nonmetro_approximation
24013,12580,"Baltimore-Columbia-Towson, MD",12580,"Baltimore-Columbia-Towson, MD MSA",full_2013_msa_approximation
24015,37980,"Philadelphia-Camden-Wilmington, PA-NJ-DE-MD",37980,"Philadelphia-Camden-Wilmington, PA-NJ-DE-MD MSA",full_2013_msa_approximation
24017,47900,"Washington-Arlington-Alexandria, DC-VA-MD-WV",47900,"Washington-Arlington-Alexandria, DC-VA-MD-WV MSA",full_2013_msa_approximation
24019,,,24002,Maryland Nonmetro,2013_nonmetro_approximation
24021,47900,"Washington-Arlington-Alexandria, DC-VA-MD-WV",47900,"Washington-Arlington-Alexandria, DC-VA-MD-WV MSA",full_2013_msa_approximation
24023,,,24002,Maryland Nonmetro,2013_nonmetro_approximation
24025,12580,"Baltimore-Columbia-Towson, MD",12580,"Baltimore-Columbia-Towson, MD MSA",full_2013_msa_approximation
24027,12580,"Baltimore-Columbia-Towson, MD",12580,"Baltimore-Columbia-Towson, MD MSA",full_2013_msa_approximation
24029,,,24002,Maryland Nonmetro,2013_nonmetro_approximation
24031,47900,"Washington-Arlington-Alexandria, DC-VA-MD-WV",47900,"Washington-Arlington-Alexandria, DC-VA-MD-WV MSA",full_2013_msa_approximation
24033,47900,"Washington-Arlington-Alexandria, DC-VA-MD-WV",47900,"Washington-Arlington-Alexandria, DC-VA-MD-WV MSA",full_2013_msa_approximation
24035,12580,"Baltimore-Columbia-Towson, MD",12580,"Baltimore-Columbia-Towson, MD MSA",full_2013_msa_approximation
24037,15680,"California-Lexington Park, MD",15680,"California-Lexington Park, MD MSA",full_2013_msa_approximation
24039,41540,"Salisbury, MD-DE",41540,"Salisbury, MD-DE MSA",full_2013_msa_approximation
24041,,,24002,Maryland Nonmetro,2013_nonmetro_approximation
24043,25180,"Hagerstown-Martinsburg, MD-WV",25180,"Hagerstown-Martinsburg, MD-WV MSA",full_2013_msa_approximation
24045,41540,"Salisbury, MD-DE",41540,"Salisbury, MD-DE MSA",full_2013_msa_approximation
24047,41540,"Salisbury, MD-DE",41540,"Salisbury, MD-DE MSA",full_2013_msa_approximation
24510,12580,"Baltimore-Columbia-Towson, MD",12580,"Baltimore-Columbia-Towson, MD MSA",full_2013_msa_approximation
25001,12700,"Barnstable Town, MA",12700,"Barnstable Town, MA MSA",full_2013_msa_approximation
25003,38340,"Pittsfield, MA",25001,Massachusetts Metro,unidentified_2013_metro_residual_approximation
25005,39300,"Providence-Warwick, RI-MA",39300,"Providence-Warwick, RI-MA MSA",full_2013_msa_approximation
25007,,,25002,Massachusetts Nonmetro,2013_nonmetro_approximation
25009,14460,"Boston-Cambridge-Newton, MA-NH",14460,"Boston-Cambridge-Newton, MA-NH MSA",full_2013_msa_approximation
25011,,,25002,Massachusetts Nonmetro,2013_nonmetro_approximation
25013,44140,"Springfield, MA",44140,"Springfield, MA MSA",full_2013_msa_approximation
25015,44140,"Springfield, MA",44140,"Springfield, MA MSA",full_2013_msa_approximation
25017,14460,"Boston-Cambridge-Newton, MA-NH",14460,"Boston-Cambridge-Newton, MA-NH MSA",full_2013_msa_approximation
25019,,,25002,Massachusetts Nonmetro,2013_nonmetro_approximation
25021,14460,"Boston-Cambridge-Newton, MA-NH",14460,"Boston-Cambridge-Newton, MA-NH MSA",full_2013_msa_approximation
25023,14460,"Boston-Cambridge-Newton, MA-NH",14460,"Boston-Cambridge-Newton, MA-NH MSA",full_2013_msa_approximation
25025,14460,"Boston-Cambridge-Newton, MA-NH",14460,"Boston-Cambridge-Newton, MA-NH MSA",full_2013_msa_approximation
25027,49340,"Worcester, MA-CT",49340,"Worcester, MA-CT MSA",full_2013_msa_approximation
26001,,,26002,Michigan Nonmetro,2013_nonmetro_approximation
26003,,,26002,Michigan Nonmetro,2013_nonmetro_approximation
26005,,,26002,Michigan Nonmetro,2013_nonmetro_approximation
26007,,,26002,Michigan Nonmetro,2013_nonmetro_approximation
26009,,,26002,Michigan Nonmetro,2013_nonmetro_approximation
26011,,,26002,Michigan Nonmetro,2013_nonmetro_approximation
26013,,,26002,Michigan Nonmetro,2013_nonmetro_approximation
26015,24340,"Grand Rapids-Wyoming, MI",24340,"Grand Rapids-Wyoming, MI MSA",full_2013_msa_approximation
26017,13020,"Bay City, MI",26001,Michigan Metro,unidentified_2013_metro_residual_approximation
26019,,,26002,Michigan Nonmetro,2013_nonmetro_approximation
26021,35660,"Niles-Benton Harbor, MI",35660,"Niles-Benton Harbor, MI MSA",full_2013_msa_approximation
26023,,,26002,Michigan Nonmetro,2013_nonmetro_approximation
26025,12980,"Battle Creek, MI",12980,"Battle Creek, MI MSA",full_2013_msa_approximation
26027,43780,"South Bend-Mishawaka, IN-MI",43780,"South Bend-Mishawaka, IN-MI MSA",full_2013_msa_approximation
26029,,,26002,Michigan Nonmetro,2013_nonmetro_approximation
26031,,,26002,Michigan Nonmetro,2013_nonmetro_approximation
26033,,,26002,Michigan Nonmetro,2013_nonmetro_approximation
26035,,,26002,Michigan Nonmetro,2013_nonmetro_approximation
26037,29620,"Lansing-East Lansing, MI",29620,"Lansing-East Lansing, MI MSA",full_2013_msa_approximation
26039,,,26002,Michigan Nonmetro,2013_nonmetro_approximation
26041,,,26002,Michigan Nonmetro,2013_nonmetro_approximation
26043,,,26002,Michigan Nonmetro,2013_nonmetro_approximation
26045,29620,"Lansing-East Lansing, MI",29620,"Lansing-East Lansing, MI MSA",full_2013_msa_approximation
26047,,,26002,Michigan Nonmetro,2013_nonmetro_approximation
26049,22420,"Flint, MI",22420,"Flint, MI MSA",full_2013_msa_approximation
26051,,,26002,Michigan Nonmetro,2013_nonmetro_approximation
26053,,,26002,Michigan Nonmetro,2013_nonmetro_approximation
26055,,,26002,Michigan Nonmetro,2013_nonmetro_approximation
26057,,,26002,Michigan Nonmetro,2013_nonmetro_approximation
26059,,,26002,Michigan Nonmetro,2013_nonmetro_approximation
26061,,,26002,Michigan Nonmetro,2013_nonmetro_approximation
26063,,,26002,Michigan Nonmetro,2013_nonmetro_approximation
26065,29620,"Lansing-East Lansing, MI",29620,"Lansing-East Lansing, MI MSA",full_2013_msa_approximation
26067,,,26002,Michigan Nonmetro,2013_nonmetro_approximation
26069,,,26002,Michigan Nonmetro,2013_nonmetro_approximation
26071,,,26002,Michigan Nonmetro,2013_nonmetro_approximation
26073,,,26002,Michigan Nonmetro,2013_nonmetro_approximation
26075,27100,"Jackson, MI",27100,"Jackson, MI MSA",full_2013_msa_approximation
26077,28020,"Kalamazoo-Portage, MI",28020,"Kalamazoo-Portage, MI MSA",full_2013_msa_approximation
26079,,,26002,Michigan Nonmetro,2013_nonmetro_approximation
26081,24340,"Grand Rapids-Wyoming, MI",24340,"Grand Rapids-Wyoming, MI MSA",full_2013_msa_approximation
26083,,,26002,Michigan Nonmetro,2013_nonmetro_approximation
26085,,,26002,Michigan Nonmetro,2013_nonmetro_approximation
26087,19820,"Detroit-Warren-Dearborn, MI",19820,"Detroit-Warren-Dearborn, MI MSA",full_2013_msa_approximation
26089,,,26002,Michigan Nonmetro,2013_nonmetro_approximation
26091,,,26002,Michigan Nonmetro,2013_nonmetro_approximation
26093,19820,"Detroit-Warren-Dearborn, MI",19820,"Detroit-Warren-Dearborn, MI MSA",full_2013_msa_approximation
26095,,,26002,Michigan Nonmetro,2013_nonmetro_approximation
26097,,,26002,Michigan Nonmetro,2013_nonmetro_approximation
26099,19820,"Detroit-Warren-Dearborn, MI",19820,"Detroit-Warren-Dearborn, MI MSA",full_2013_msa_approximation
26101,,,26002,Michigan Nonmetro,2013_nonmetro_approximation
26103,,,26002,Michigan Nonmetro,2013_nonmetro_approximation
26105,,,26002,Michigan Nonmetro,2013_nonmetro_approximation
26107,,,26002,Michigan Nonmetro,2013_nonmetro_approximation
26109,,,26002,Michigan Nonmetro,2013_nonmetro_approximation
26111,33220,"Midland, MI",26001,Michigan Metro,unidentified_2013_metro_residual_approximation
26113,,,26002,Michigan Nonmetro,2013_nonmetro_approximation
26115,33780,"Monroe, MI",33780,"Monroe, MI MSA",full_2013_msa_approximation
26117,24340,"Grand Rapids-Wyoming, MI",24340,"Grand Rapids-Wyoming, MI MSA",full_2013_msa_approximation
26119,,,26002,Michigan Nonmetro,2013_nonmetro_approximation
26121,34740,"Muskegon, MI",34740,"Muskegon, MI MSA",full_2013_msa_approximation
26123,,,26002,Michigan Nonmetro,2013_nonmetro_approximation
26125,19820,"Detroit-Warren-Dearborn, MI",19820,"Detroit-Warren-Dearborn, MI MSA",full_2013_msa_approximation
26127,,,26002,Michigan Nonmetro,2013_nonmetro_approximation
26129,,,26002,Michigan Nonmetro,2013_nonmetro_approximation
26131,,,26002,Michigan Nonmetro,2013_nonmetro_approximation
26133,,,26002,Michigan Nonmetro,2013_nonmetro_approximation
26135,,,26002,Michigan Nonmetro,2013_nonmetro_approximation
26137,,,26002,Michigan Nonmetro,2013_nonmetro_approximation
26139,24340,"Grand Rapids-Wyoming, MI",24340,"Grand Rapids-Wyoming, MI MSA",full_2013_msa_approximation
26141,,,26002,Michigan Nonmetro,2013_nonmetro_approximation
26143,,,26002,Michigan Nonmetro,2013_nonmetro_approximation
26145,40980,"Saginaw, MI",40980,"Saginaw, MI MSA",full_2013_msa_approximation
26147,19820,"Detroit-Warren-Dearborn, MI",19820,"Detroit-Warren-Dearborn, MI MSA",full_2013_msa_approximation
26149,,,26002,Michigan Nonmetro,2013_nonmetro_approximation
26151,,,26002,Michigan Nonmetro,2013_nonmetro_approximation
26153,,,26002,Michigan Nonmetro,2013_nonmetro_approximation
26155,,,26002,Michigan Nonmetro,2013_nonmetro_approximation
26157,,,26002,Michigan Nonmetro,2013_nonmetro_approximation
26159,28020,"Kalamazoo-Portage, MI",28020,"Kalamazoo-Portage, MI MSA",full_2013_msa_approximation
26161,11460,"Ann Arbor, MI",11460,"Ann Arbor, MI MSA",full_2013_msa_approximation
26163,19820,"Detroit-Warren-Dearborn, MI",19820,"Detroit-Warren-Dearborn, MI MSA",full_2013_msa_approximation
26165,,,26002,Michigan Nonmetro,2013_nonmetro_approximation
27001,,,27002,Minnesota Nonmetro,2013_nonmetro_approximation
27003,33460,"Minneapolis-St. Paul-Bloomington, MN-WI",33460,"Minneapolis-St. Paul-Bloomington, MN-WI MSA",full_2013_msa_approximation
27005,,,27002,Minnesota Nonmetro,2013_nonmetro_approximation
27007,,,27002,Minnesota Nonmetro,2013_nonmetro_approximation
27009,41060,"St. Cloud, MN",27001,Minnesota Metro,unidentified_2013_metro_residual_approximation
27011,,,27002,Minnesota Nonmetro,2013_nonmetro_approximation
27013,31860,"Mankato-North Mankato, MN",27001,Minnesota Metro,unidentified_2013_metro_residual_approximation
27015,,,27002,Minnesota Nonmetro,2013_nonmetro_approximation
27017,20260,"Duluth, MN-WI",27001,Minnesota Metro,unidentified_2013_metro_residual_approximation
27019,33460,"Minneapolis-St. Paul-Bloomington, MN-WI",33460,"Minneapolis-St. Paul-Bloomington, MN-WI MSA",full_2013_msa_approximation
27021,,,27002,Minnesota Nonmetro,2013_nonmetro_approximation
27023,,,27002,Minnesota Nonmetro,2013_nonmetro_approximation
27025,33460,"Minneapolis-St. Paul-Bloomington, MN-WI",33460,"Minneapolis-St. Paul-Bloomington, MN-WI MSA",full_2013_msa_approximation
27027,22020,"Fargo, ND-MN",22020,"Fargo, ND-MN MSA",full_2013_msa_approximation
27029,,,27002,Minnesota Nonmetro,2013_nonmetro_approximation
27031,,,27002,Minnesota Nonmetro,2013_nonmetro_approximation
27033,,,27002,Minnesota Nonmetro,2013_nonmetro_approximation
27035,,,27002,Minnesota Nonmetro,2013_nonmetro_approximation
27037,33460,"Minneapolis-St. Paul-Bloomington, MN-WI",33460,"Minneapolis-St. Paul-Bloomington, MN-WI MSA",full_2013_msa_approximation
27039,40340,"Rochester, MN",27001,Minnesota Metro,unidentified_2013_metro_residual_approximation
27041,,,27002,Minnesota Nonmetro,2013_nonmetro_approximation
27043,,,27002,Minnesota Nonmetro,2013_nonmetro_approximation
27045,40340,"Rochester, MN",27001,Minnesota Metro,unidentified_2013_metro_residual_approximation
27047,,,27002,Minnesota Nonmetro,2013_nonmetro_approximation
27049,,,27002,Minnesota Nonmetro,2013_nonmetro_approximation
27051,,,27002,Minnesota Nonmetro,2013_nonmetro_approximation
27053,33460,"Minneapolis-St. Paul-Bloomington, MN-WI",33460,"Minneapolis-St. Paul-Bloomington, MN-WI MSA",full_2013_msa_approximation
27055,29100,"La Crosse-Onalaska, WI-MN",27001,Minnesota Metro,unidentified_2013_metro_residual_approximation
27057,,,27002,Minnesota Nonmetro,2013_nonmetro_approximation
27059,33460,"Minneapolis-St. Paul-Bloomington, MN-WI",33460,"Minneapolis-St. Paul-Bloomington, MN-WI MSA",full_2013_msa_approximation
27061,,,27002,Minnesota Nonmetro,2013_nonmetro_approximation
27063,,,27002,Minnesota Nonmetro,2013_nonmetro_approximation
27065,,,27002,Minnesota Nonmetro,2013_nonmetro_approximation
27067,,,27002,Minnesota Nonmetro,2013_nonmetro_approximation
27069,,,27002,Minnesota Nonmetro,2013_nonmetro_approximation
27071,,,27002,Minnesota Nonmetro,2013_nonmetro_approximation
27073,,,27002,Minnesota Nonmetro,2013_nonmetro_approximation
27075,,,27002,Minnesota Nonmetro,2013_nonmetro_approximation
27077,,,27002,Minnesota Nonmetro,2013_nonmetro_approximation
27079,33460,"Minneapolis-St. Paul-Bloomington, MN-WI",33460,"Minneapolis-St. Paul-Bloomington, MN-WI MSA",full_2013_msa_approximation
27081,,,27002,Minnesota Nonmetro,2013_nonmetro_approximation
27083,,,27002,Minnesota Nonmetro,2013_nonmetro_approximation
27085,,,27002,Minnesota Nonmetro,2013_nonmetro_approximation
27087,,,27002,Minnesota Nonmetro,2013_nonmetro_approximation
27089,,,27002,Minnesota Nonmetro,2013_nonmetro_approximation
27091,,,27002,Minnesota Nonmetro,2013_nonmetro_approximation
27093,,,27002,Minnesota Nonmetro,2013_nonmetro_approximation
27095,33460,"Minneapolis-St. Paul-Bloomington, MN-WI",33460,"Minneapolis-St. Paul-Bloomington, MN-WI MSA",full_2013_msa_approximation
27097,,,27002,Minnesota Nonmetro,2013_nonmetro_approximation
27099,,,27002,Minnesota Nonmetro,2013_nonmetro_approximation
27101,,,27002,Minnesota Nonmetro,2013_nonmetro_approximation
27103,31860,"Mankato-North Mankato, MN",27001,Minnesota Metro,unidentified_2013_metro_residual_approximation
27105,,,27002,Minnesota Nonmetro,2013_nonmetro_approximation
27107,,,27002,Minnesota Nonmetro,2013_nonmetro_approximation
27109,40340,"Rochester, MN",27001,Minnesota Metro,unidentified_2013_metro_residual_approximation
27111,,,27002,Minnesota Nonmetro,2013_nonmetro_approximation
27113,,,27002,Minnesota Nonmetro,2013_nonmetro_approximation
27115,,,27002,Minnesota Nonmetro,2013_nonmetro_approximation
27117,,,27002,Minnesota Nonmetro,2013_nonmetro_approximation
27119,24220,"Grand Forks, ND-MN",27001,Minnesota Metro,unidentified_2013_metro_residual_approximation
27121,,,27002,Minnesota Nonmetro,2013_nonmetro_approximation
27123,33460,"Minneapolis-St. Paul-Bloomington, MN-WI",33460,"Minneapolis-St. Paul-Bloomington, MN-WI MSA",full_2013_msa_approximation
27125,,,27002,Minnesota Nonmetro,2013_nonmetro_approximation
27127,,,27002,Minnesota Nonmetro,2013_nonmetro_approximation
27129,,,27002,Minnesota Nonmetro,2013_nonmetro_approximation
27131,,,27002,Minnesota Nonmetro,2013_nonmetro_approximation
27133,,,27002,Minnesota Nonmetro,2013_nonmetro_approximation
27135,,,27002,Minnesota Nonmetro,2013_nonmetro_approximation
27137,20260,"Duluth, MN-WI",27001,Minnesota Metro,unidentified_2013_metro_residual_approximation
27139,33460,"Minneapolis-St. Paul-Bloomington, MN-WI",33460,"Minneapolis-St. Paul-Bloomington, MN-WI MSA",full_2013_msa_approximation
27141,33460,"Minneapolis-St. Paul-Bloomington, MN-WI",33460,"Minneapolis-St. Paul-Bloomington, MN-WI MSA",full_2013_msa_approximation
27143,33460,"Minneapolis-St. Paul-Bloomington, MN-WI",33460,"Minneapolis-St. Paul-Bloomington, MN-WI MSA",full_2013_msa_approximation
27145,41060,"St. Cloud, MN",27001,Minnesota Metro,unidentified_2013_metro_residual_approximation
27147,,,27002,Minnesota Nonmetro,2013_nonmetro_approximation
27149,,,27002,Minnesota Nonmetro,2013_nonmetro_approximation
27151,,,27002,Minnesota Nonmetro,2013_nonmetro_approximation
27153,,,27002,Minnesota Nonmetro,2013_nonmetro_approximation
27155,,,27002,Minnesota Nonmetro,2013_nonmetro_approximation
27157,40340,"Rochester, MN",27001,Minnesota Metro,unidentified_2013_metro_residual_approximation
27159,,,27002,Minnesota Nonmetro,2013_nonmetro_approximation
27161,,,27002,Minnesota Nonmetro,2013_nonmetro_approximation
27163,33460,"Minneapolis-St. Paul-Bloomington, MN-WI",33460,"Minneapolis-St. Paul-Bloomington, MN-WI MSA",full_2013_msa_approximation
27165,,,27002,Minnesota Nonmetro,2013_nonmetro_approximation
27167,,,27002,Minnesota Nonmetro,2013_nonmetro_approximation
27169,,,27002,Minnesota Nonmetro,2013_nonmetro_approximation
27171,33460,"Minneapolis-St. Paul-Bloomington, MN-WI",33460,"Minneapolis-St. Paul-Bloomington, MN-WI MSA",full_2013_msa_approximation
27173,,,27002,Minnesota Nonmetro,2013_nonmetro_approximation
28001,,,28002,Mississippi Nonmetro,2013_nonmetro_approximation
28003,,,28002,Mississippi Nonmetro,2013_nonmetro_approximation
28005,,,28002,Mississippi Nonmetro,2013_nonmetro_approximation
28007,,,28002,Mississippi Nonmetro,2013_nonmetro_approximation
28009,32820,"Memphis, TN-MS-AR",32820,"Memphis, TN-MS-AR MSA",full_2013_msa_approximation
28011,,,28002,Mississippi Nonmetro,2013_nonmetro_approximation
28013,,,28002,Mississippi Nonmetro,2013_nonmetro_approximation
28015,,,28002,Mississippi Nonmetro,2013_nonmetro_approximation
28017,,,28002,Mississippi Nonmetro,2013_nonmetro_approximation
28019,,,28002,Mississippi Nonmetro,2013_nonmetro_approximation
28021,,,28002,Mississippi Nonmetro,2013_nonmetro_approximation
28023,,,28002,Mississippi Nonmetro,2013_nonmetro_approximation
28025,,,28002,Mississippi Nonmetro,2013_nonmetro_approximation
28027,,,28002,Mississippi Nonmetro,2013_nonmetro_approximation
28029,27140,"Jackson, MS",27140,"Jackson, MS MSA",full_2013_msa_approximation
28031,,,28002,Mississippi Nonmetro,2013_nonmetro_approximation
28033,32820,"Memphis, TN-MS-AR",32820,"Memphis, TN-MS-AR MSA",full_2013_msa_approximation
28035,25620,"Hattiesburg, MS",28001,Mississippi Metro,unidentified_2013_metro_residual_approximation
28037,,,28002,Mississippi Nonmetro,2013_nonmetro_approximation
28039,,,28002,Mississippi Nonmetro,2013_nonmetro_approximation
28041,,,28002,Mississippi Nonmetro,2013_nonmetro_approximation
28043,,,28002,Mississippi Nonmetro,2013_nonmetro_approximation
28045,25060,"Gulfport-Biloxi-Pascagoula, MS",28001,Mississippi Metro,unidentified_2013_metro_residual_approximation
28047,25060,"Gulfport-Biloxi-Pascagoula, MS",28001,Mississippi Metro,unidentified_2013_metro_residual_approximation
28049,27140,"Jackson, MS",27140,"Jackson, MS MSA",full_2013_msa_approximation
28051,,,28002,Mississippi Nonmetro,2013_nonmetro_approximation
28053,,,28002,Mississippi Nonmetro,2013_nonmetro_approximation
28055,,,28002,Mississippi Nonmetro,2013_nonmetro_approximation
28057,,,28002,Mississippi Nonmetro,2013_nonmetro_approximation
28059,25060,"Gulfport-Biloxi-Pascagoula, MS",28001,Mississippi Metro,unidentified_2013_metro_residual_approximation
28061,,,28002,Mississippi Nonmetro,2013_nonmetro_approximation
28063,,,28002,Mississippi Nonmetro,2013_nonmetro_approximation
28065,,,28002,Mississippi Nonmetro,2013_nonmetro_approximation
28067,,,28002,Mississippi Nonmetro,2013_nonmetro_approximation
28069,,,28002,Mississippi Nonmetro,2013_nonmetro_approximation
28071,,,28002,Mississippi Nonmetro,2013_nonmetro_approximation
28073,25620,"Hattiesburg, MS",28001,Mississippi Metro,unidentified_2013_metro_residual_approximation
28075,,,28002,Mississippi Nonmetro,2013_nonmetro_approximation
28077,,,28002,Mississippi Nonmetro,2013_nonmetro_approximation
28079,,,28002,Mississippi Nonmetro,2013_nonmetro_approximation
28081,,,28002,Mississippi Nonmetro,2013_nonmetro_approximation
28083,,,28002,Mississippi Nonmetro,2013_nonmetro_approximation
28085,,,28002,Mississippi Nonmetro,2013_nonmetro_approximation
28087,,,28002,Mississippi Nonmetro,2013_nonmetro_approximation
28089,27140,"Jackson, MS",27140,"Jackson, MS MSA",full_2013_msa_approximation
28091,,,28002,Mississippi Nonmetro,2013_nonmetro_approximation
28093,32820,"Memphis, TN-MS-AR",32820,"Memphis, TN-MS-AR MSA",full_2013_msa_approximation
28095,,,28002,Mississippi Nonmetro,2013_nonmetro_approximation
28097,,,28002,Mississippi Nonmetro,2013_nonmetro_approximation
28099,,,28002,Mississippi Nonmetro,2013_nonmetro_approximation
28101,,,28002,Mississippi Nonmetro,2013_nonmetro_approximation
28103,,,28002,Mississippi Nonmetro,2013_nonmetro_approximation
28105,,,28002,Mississippi Nonmetro,2013_nonmetro_approximation
28107,,,28002,Mississippi Nonmetro,2013_nonmetro_approximation
28109,,,28002,Mississippi Nonmetro,2013_nonmetro_approximation
28111,25620,"Hattiesburg, MS",28001,Mississippi Metro,unidentified_2013_metro_residual_approximation
28113,,,28002,Mississippi Nonmetro,2013_nonmetro_approximation
28115,,,28002,Mississippi Nonmetro,2013_nonmetro_approximation
28117,,,28002,Mississippi Nonmetro,2013_nonmetro_approximation
28119,,,28002,Mississippi Nonmetro,2013_nonmetro_approximation
28121,27140,"Jackson, MS",27140,"Jackson, MS MSA",full_2013_msa_approximation
28123,,,28002,Mississippi Nonmetro,2013_nonmetro_approximation
28125,,,28002,Mississippi Nonmetro,2013_nonmetro_approximation
28127,27140,"Jackson, MS",27140,"Jackson, MS MSA",full_2013_msa_approximation
28129,,,28002,Mississippi Nonmetro,2013_nonmetro_approximation
28131,,,28002,Mississippi Nonmetro,2013_nonmetro_approximation
28133,,,28002,Mississippi Nonmetro,2013_nonmetro_approximation
28135,,,28002,Mississippi Nonmetro,2013_nonmetro_approximation
28137,32820,"Memphis, TN-MS-AR",32820,"Memphis, TN-MS-AR MSA",full_2013_msa_approximation
28139,,,28002,Mississippi Nonmetro,2013_nonmetro_approximation
28141,,,28002,Mississippi Nonmetro,2013_nonmetro_approximation
28143,32820,"Memphis, TN-MS-AR",32820,"Memphis, TN-MS-AR MSA",full_2013_msa_approximation
28145,,,28002,Mississippi Nonmetro,2013_nonmetro_approximation
28147,,,28002,Mississippi Nonmetro,2013_nonmetro_approximation
28149,,,28002,Mississippi Nonmetro,2013_nonmetro_approximation
28151,,,28002,Mississippi Nonmetro,2013_nonmetro_approximation
28153,,,28002,Mississippi Nonmetro,2013_nonmetro_approximation
28155,,,28002,Mississippi Nonmetro,2013_nonmetro_approximation
28157,,,28002,Mississippi Nonmetro,2013_nonmetro_approximation
28159,,,28002,Mississippi Nonmetro,2013_nonmetro_approximation
28161,,,28002,Mississippi Nonmetro,2013_nonmetro_approximation
28163,27140,"Jackson, MS",27140,"Jackson, MS MSA",full_2013_msa_approximation
29001,,,29002,Missouri Nonmetro,2013_nonmetro_approximation
29003,41140,"St. Joseph, MO-KS",29001,Missouri Metro,unidentified_2013_metro_residual_approximation
29005,,,29002,Missouri Nonmetro,2013_nonmetro_approximation
29007,,,29002,Missouri Nonmetro,2013_nonmetro_approximation
29009,,,29002,Missouri Nonmetro,2013_nonmetro_approximation
29011,,,29002,Missouri Nonmetro,2013_nonmetro_approximation
29013,28140,"Kansas City, MO-KS",28140,"Kansas City, MO-KS MSA",full_2013_msa_approximation
29015,,,29002,Missouri Nonmetro,2013_nonmetro_approximation
29017,16020,"Cape Girardeau, MO-IL",29001,Missouri Metro,unidentified_2013_metro_residual_approximation
29019,17860,"Columbia, MO",29001,Missouri Metro,unidentified_2013_metro_residual_approximation
29021,41140,"St. Joseph, MO-KS",29001,Missouri Metro,unidentified_2013_metro_residual_approximation
29023,,,29002,Missouri Nonmetro,2013_nonmetro_approximation
29025,28140,"Kansas City, MO-KS",28140,"Kansas City, MO-KS MSA",full_2013_msa_approximation
29027,27620,"Jefferson City, MO",29001,Missouri Metro,unidentified_2013_metro_residual_approximation
29029,,,29002,Missouri Nonmetro,2013_nonmetro_approximation
29031,16020,"Cape Girardeau, MO-IL",29001,Missouri Metro,unidentified_2013_metro_residual_approximation
29033,,,29002,Missouri Nonmetro,2013_nonmetro_approximation
29035,,,29002,Missouri Nonmetro,2013_nonmetro_approximation
29037,28140,"Kansas City, MO-KS",28140,"Kansas City, MO-KS MSA",full_2013_msa_approximation
29039,,,29002,Missouri Nonmetro,2013_nonmetro_approximation
29041,,,29002,Missouri Nonmetro,2013_nonmetro_approximation
29043,44180,"Springfield, MO",44180,"Springfield, MO MSA",full_2013_msa_approximation
29045,,,29002,Missouri Nonmetro,2013_nonmetro_approximation
29047,28140,"Kansas City, MO-KS",28140,"Kansas City, MO-KS MSA",full_2013_msa_approximation
29049,28140,"Kansas City, MO-KS",28140,"Kansas City, MO-KS MSA",full_2013_msa_approximation
29051,27620,"Jefferson City, MO",29001,Missouri Metro,unidentified_2013_metro_residual_approximation
29053,,,29002,Missouri Nonmetro,2013_nonmetro_approximation
29055,,,29002,Missouri Nonmetro,2013_nonmetro_approximation
29057,,,29002,Missouri Nonmetro,2013_nonmetro_approximation
29059,44180,"Springfield, MO",44180,"Springfield, MO MSA",full_2013_msa_approximation
29061,,,29002,Missouri Nonmetro,2013_nonmetro_approximation
29063,41140,"St. Joseph, MO-KS",29001,Missouri Metro,unidentified_2013_metro_residual_approximation
29065,,,29002,Missouri Nonmetro,2013_nonmetro_approximation
29067,,,29002,Missouri Nonmetro,2013_nonmetro_approximation
29069,,,29002,Missouri Nonmetro,2013_nonmetro_approximation
29071,41180,"St. Louis, MO-IL",41180,"St. Louis, MO-IL MSA",full_2013_msa_approximation
29073,,,29002,Missouri Nonmetro,2013_nonmetro_approximation
29075,,,29002,Missouri Nonmetro,2013_nonmetro_approximation
29077,44180,"Springfield, MO",44180,"Springfield, MO MSA",full_2013_msa_approximation
29079,,,29002,Missouri Nonmetro,2013_nonmetro_approximation
29081,,,29002,Missouri Nonmetro,2013_nonmetro_approximation
29083,,,29002,Missouri Nonmetro,2013_nonmetro_approximation
29085,,,29002,Missouri Nonmetro,2013_nonmetro_approximation
29087,,,29002,Missouri Nonmetro,2013_nonmetro_approximation
29089,,,29002,Missouri Nonmetro,2013_nonmetro_approximation
29091,,,29002,Missouri Nonmetro,2013_nonmetro_approximation
29093,,,29002,Missouri Nonmetro,2013_nonmetro_approximation
29095,28140,"Kansas City, MO-KS",28140,"Kansas City, MO-KS MSA",full_2013_msa_approximation
29097,27900,"Joplin, MO",29001,Missouri Metro,unidentified_2013_metro_residual_approximation
29099,41180,"St. Louis, MO-IL",41180,"St. Louis, MO-IL MSA",full_2013_msa_approximation
29101,,,29002,Missouri Nonmetro,2013_nonmetro_approximation
29103,,,29002,Missouri Nonmetro,2013_nonmetro_approximation
29105,,,29002,Missouri Nonmetro,2013_nonmetro_approximation
29107,28140,"Kansas City, MO-KS",28140,"Kansas City, MO-KS MSA",full_2013_msa_approximation
29109,,,29002,Missouri Nonmetro,2013_nonmetro_approximation
29111,,,29002,Missouri Nonmetro,2013_nonmetro_approximation
29113,41180,"St. Louis, MO-IL",41180,"St. Louis, MO-IL MSA",full_2013_msa_approximation
29115,,,29002,Missouri Nonmetro,2013_nonmetro_approximation
29117,,,29002,Missouri Nonmetro,2013_nonmetro_approximation
29119,22220,"Fayetteville-Springdale-Rogers, AR-MO",22220,"Fayetteville-Springdale-Rogers, AR-MO MSA",full_2013_msa_approximation
29121,,,29002,Missouri Nonmetro,2013_nonmetro_approximation
29123,,,29002,Missouri Nonmetro,2013_nonmetro_approximation
29125,,,29002,Missouri Nonmetro,2013_nonmetro_approximation
29127,,,29002,Missouri Nonmetro,2013_nonmetro_approximation
29129,,,29002,Missouri Nonmetro,2013_nonmetro_approximation
29131,,,29002,Missouri Nonmetro,2013_nonmetro_approximation
29133,,,29002,Missouri Nonmetro,2013_nonmetro_approximation
29135,27620,"Jefferson City, MO",29001,Missouri Metro,unidentified_2013_metro_residual_approximation
29137,,,29002,Missouri Nonmetro,2013_nonmetro_approximation
29139,,,29002,Missouri Nonmetro,2013_nonmetro_approximation
29141,,,29002,Missouri Nonmetro,2013_nonmetro_approximation
29143,,,29002,Missouri Nonmetro,2013_nonmetro_approximation
29145,27900,"Joplin, MO",29001,Missouri Metro,unidentified_2013_metro_residual_approximation
29147,,,29002,Missouri Nonmetro,2013_nonmetro_approximation
29149,,,29002,Missouri Nonmetro,2013_nonmetro_approximation
29151,27620,"Jefferson City, MO",29001,Missouri Metro,unidentified_2013_metro_residual_approximation
29153,,,29002,Missouri Nonmetro,2013_nonmetro_approximation
29155,,,29002,Missouri Nonmetro,2013_nonmetro_approximation
29157,,,29002,Missouri Nonmetro,2013_nonmetro_approximation
29159,,,29002,Missouri Nonmetro,2013_nonmetro_approximation
29161,,,29002,Missouri Nonmetro,2013_nonmetro_approximation
29163,,,29002,Missouri Nonmetro,2013_nonmetro_approximation
29165,28140,"Kansas City, MO-KS",28140,"Kansas City, MO-KS MSA",full_2013_msa_approximation
29167,44180,"Springfield, MO",44180,"Springfield, MO MSA",full_2013_msa_approximation
29169,,,29002,Missouri Nonmetro,2013_nonmetro_approximation
29171,,,29002,Missouri Nonmetro,2013_nonmetro_approximation
29173,,,29002,Missouri Nonmetro,2013_nonmetro_approximation
29175,,,29002,Missouri Nonmetro,2013_nonmetro_approximation
29177,28140,"Kansas City, MO-KS",28140,"Kansas City, MO-KS MSA",full_2013_msa_approximation
29179,,,29002,Missouri Nonmetro,2013_nonmetro_approximation
29181,,,29002,Missouri Nonmetro,2013_nonmetro_approximation
29183,41180,"St. Louis, MO-IL",41180,"St. Louis, MO-IL MSA",full_2013_msa_approximation
29185,,,29002,Missouri Nonmetro,2013_nonmetro_approximation
29186,,,29002,Missouri Nonmetro,2013_nonmetro_approximation
29187,,,29002,Missouri Nonmetro,2013_nonmetro_approximation
29189,41180,"St. Louis, MO-IL",41180,"St. Louis, MO-IL MSA",full_2013_msa_approximation
29195,,,29002,Missouri Nonmetro,2013_nonmetro_approximation
29197,,,29002,Missouri Nonmetro,2013_nonmetro_approximation
29199,,,29002,Missouri Nonmetro,2013_nonmetro_approximation
29201,,,29002,Missouri Nonmetro,2013_nonmetro_approximation
29203,,,29002,Missouri Nonmetro,2013_nonmetro_approximation
29205,,,29002,Missouri Nonmetro,2013_nonmetro_approximation
29207,,,29002,Missouri Nonmetro,2013_nonmetro_approximation
29209,,,29002,Missouri Nonmetro,2013_nonmetro_approximation
29211,,,29002,Missouri Nonmetro,2013_nonmetro_approximation
29213,,,29002,Missouri Nonmetro,2013_nonmetro_approximation
29215,,,29002,Missouri Nonmetro,2013_nonmetro_approximation
29217,,,29002,Missouri Nonmetro,2013_nonmetro_approximation
29219,41180,"St. Louis, MO-IL",41180,"St. Louis, MO-IL MSA",full_2013_msa_approximation
29221,,,29002,Missouri Nonmetro,2013_nonmetro_approximation
29223,,,29002,Missouri Nonmetro,2013_nonmetro_approximation
29225,44180,"Springfield, MO",44180,"Springfield, MO MSA",full_2013_msa_approximation
29227,,,29002,Missouri Nonmetro,2013_nonmetro_approximation
29229,,,29002,Missouri Nonmetro,2013_nonmetro_approximation
29510,41180,"St. Louis, MO-IL",41180,"St. Louis, MO-IL MSA",full_2013_msa_approximation
30001,,,30002,Montana Nonmetro,2013_nonmetro_approximation
30003,,,30002,Montana Nonmetro,2013_nonmetro_approximation
30005,,,30002,Montana Nonmetro,2013_nonmetro_approximation
30007,,,30002,Montana Nonmetro,2013_nonmetro_approximation
30009,13740,"Billings, MT",13740,"Billings, MT MSA",full_2013_msa_approximation
30011,,,30002,Montana Nonmetro,2013_nonmetro_approximation
30013,24500,"Great Falls, MT",30001,Montana Metro,unidentified_2013_metro_residual_approximation
30015,,,30002,Montana Nonmetro,2013_nonmetro_approximation
30017,,,30002,Montana Nonmetro,2013_nonmetro_approximation
30019,,,30002,Montana Nonmetro,2013_nonmetro_approximation
30021,,,30002,Montana Nonmetro,2013_nonmetro_approximation
30023,,,30002,Montana Nonmetro,2013_nonmetro_approximation
30025,,,30002,Montana Nonmetro,2013_nonmetro_approximation
30027,,,30002,Montana Nonmetro,2013_nonmetro_approximation
30029,,,30002,Montana Nonmetro,2013_nonmetro_approximation
30031,,,30002,Montana Nonmetro,2013_nonmetro_approximation
30033,,,30002,Montana Nonmetro,2013_nonmetro_approximation
30035,,,30002,Montana Nonmetro,2013_nonmetro_approximation
30037,13740,"Billings, MT",13740,"Billings, MT MSA",full_2013_msa_approximation
30039,,,30002,Montana Nonmetro,2013_nonmetro_approximation
30041,,,30002,Montana Nonmetro,2013_nonmetro_approximation
30043,,,30002,Montana Nonmetro,2013_nonmetro_approximation
30045,,,30002,Montana Nonmetro,2013_nonmetro_approximation
30047,,,30002,Montana Nonmetro,2013_nonmetro_approximation
30049,,,30002,Montana Nonmetro,2013_nonmetro_approximation
30051,,,30002,Montana Nonmetro,2013_nonmetro_approximation
30053,,,30002,Montana Nonmetro,2013_nonmetro_approximation
30055,,,30002,Montana Nonmetro,2013_nonmetro_approximation
30057,,,30002,Montana Nonmetro,2013_nonmetro_approximation
30059,,,30002,Montana Nonmetro,2013_nonmetro_approximation
30061,,,30002,Montana Nonmetro,2013_nonmetro_approximation
30063,33540,"Missoula, MT",30001,Montana Metro,unidentified_2013_metro_residual_approximation
30065,,,30002,Montana Nonmetro,2013_nonmetro_approximation
30067,,,30002,Montana Nonmetro,2013_nonmetro_approximation
30069,,,30002,Montana Nonmetro,2013_nonmetro_approximation
30071,,,30002,Montana Nonmetro,2013_nonmetro_approximation
30073,,,30002,Montana Nonmetro,2013_nonmetro_approximation
30075,,,30002,Montana Nonmetro,2013_nonmetro_approximation
30077,,,30002,Montana Nonmetro,2013_nonmetro_approximation
30079,,,30002,Montana Nonmetro,2013_nonmetro_approximation
30081,,,30002,Montana Nonmetro,2013_nonmetro_approximation
30083,,,30002,Montana Nonmetro,2013_nonmetro_approximation
30085,,,30002,Montana Nonmetro,2013_nonmetro_approximation
30087,,,30002,Montana Nonmetro,2013_nonmetro_approximation
30089,,,30002,Montana Nonmetro,2013_nonmetro_approximation
30091,,,30002,Montana Nonmetro,2013_nonmetro_approximation
30093,,,30002,Montana Nonmetro,2013_nonmetro_approximation
30095,,,30002,Montana Nonmetro,2013_nonmetro_approximation
30097,,,30002,Montana Nonmetro,2013_nonmetro_approximation
30099,,,30002,Montana Nonmetro,2013_nonmetro_approximation
30101,,,30002,Montana Nonmetro,2013_nonmetro_approximation
30103,,,30002,Montana Nonmetro,2013_nonmetro_approximation
30105,,,30002,Montana Nonmetro,2013_nonmetro_approximation
30107,,,30002,Montana Nonmetro,2013_nonmetro_approximation
30109,,,30002,Montana Nonmetro,2013_nonmetro_approximation
30111,13740,"Billings, MT",13740,"Billings, MT MSA",full_2013_msa_approximation
31001,,,31002,Nebraska Nonmetro,2013_nonmetro_approximation
31003,,,31002,Nebraska Nonmetro,2013_nonmetro_approximation
31005,,,31002,Nebraska Nonmetro,2013_nonmetro_approximation
31007,,,31002,Nebraska Nonmetro,2013_nonmetro_approximation
31009,,,31002,Nebraska Nonmetro,2013_nonmetro_approximation
31011,,,31002,Nebraska Nonmetro,2013_nonmetro_approximation
31013,,,31002,Nebraska Nonmetro,2013_nonmetro_approximation
31015,,,31002,Nebraska Nonmetro,2013_nonmetro_approximation
31017,,,31002,Nebraska Nonmetro,2013_nonmetro_approximation
31019,,,31002,Nebraska Nonmetro,2013_nonmetro_approximation
31021,,,31002,Nebraska Nonmetro,2013_nonmetro_approximation
31023,,,31002,Nebraska Nonmetro,2013_nonmetro_approximation
31025,36540,"Omaha-Council Bluffs, NE-IA",36540,"Omaha-Council Bluffs, NE-IA MSA",full_2013_msa_approximation
31027,,,31002,Nebraska Nonmetro,2013_nonmetro_approximation
31029,,,31002,Nebraska Nonmetro,2013_nonmetro_approximation
31031,,,31002,Nebraska Nonmetro,2013_nonmetro_approximation
31033,,,31002,Nebraska Nonmetro,2013_nonmetro_approximation
31035,,,31002,Nebraska Nonmetro,2013_nonmetro_approximation
31037,,,31002,Nebraska Nonmetro,2013_nonmetro_approximation
31039,,,31002,Nebraska Nonmetro,2013_nonmetro_approximation
31041,,,31002,Nebraska Nonmetro,2013_nonmetro_approximation
31043,43580,"Sioux City, IA-NE-SD",31001,Nebraska Metro,unidentified_2013_metro_residual_approximation
31045,,,31002,Nebraska Nonmetro,2013_nonmetro_approximation
31047,,,31002,Nebraska Nonmetro,2013_nonmetro_approximation
31049,,,31002,Nebraska Nonmetro,2013_nonmetro_approximation
31051,43580,"Sioux City, IA-NE-SD",31001,Nebraska Metro,unidentified_2013_metro_residual_approximation
31053,,,31002,Nebraska Nonmetro,2013_nonmetro_approximation
31055,36540,"Omaha-Council Bluffs, NE-IA",36540,"Omaha-Council Bluffs, NE-IA MSA",full_2013_msa_approximation
31057,,,31002,Nebraska Nonmetro,2013_nonmetro_approximation
31059,,,31002,Nebraska Nonmetro,2013_nonmetro_approximation
31061,,,31002,Nebraska Nonmetro,2013_nonmetro_approximation
31063,,,31002,Nebraska Nonmetro,2013_nonmetro_approximation
31065,,,31002,Nebraska Nonmetro,2013_nonmetro_approximation
31067,,,31002,Nebraska Nonmetro,2013_nonmetro_approximation
31069,,,31002,Nebraska Nonmetro,2013_nonmetro_approximation
31071,,,31002,Nebraska Nonmetro,2013_nonmetro_approximation
31073,,,31002,Nebraska Nonmetro,2013_nonmetro_approximation
31075,,,31002,Nebraska Nonmetro,2013_nonmetro_approximation
31077,,,31002,Nebraska Nonmetro,2013_nonmetro_approximation
31079,24260,"Grand Island, NE",31001,Nebraska Metro,unidentified_2013_metro_residual_approximation
31081,24260,"Grand Island, NE",31001,Nebraska Metro,unidentified_2013_metro_residual_approximation
31083,,,31002,Nebraska Nonmetro,2013_nonmetro_approximation
31085,,,31002,Nebraska Nonmetro,2013_nonmetro_approximation
31087,,,31002,Nebraska Nonmetro,2013_nonmetro_approximation
31089,,,31002,Nebraska Nonmetro,2013_nonmetro_approximation
31091,,,31002,Nebraska Nonmetro,2013_nonmetro_approximation
31093,24260,"Grand Island, NE",31001,Nebraska Metro,unidentified_2013_metro_residual_approximation
31095,,,31002,Nebraska Nonmetro,2013_nonmetro_approximation
31097,,,31002,Nebraska Nonmetro,2013_nonmetro_approximation
31099,,,31002,Nebraska Nonmetro,2013_nonmetro_approximation
31101,,,31002,Nebraska Nonmetro,2013_nonmetro_approximation
31103,,,31002,Nebraska Nonmetro,2013_nonmetro_approximation
31105,,,31002,Nebraska Nonmetro,2013_nonmetro_approximation
31107,,,31002,Nebraska Nonmetro,2013_nonmetro_approximation
31109,30700,"Lincoln, NE",31001,Nebraska Metro,unidentified_2013_metro_residual_approximation
31111,,,31002,Nebraska Nonmetro,2013_nonmetro_approximation
31113,,,31002,Nebraska Nonmetro,2013_nonmetro_approximation
31115,,,31002,Nebraska Nonmetro,2013_nonmetro_approximation
31117,,,31002,Nebraska Nonmetro,2013_nonmetro_approximation
31119,,,31002,Nebraska Nonmetro,2013_nonmetro_approximation
31121,24260,"Grand Island, NE",31001,Nebraska Metro,unidentified_2013_metro_residual_approximation
31123,,,31002,Nebraska Nonmetro,2013_nonmetro_approximation
31125,,,31002,Nebraska Nonmetro,2013_nonmetro_approximation
31127,,,31002,Nebraska Nonmetro,2013_nonmetro_approximation
31129,,,31002,Nebraska Nonmetro,2013_nonmetro_approximation
31131,,,31002,Nebraska Nonmetro,2013_nonmetro_approximation
31133,,,31002,Nebraska Nonmetro,2013_nonmetro_approximation
31135,,,31002,Nebraska Nonmetro,2013_nonmetro_approximation
31137,,,31002,Nebraska Nonmetro,2013_nonmetro_approximation
31139,,,31002,Nebraska Nonmetro,2013_nonmetro_approximation
31141,,,31002,Nebraska Nonmetro,2013_nonmetro_approximation
31143,,,31002,Nebraska Nonmetro,2013_nonmetro_approximation
31145,,,31002,Nebraska Nonmetro,2013_nonmetro_approximation
31147,,,31002,Nebraska Nonmetro,2013_nonmetro_approximation
31149,,,31002,Nebraska Nonmetro,2013_nonmetro_approximation
31151,,,31002,Nebraska Nonmetro,2013_nonmetro_approximation
31153,36540,"Omaha-Council Bluffs, NE-IA",36540,"Omaha-Council Bluffs, NE-IA MSA",full_2013_msa_approximation
31155,36540,"Omaha-Council Bluffs, NE-IA",36540,"Omaha-Council Bluffs, NE-IA MSA",full_2013_msa_approximation
31157,,,31002,Nebraska Nonmetro,2013_nonmetro_approximation
31159,30700,"Lincoln, NE",31001,Nebraska Metro,unidentified_2013_metro_residual_approximation
31161,,,31002,Nebraska Nonmetro,2013_nonmetro_approximation
31163,,,31002,Nebraska Nonmetro,2013_nonmetro_approximation
31165,,,31002,Nebraska Nonmetro,2013_nonmetro_approximation
31167,,,31002,Nebraska Nonmetro,2013_nonmetro_approximation
31169,,,31002,Nebraska Nonmetro,2013_nonmetro_approximation
31171,,,31002,Nebraska Nonmetro,2013_nonmetro_approximation
31173,,,31002,Nebraska Nonmetro,2013_nonmetro_approximation
31175,,,31002,Nebraska Nonmetro,2013_nonmetro_approximation
31177,36540,"Omaha-Council Bluffs, NE-IA",36540,"Omaha-Council Bluffs, NE-IA MSA",full_2013_msa_approximation
31179,,,31002,Nebraska Nonmetro,2013_nonmetro_approximation
31181,,,31002,Nebraska Nonmetro,2013_nonmetro_approximation
31183,,,31002,Nebraska Nonmetro,2013_nonmetro_approximation
31185,,,31002,Nebraska Nonmetro,2013_nonmetro_approximation
32001,,,32002,Nevada Nonmetro,2013_nonmetro_approximation
32003,29820,"Las Vegas-Henderson-Paradise, NV",29820,"Las Vegas-Henderson-Paradise, NV MSA",full_2013_msa_approximation
32005,,,32002,Nevada Nonmetro,2013_nonmetro_approximation
32007,,,32002,Nevada Nonmetro,2013_nonmetro_approximation
32009,,,32002,Nevada Nonmetro,2013_nonmetro_approximation
32011,,,32002,Nevada Nonmetro,2013_nonmetro_approximation
32013,,,32002,Nevada Nonmetro,2013_nonmetro_approximation
32015,,,32002,Nevada Nonmetro,2013_nonmetro_approximation
32017,,,32002,Nevada Nonmetro,2013_nonmetro_approximation
32019,,,32002,Nevada Nonmetro,2013_nonmetro_approximation
32021,,,32002,Nevada Nonmetro,2013_nonmetro_approximation
32023,,,32002,Nevada Nonmetro,2013_nonmetro_approximation
32027,,,32002,Nevada Nonmetro,2013_nonmetro_approximation
32029,39900,"Reno, NV",32001,Nevada Metro,unidentified_2013_metro_residual_approximation
32031,39900,"Reno, NV",32001,Nevada Metro,unidentified_2013_metro_residual_approximation
32033,,,32002,Nevada Nonmetro,2013_nonmetro_approximation
32510,16180,"Carson City, NV",32001,Nevada Metro,unidentified_2013_metro_residual_approximation
33001,,,33002,New Hampshire Nonmetro,2013_nonmetro_approximation
33003,,,33002,New Hampshire Nonmetro,2013_nonmetro_approximation
33005,,,33002,New Hampshire Nonmetro,2013_nonmetro_approximation
33007,,,33002,New Hampshire Nonmetro,2013_nonmetro_approximation
33009,,,33002,New Hampshire Nonmetro,2013_nonmetro_approximation
33011,31700,"Manchester-Nashua, NH",31700,"Manchester-Nashua, NH MSA",full_2013_msa_approximation
33013,,,33002,New Hampshire Nonmetro,2013_nonmetro_approximation
33015,14460,"Boston-Cambridge-Newton, MA-NH",14460,"Boston-Cambridge-Newton, MA-NH MSA",full_2013_msa_approximation
33017,14460,"Boston-Cambridge-Newton, MA-NH",14460,"Boston-Cambridge-Newton, MA-NH MSA",full_2013_msa_approximation
33019,,,33002,New Hampshire Nonmetro,2013_nonmetro_approximation
34001,12100,"Atlantic City-Hammonton, NJ",12100,"Atlantic City-Hammonton, NJ MSA",full_2013_msa_approximation
34003,35620,"New York-Newark-Jersey City, NY-NJ-PA",35620,"New York-Newark-Jersey City, NY-NJ-PA MSA",full_2013_msa_approximation
34005,37980,"Philadelphia-Camden-Wilmington, PA-NJ-DE-MD",37980,"Philadelphia-Camden-Wilmington, PA-NJ-DE-MD MSA",full_2013_msa_approximation
34007,37980,"Philadelphia-Camden-Wilmington, PA-NJ-DE-MD",37980,"Philadelphia-Camden-Wilmington, PA-NJ-DE-MD MSA",full_2013_msa_approximation
34009,36140,"Ocean City, NJ",34001,New Jersey Metro,unidentified_2013_metro_residual_approximation
34011,47220,"Vineland-Bridgeton, NJ",47220,"Vineland-Bridgeton, NJ MSA",full_2013_msa_approximation
34013,35620,"New York-Newark-Jersey City, NY-NJ-PA",35620,"New York-Newark-Jersey City, NY-NJ-PA MSA",full_2013_msa_approximation
34015,37980,"Philadelphia-Camden-Wilmington, PA-NJ-DE-MD",37980,"Philadelphia-Camden-Wilmington, PA-NJ-DE-MD MSA",full_2013_msa_approximation
34017,35620,"New York-Newark-Jersey City, NY-NJ-PA",35620,"New York-Newark-Jersey City, NY-NJ-PA MSA",full_2013_msa_approximation
34019,35620,"New York-Newark-Jersey City, NY-NJ-PA",35620,"New York-Newark-Jersey City, NY-NJ-PA MSA",full_2013_msa_approximation
34021,45940,"Trenton, NJ",45940,"Trenton, NJ MSA",full_2013_msa_approximation
34023,35620,"New York-Newark-Jersey City, NY-NJ-PA",35620,"New York-Newark-Jersey City, NY-NJ-PA MSA",full_2013_msa_approximation
34025,35620,"New York-Newark-Jersey City, NY-NJ-PA",35620,"New York-Newark-Jersey City, NY-NJ-PA MSA",full_2013_msa_approximation
34027,35620,"New York-Newark-Jersey City, NY-NJ-PA",35620,"New York-Newark-Jersey City, NY-NJ-PA MSA",full_2013_msa_approximation
34029,35620,"New York-Newark-Jersey City, NY-NJ-PA",35620,"New York-Newark-Jersey City, NY-NJ-PA MSA",full_2013_msa_approximation
34031,35620,"New York-Newark-Jersey City, NY-NJ-PA",35620,"New York-Newark-Jersey City, NY-NJ-PA MSA",full_2013_msa_approximation
34033,37980,"Philadelphia-Camden-Wilmington, PA-NJ-DE-MD",37980,"Philadelphia-Camden-Wilmington, PA-NJ-DE-MD MSA",full_2013_msa_approximation
34035,35620,"New York-Newark-Jersey City, NY-NJ-PA",35620,"New York-Newark-Jersey City, NY-NJ-PA MSA",full_2013_msa_approximation
34037,35620,"New York-Newark-Jersey City, NY-NJ-PA",35620,"New York-Newark-Jersey City, NY-NJ-PA MSA",full_2013_msa_approximation
34039,35620,"New York-Newark-Jersey City, NY-NJ-PA",35620,"New York-Newark-Jersey City, NY-NJ-PA MSA",full_2013_msa_approximation
34041,10900,"Allentown-Bethlehem-Easton, PA-NJ",10900,"Allentown-Bethlehem-Easton, PA-NJ MSA",full_2013_msa_approximation
35001,10740,"Albuquerque, NM",10740,"Albuquerque, NM MSA",full_2013_msa_approximation
35003,,,35002,New Mexico Nonmetro,2013_nonmetro_approximation
35005,,,35002,New Mexico Nonmetro,2013_nonmetro_approximation
35006,,,35002,New Mexico Nonmetro,2013_nonmetro_approximation
35007,,,35002,New Mexico Nonmetro,2013_nonmetro_approximation
35009,,,35002,New Mexico Nonmetro,2013_nonmetro_approximation
35011,,,35002,New Mexico Nonmetro,2013_nonmetro_approximation
35013,29740,"Las Cruces, NM",29740,"Las Cruces, NM MSA",full_2013_msa_approximation
35015,,,35002,New Mexico Nonmetro,2013_nonmetro_approximation
35017,,,35002,New Mexico Nonmetro,2013_nonmetro_approximation
35019,,,35002,New Mexico Nonmetro,2013_nonmetro_approximation
35021,,,35002,New Mexico Nonmetro,2013_nonmetro_approximation
35023,,,35002,New Mexico Nonmetro,2013_nonmetro_approximation
35025,,,35002,New Mexico Nonmetro,2013_nonmetro_approximation
35027,,,35002,New Mexico Nonmetro,2013_nonmetro_approximation
35028,,,35002,New Mexico Nonmetro,2013_nonmetro_approximation
35029,,,35002,New Mexico Nonmetro,2013_nonmetro_approximation
35031,,,35002,New Mexico Nonmetro,2013_nonmetro_approximation
35033,,,35002,New Mexico Nonmetro,2013_nonmetro_approximation
35035,,,35002,New Mexico Nonmetro,2013_nonmetro_approximation
35037,,,35002,New Mexico Nonmetro,2013_nonmetro_approximation
35039,,,35002,New Mexico Nonmetro,2013_nonmetro_approximation
35041,,,35002,New Mexico Nonmetro,2013_nonmetro_approximation
35043,10740,"Albuquerque, NM",10740,"Albuquerque, NM MSA",full_2013_msa_approximation
35045,22140,"Farmington, NM",22140,"Farmington, NM MSA",full_2013_msa_approximation
35047,,,35002,New Mexico Nonmetro,2013_nonmetro_approximation
35049,42140,"Santa Fe, NM",42140,"Santa Fe, NM MSA",full_2013_msa_approximation
35051,,,35002,New Mexico Nonmetro,2013_nonmetro_approximation
35053,,,35002,New Mexico Nonmetro,2013_nonmetro_approximation
35055,,,35002,New Mexico Nonmetro,2013_nonmetro_approximation
35057,10740,"Albuquerque, NM",10740,"Albuquerque, NM MSA",full_2013_msa_approximation
35059,,,35002,New Mexico Nonmetro,2013_nonmetro_approximation
35061,10740,"Albuquerque, NM",10740,"Albuquerque, NM MSA",full_2013_msa_approximation
36001,10580,"Albany-Schenectady-Troy, NY",10580,"Albany-Schenectady-Troy, NY MSA",full_2013_msa_approximation
36003,,,36002,New York Nonmetro,2013_nonmetro_approximation
36005,35620,"New York-Newark-Jersey City, NY-NJ-PA",35620,"New York-Newark-Jersey City, NY-NJ-PA MSA",full_2013_msa_approximation
36007,13780,"Binghamton, NY",13780,"Binghamton, NY MSA",full_2013_msa_approximation
36009,,,36002,New York Nonmetro,2013_nonmetro_approximation
36011,,,36002,New York Nonmetro,2013_nonmetro_approximation
36013,,,36002,New York Nonmetro,2013_nonmetro_approximation
36015,21300,"Elmira, NY",,,not_represented_by_published_area
36017,,,36002,New York Nonmetro,2013_nonmetro_approximation
36019,,,36002,New York Nonmetro,2013_nonmetro_approximation
36021,,,36002,New York Nonmetro,2013_nonmetro_approximation
36023,,,36002,New York Nonmetro,2013_nonmetro_approximation
36025,,,36002,New York Nonmetro,2013_nonmetro_approximation
36027,35620,"New York-Newark-Jersey City, NY-NJ-PA",35620,"New York-Newark-Jersey City, NY-NJ-PA MSA",full_2013_msa_approximation
36029,15380,"Buffalo-Cheektowaga-Niagara Falls, NY",15380,"Buffalo-Cheektowaga-Niagara Falls, NY MSA",full_2013_msa_approximation
36031,,,36002,New York Nonmetro,2013_nonmetro_approximation
36033,,,36002,New York Nonmetro,2013_nonmetro_approximation
36035,,,36002,New York Nonmetro,2013_nonmetro_approximation
36037,,,36002,New York Nonmetro,2013_nonmetro_approximation
36039,,,36002,New York Nonmetro,2013_nonmetro_approximation
36041,,,36002,New York Nonmetro,2013_nonmetro_approximation
36043,46540,"Utica-Rome, NY",46540,"Utica-Rome, NY MSA",full_2013_msa_approximation
36045,48060,"Watertown-Fort Drum, NY",48060,"Watertown-Fort Drum, NY MSA",full_2013_msa_approximation
36047,35620,"New York-Newark-Jersey City, NY-NJ-PA",35620,"New York-Newark-Jersey City, NY-NJ-PA MSA",full_2013_msa_approximation
36049,,,36002,New York Nonmetro,2013_nonmetro_approximation
36051,40380,"Rochester, NY",40380,"Rochester, NY MSA",full_2013_msa_approximation
36053,45060,"Syracuse, NY",45060,"Syracuse, NY MSA",full_2013_msa_approximation
36055,40380,"Rochester, NY",40380,"Rochester, NY MSA",full_2013_msa_approximation
36057,,,36002,New York Nonmetro,2013_nonmetro_approximation
36059,35620,"New York-Newark-Jersey City, NY-NJ-PA",35620,"New York-Newark-Jersey City, NY-NJ-PA MSA",full_2013_msa_approximation
36061,35620,"New York-Newark-Jersey City, NY-NJ-PA",35620,"New York-Newark-Jersey City, NY-NJ-PA MSA",full_2013_msa_approximation
36063,15380,"Buffalo-Cheektowaga-Niagara Falls, NY",15380,"Buffalo-Cheektowaga-Niagara Falls, NY MSA",full_2013_msa_approximation
36065,46540,"Utica-Rome, NY",46540,"Utica-Rome, NY MSA",full_2013_msa_approximation
36067,45060,"Syracuse, NY",45060,"Syracuse, NY MSA",full_2013_msa_approximation
36069,40380,"Rochester, NY",40380,"Rochester, NY MSA",full_2013_msa_approximation
36071,35620,"New York-Newark-Jersey City, NY-NJ-PA",35620,"New York-Newark-Jersey City, NY-NJ-PA MSA",full_2013_msa_approximation
36073,40380,"Rochester, NY",40380,"Rochester, NY MSA",full_2013_msa_approximation
36075,45060,"Syracuse, NY",45060,"Syracuse, NY MSA",full_2013_msa_approximation
36077,,,36002,New York Nonmetro,2013_nonmetro_approximation
36079,35620,"New York-Newark-Jersey City, NY-NJ-PA",35620,"New York-Newark-Jersey City, NY-NJ-PA MSA",full_2013_msa_approximation
36081,35620,"New York-Newark-Jersey City, NY-NJ-PA",35620,"New York-Newark-Jersey City, NY-NJ-PA MSA",full_2013_msa_approximation
36083,10580,"Albany-Schenectady-Troy, NY",10580,"Albany-Schenectady-Troy, NY MSA",full_2013_msa_approximation
36085,35620,"New York-Newark-Jersey City, NY-NJ-PA",35620,"New York-Newark-Jersey City, NY-NJ-PA MSA",full_2013_msa_approximation
36087,35620,"New York-Newark-Jersey City, NY-NJ-PA",35620,"New York-Newark-Jersey City, NY-NJ-PA MSA",full_2013_msa_approximation
36089,,,36002,New York Nonmetro,2013_nonmetro_approximation
36091,10580,"Albany-Schenectady-Troy, NY",10580,"Albany-Schenectady-Troy, NY MSA",full_2013_msa_approximation
36093,10580,"Albany-Schenectady-Troy, NY",10580,"Albany-Schenectady-Troy, NY MSA",full_2013_msa_approximation
36095,10580,"Albany-Schenectady-Troy, NY",10580,"Albany-Schenectady-Troy, NY MSA",full_2013_msa_approximation
36097,,,36002,New York Nonmetro,2013_nonmetro_approximation
36099,,,36002,New York Nonmetro,2013_nonmetro_approximation
36101,,,36002,New York Nonmetro,2013_nonmetro_approximation
36103,35620,"New York-Newark-Jersey City, NY-NJ-PA",35620,"New York-Newark-Jersey City, NY-NJ-PA MSA",full_2013_msa_approximation
36105,,,36002,New York Nonmetro,2013_nonmetro_approximation
36107,13780,"Binghamton, NY",13780,"Binghamton, NY MSA",full_2013_msa_approximation
36109,27060,"Ithaca, NY",,,not_represented_by_published_area
36111,28740,"Kingston, NY",,,not_represented_by_published_area
36113,24020,"Glens Falls, NY",24020,"Glens Falls, NY MSA",full_2013_msa_approximation
36115,24020,"Glens Falls, NY",24020,"Glens Falls, NY MSA",full_2013_msa_approximation
36117,40380,"Rochester, NY",40380,"Rochester, NY MSA",full_2013_msa_approximation
36119,35620,"New York-Newark-Jersey City, NY-NJ-PA",35620,"New York-Newark-Jersey City, NY-NJ-PA MSA",full_2013_msa_approximation
36121,,,36002,New York Nonmetro,2013_nonmetro_approximation
36123,40380,"Rochester, NY",40380,"Rochester, NY MSA",full_2013_msa_approximation
37001,15500,"Burlington, NC",15500,"Burlington, NC MSA",full_2013_msa_approximation
37003,25860,"Hickory-Lenoir-Morganton, NC",25860,"Hickory-Lenoir-Morganton, NC MSA",full_2013_msa_approximation
37005,,,37002,North Carolina Nonmetro,2013_nonmetro_approximation
37007,,,37002,North Carolina Nonmetro,2013_nonmetro_approximation
37009,,,37002,North Carolina Nonmetro,2013_nonmetro_approximation
37011,,,37002,North Carolina Nonmetro,2013_nonmetro_approximation
37013,,,37002,North Carolina Nonmetro,2013_nonmetro_approximation
37015,,,37002,North Carolina Nonmetro,2013_nonmetro_approximation
37017,,,37002,North Carolina Nonmetro,2013_nonmetro_approximation
37019,34820,"Myrtle Beach-Conway-North Myrtle Beach, SC-NC",34820,"Myrtle Beach-Conway-North Myrtle Beach, SC-NC MSA",full_2013_msa_approximation
37021,11700,"Asheville, NC",11700,"Asheville, NC MSA",full_2013_msa_approximation
37023,25860,"Hickory-Lenoir-Morganton, NC",25860,"Hickory-Lenoir-Morganton, NC MSA",full_2013_msa_approximation
37025,16740,"Charlotte-Concord-Gastonia, NC-SC",16740,"Charlotte-Concord-Gastonia, NC-SC MSA",full_2013_msa_approximation
37027,25860,"Hickory-Lenoir-Morganton, NC",25860,"Hickory-Lenoir-Morganton, NC MSA",full_2013_msa_approximation
37029,,,37002,North Carolina Nonmetro,2013_nonmetro_approximation
37031,,,37002,North Carolina Nonmetro,2013_nonmetro_approximation
37033,,,37002,North Carolina Nonmetro,2013_nonmetro_approximation
37035,25860,"Hickory-Lenoir-Morganton, NC",25860,"Hickory-Lenoir-Morganton, NC MSA",full_2013_msa_approximation
37037,20500,"Durham-Chapel Hill, NC",20500,"Durham-Chapel Hill, NC MSA",full_2013_msa_approximation
37039,,,37002,North Carolina Nonmetro,2013_nonmetro_approximation
37041,,,37002,North Carolina Nonmetro,2013_nonmetro_approximation
37043,,,37002,North Carolina Nonmetro,2013_nonmetro_approximation
37045,,,37002,North Carolina Nonmetro,2013_nonmetro_approximation
37047,,,37002,North Carolina Nonmetro,2013_nonmetro_approximation
37049,35100,"New Bern, NC",37001,North Carolina Metro,unidentified_2013_metro_residual_approximation
37051,22180,"Fayetteville, NC",22180,"Fayetteville, NC MSA",full_2013_msa_approximation
37053,47260,"Virginia Beach-Norfolk-Newport News, VA-NC",47260,"Virginia Beach-Norfolk-Newport News, VA-NC MSA",full_2013_msa_approximation
37055,,,37002,North Carolina Nonmetro,2013_nonmetro_approximation
37057,49180,"Winston-Salem, NC",49180,"Winston-Salem, NC MSA",full_2013_msa_approximation
37059,49180,"Winston-Salem, NC",49180,"Winston-Salem, NC MSA",full_2013_msa_approximation
37061,,,37002,North Carolina Nonmetro,2013_nonmetro_approximation
37063,20500,"Durham-Chapel Hill, NC",20500,"Durham-Chapel Hill, NC MSA",full_2013_msa_approximation
37065,40580,"Rocky Mount, NC",37001,North Carolina Metro,unidentified_2013_metro_residual_approximation
37067,49180,"Winston-Salem, NC",49180,"Winston-Salem, NC MSA",full_2013_msa_approximation
37069,39580,"Raleigh, NC",39580,"Raleigh, NC MSA",full_2013_msa_approximation
37071,16740,"Charlotte-Concord-Gastonia, NC-SC",16740,"Charlotte-Concord-Gastonia, NC-SC MSA",full_2013_msa_approximation
37073,47260,"Virginia Beach-Norfolk-Newport News, VA-NC",47260,"Virginia Beach-Norfolk-Newport News, VA-NC MSA",full_2013_msa_approximation
37075,,,37002,North Carolina Nonmetro,2013_nonmetro_approximation
37077,,,37002,North Carolina Nonmetro,2013_nonmetro_approximation
37079,,,37002,North Carolina Nonmetro,2013_nonmetro_approximation
37081,24660,"Greensboro-High Point, NC",24660,"Greensboro-High Point, NC MSA",full_2013_msa_approximation
37083,,,37002,North Carolina Nonmetro,2013_nonmetro_approximation
37085,,,37002,North Carolina Nonmetro,2013_nonmetro_approximation
37087,11700,"Asheville, NC",11700,"Asheville, NC MSA",full_2013_msa_approximation
37089,11700,"Asheville, NC",11700,"Asheville, NC MSA",full_2013_msa_approximation
37091,,,37002,North Carolina Nonmetro,2013_nonmetro_approximation
37093,22180,"Fayetteville, NC",22180,"Fayetteville, NC MSA",full_2013_msa_approximation
37095,,,37002,North Carolina Nonmetro,2013_nonmetro_approximation
37097,16740,"Charlotte-Concord-Gastonia, NC-SC",16740,"Charlotte-Concord-Gastonia, NC-SC MSA",full_2013_msa_approximation
37099,,,37002,North Carolina Nonmetro,2013_nonmetro_approximation
37101,39580,"Raleigh, NC",39580,"Raleigh, NC MSA",full_2013_msa_approximation
37103,35100,"New Bern, NC",37001,North Carolina Metro,unidentified_2013_metro_residual_approximation
37105,,,37002,North Carolina Nonmetro,2013_nonmetro_approximation
37107,,,37002,North Carolina Nonmetro,2013_nonmetro_approximation
37109,16740,"Charlotte-Concord-Gastonia, NC-SC",16740,"Charlotte-Concord-Gastonia, NC-SC MSA",full_2013_msa_approximation
37111,,,37002,North Carolina Nonmetro,2013_nonmetro_approximation
37113,,,37002,North Carolina Nonmetro,2013_nonmetro_approximation
37115,11700,"Asheville, NC",11700,"Asheville, NC MSA",full_2013_msa_approximation
37117,,,37002,North Carolina Nonmetro,2013_nonmetro_approximation
37119,16740,"Charlotte-Concord-Gastonia, NC-SC",16740,"Charlotte-Concord-Gastonia, NC-SC MSA",full_2013_msa_approximation
37121,,,37002,North Carolina Nonmetro,2013_nonmetro_approximation
37123,,,37002,North Carolina Nonmetro,2013_nonmetro_approximation
37125,,,37002,North Carolina Nonmetro,2013_nonmetro_approximation
37127,40580,"Rocky Mount, NC",37001,North Carolina Metro,unidentified_2013_metro_residual_approximation
37129,48900,"Wilmington, NC",37001,North Carolina Metro,unidentified_2013_metro_residual_approximation
37131,,,37002,North Carolina Nonmetro,2013_nonmetro_approximation
37133,27340,"Jacksonville, NC",27340,"Jacksonville, NC MSA",full_2013_msa_approximation
37135,20500,"Durham-Chapel Hill, NC",20500,"Durham-Chapel Hill, NC MSA",full_2013_msa_approximation
37137,35100,"New Bern, NC",37001,North Carolina Metro,unidentified_2013_metro_residual_approximation
37139,,,37002,North Carolina Nonmetro,2013_nonmetro_approximation
37141,48900,"Wilmington, NC",37001,North Carolina Metro,unidentified_2013_metro_residual_approximation
37143,,,37002,North Carolina Nonmetro,2013_nonmetro_approximation
37145,20500,"Durham-Chapel Hill, NC",20500,"Durham-Chapel Hill, NC MSA",full_2013_msa_approximation
37147,24780,"Greenville, NC",24780,"Greenville, NC MSA",full_2013_msa_approximation
37149,,,37002,North Carolina Nonmetro,2013_nonmetro_approximation
37151,24660,"Greensboro-High Point, NC",24660,"Greensboro-High Point, NC MSA",full_2013_msa_approximation
37153,,,37002,North Carolina Nonmetro,2013_nonmetro_approximation
37155,,,37002,North Carolina Nonmetro,2013_nonmetro_approximation
37157,24660,"Greensboro-High Point, NC",24660,"Greensboro-High Point, NC MSA",full_2013_msa_approximation
37159,16740,"Charlotte-Concord-Gastonia, NC-SC",16740,"Charlotte-Concord-Gastonia, NC-SC MSA",full_2013_msa_approximation
37161,,,37002,North Carolina Nonmetro,2013_nonmetro_approximation
37163,,,37002,North Carolina Nonmetro,2013_nonmetro_approximation
37165,,,37002,North Carolina Nonmetro,2013_nonmetro_approximation
37167,,,37002,North Carolina Nonmetro,2013_nonmetro_approximation
37169,49180,"Winston-Salem, NC",49180,"Winston-Salem, NC MSA",full_2013_msa_approximation
37171,,,37002,North Carolina Nonmetro,2013_nonmetro_approximation
37173,,,37002,North Carolina Nonmetro,2013_nonmetro_approximation
37175,,,37002,North Carolina Nonmetro,2013_nonmetro_approximation
37177,,,37002,North Carolina Nonmetro,2013_nonmetro_approximation
37179,16740,"Charlotte-Concord-Gastonia, NC-SC",16740,"Charlotte-Concord-Gastonia, NC-SC MSA",full_2013_msa_approximation
37181,,,37002,North Carolina Nonmetro,2013_nonmetro_approximation
37183,39580,"Raleigh, NC",39580,"Raleigh, NC MSA",full_2013_msa_approximation
37185,,,37002,North Carolina Nonmetro,2013_nonmetro_approximation
37187,,,37002,North Carolina Nonmetro,2013_nonmetro_approximation
37189,,,37002,North Carolina Nonmetro,2013_nonmetro_approximation
37191,24140,"Goldsboro, NC",24140,"Goldsboro, NC MSA",full_2013_msa_approximation
37193,,,37002,North Carolina Nonmetro,2013_nonmetro_approximation
37195,,,37002,North Carolina Nonmetro,2013_nonmetro_approximation
37197,49180,"Winston-Salem, NC",49180,"Winston-Salem, NC MSA",full_2013_msa_approximation
37199,,,37002,North Carolina Nonmetro,2013_nonmetro_approximation
38001,,,38002,North Dakota Nonmetro,2013_nonmetro_approximation
38003,,,38002,North Dakota Nonmetro,2013_nonmetro_approximation
38005,,,38002,North Dakota Nonmetro,2013_nonmetro_approximation
38007,,,38002,North Dakota Nonmetro,2013_nonmetro_approximation
38009,,,38002,North Dakota Nonmetro,2013_nonmetro_approximation
38011,,,38002,North Dakota Nonmetro,2013_nonmetro_approximation
38013,,,38002,North Dakota Nonmetro,2013_nonmetro_approximation
38015,13900,"Bismarck, ND",38001,North Dakota Metro,unidentified_2013_metro_residual_approximation
38017,22020,"Fargo, ND-MN",22020,"Fargo, ND-MN MSA",full_2013_msa_approximation
38019,,,38002,North Dakota Nonmetro,2013_nonmetro_approximation
38021,,,38002,North Dakota Nonmetro,2013_nonmetro_approximation
38023,,,38002,North Dakota Nonmetro,2013_nonmetro_approximation
38025,,,38002,North Dakota Nonmetro,2013_nonmetro_approximation
38027,,,38002,North Dakota Nonmetro,2013_nonmetro_approximation
38029,,,38002,North Dakota Nonmetro,2013_nonmetro_approximation
38031,,,38002,North Dakota Nonmetro,2013_nonmetro_approximation
38033,,,38002,North Dakota Nonmetro,2013_nonmetro_approximation
38035,24220,"Grand Forks, ND-MN",38001,North Dakota Metro,unidentified_2013_metro_residual_approximation
38037,,,38002,North Dakota Nonmetro,2013_nonmetro_approximation
38039,,,38002,North Dakota Nonmetro,2013_nonmetro_approximation
38041,,,38002,North Dakota Nonmetro,2013_nonmetro_approximation
38043,,,38002,North Dakota Nonmetro,2013_nonmetro_approximation
38045,,,38002,North Dakota Nonmetro,2013_nonmetro_approximation
38047,,,38002,North Dakota Nonmetro,2013_nonmetro_approximation
38049,,,38002,North Dakota Nonmetro,2013_nonmetro_approximation
38051,,,38002,North Dakota Nonmetro,2013_nonmetro_approximation
38053,,,38002,North Dakota Nonmetro,2013_nonmetro_approximation
38055,,,38002,North Dakota Nonmetro,2013_nonmetro_approximation
38057,,,38002,North Dakota Nonmetro,2013_nonmetro_approximation
38059,13900,"Bismarck, ND",38001,North Dakota Metro,unidentified_2013_metro_residual_approximation
38061,,,38002,North Dakota Nonmetro,2013_nonmetro_approximation
38063,,,38002,North Dakota Nonmetro,2013_nonmetro_approximation
38065,13900,"Bismarck, ND",38001,North Dakota Metro,unidentified_2013_metro_residual_approximation
38067,,,38002,North Dakota Nonmetro,2013_nonmetro_approximation
38069,,,38002,North Dakota Nonmetro,2013_nonmetro_approximation
38071,,,38002,North Dakota Nonmetro,2013_nonmetro_approximation
38073,,,38002,North Dakota Nonmetro,2013_nonmetro_approximation
38075,,,38002,North Dakota Nonmetro,2013_nonmetro_approximation
38077,,,38002,North Dakota Nonmetro,2013_nonmetro_approximation
38079,,,38002,North Dakota Nonmetro,2013_nonmetro_approximation
38081,,,38002,North Dakota Nonmetro,2013_nonmetro_approximation
38083,,,38002,North Dakota Nonmetro,2013_nonmetro_approximation
38085,13900,"Bismarck, ND",38001,North Dakota Metro,unidentified_2013_metro_residual_approximation
38087,,,38002,North Dakota Nonmetro,2013_nonmetro_approximation
38089,,,38002,North Dakota Nonmetro,2013_nonmetro_approximation
38091,,,38002,North Dakota Nonmetro,2013_nonmetro_approximation
38093,,,38002,North Dakota Nonmetro,2013_nonmetro_approximation
38095,,,38002,North Dakota Nonmetro,2013_nonmetro_approximation
38097,,,38002,North Dakota Nonmetro,2013_nonmetro_approximation
38099,,,38002,North Dakota Nonmetro,2013_nonmetro_approximation
38101,,,38002,North Dakota Nonmetro,2013_nonmetro_approximation
38103,,,38002,North Dakota Nonmetro,2013_nonmetro_approximation
38105,,,38002,North Dakota Nonmetro,2013_nonmetro_approximation
39001,,,39002,Ohio Nonmetro,2013_nonmetro_approximation
39003,30620,"Lima, OH",39001,Ohio Metro,unidentified_2013_metro_residual_approximation
39005,,,39002,Ohio Nonmetro,2013_nonmetro_approximation
39007,,,39002,Ohio Nonmetro,2013_nonmetro_approximation
39009,,,39002,Ohio Nonmetro,2013_nonmetro_approximation
39011,,,39002,Ohio Nonmetro,2013_nonmetro_approximation
39013,48540,"Wheeling, WV-OH",39001,Ohio Metro,unidentified_2013_metro_residual_approximation
39015,17140,"Cincinnati, OH-KY-IN",17140,"Cincinnati, OH-KY-IN MSA",full_2013_msa_approximation
39017,17140,"Cincinnati, OH-KY-IN",17140,"Cincinnati, OH-KY-IN MSA",full_2013_msa_approximation
39019,15940,"Canton-Massillon, OH",15940,"Canton-Massillon, OH MSA",full_2013_msa_approximation
39021,,,39002,Ohio Nonmetro,2013_nonmetro_approximation
39023,44220,"Springfield, OH",39001,Ohio Metro,unidentified_2013_metro_residual_approximation
39025,17140,"Cincinnati, OH-KY-IN",17140,"Cincinnati, OH-KY-IN MSA",full_2013_msa_approximation
39027,,,39002,Ohio Nonmetro,2013_nonmetro_approximation
39029,,,39002,Ohio Nonmetro,2013_nonmetro_approximation
39031,,,39002,Ohio Nonmetro,2013_nonmetro_approximation
39033,,,39002,Ohio Nonmetro,2013_nonmetro_approximation
39035,17460,"Cleveland-Elyria, OH",17460,"Cleveland-Elyria, OH MSA",full_2013_msa_approximation
39037,,,39002,Ohio Nonmetro,2013_nonmetro_approximation
39039,,,39002,Ohio Nonmetro,2013_nonmetro_approximation
39041,18140,"Columbus, OH",18140,"Columbus, OH MSA",full_2013_msa_approximation
39043,,,39002,Ohio Nonmetro,2013_nonmetro_approximation
39045,18140,"Columbus, OH",18140,"Columbus, OH MSA",full_2013_msa_approximation
39047,,,39002,Ohio Nonmetro,2013_nonmetro_approximation
39049,18140,"Columbus, OH",18140,"Columbus, OH MSA",full_2013_msa_approximation
39051,45780,"Toledo, OH",45780,"Toledo, OH MSA",full_2013_msa_approximation
39053,,,39002,Ohio Nonmetro,2013_nonmetro_approximation
39055,17460,"Cleveland-Elyria, OH",17460,"Cleveland-Elyria, OH MSA",full_2013_msa_approximation
39057,19380,"Dayton, OH",19380,"Dayton, OH MSA",full_2013_msa_approximation
39059,,,39002,Ohio Nonmetro,2013_nonmetro_approximation
39061,17140,"Cincinnati, OH-KY-IN",17140,"Cincinnati, OH-KY-IN MSA",full_2013_msa_approximation
39063,,,39002,Ohio Nonmetro,2013_nonmetro_approximation
39065,,,39002,Ohio Nonmetro,2013_nonmetro_approximation
39067,,,39002,Ohio Nonmetro,2013_nonmetro_approximation
39069,,,39002,Ohio Nonmetro,2013_nonmetro_approximation
39071,,,39002,Ohio Nonmetro,2013_nonmetro_approximation
39073,18140,"Columbus, OH",18140,"Columbus, OH MSA",full_2013_msa_approximation
39075,,,39002,Ohio Nonmetro,2013_nonmetro_approximation
39077,,,39002,Ohio Nonmetro,2013_nonmetro_approximation
39079,,,39002,Ohio Nonmetro,2013_nonmetro_approximation
39081,48260,"Weirton-Steubenville, WV-OH",39001,Ohio Metro,unidentified_2013_metro_residual_approximation
39083,,,39002,Ohio Nonmetro,2013_nonmetro_approximation
39085,17460,"Cleveland-Elyria, OH",17460,"Cleveland-Elyria, OH MSA",full_2013_msa_approximation
39087,26580,"Huntington-Ashland, WV-KY-OH",26580,"Huntington-Ashland, WV-KY-OH MSA",full_2013_msa_approximation
39089,18140,"Columbus, OH",18140,"Columbus, OH MSA",full_2013_msa_approximation
39091,,,39002,Ohio Nonmetro,2013_nonmetro_approximation
39093,17460,"Cleveland-Elyria, OH",17460,"Cleveland-Elyria, OH MSA",full_2013_msa_approximation
39095,45780,"Toledo, OH",45780,"Toledo, OH MSA",full_2013_msa_approximation
39097,18140,"Columbus, OH",18140,"Columbus, OH MSA",full_2013_msa_approximation
39099,49660,"Youngstown-Warren-Boardman, OH-PA",49660,"Youngstown-Warren-Boardman, OH-PA MSA",full_2013_msa_approximation
39101,,,39002,Ohio Nonmetro,2013_nonmetro_approximation
39103,17460,"Cleveland-Elyria, OH",17460,"Cleveland-Elyria, OH MSA",full_2013_msa_approximation
39105,,,39002,Ohio Nonmetro,2013_nonmetro_approximation
39107,,,39002,Ohio Nonmetro,2013_nonmetro_approximation
39109,19380,"Dayton, OH",19380,"Dayton, OH MSA",full_2013_msa_approximation
39111,,,39002,Ohio Nonmetro,2013_nonmetro_approximation
39113,19380,"Dayton, OH",19380,"Dayton, OH MSA",full_2013_msa_approximation
39115,,,39002,Ohio Nonmetro,2013_nonmetro_approximation
39117,18140,"Columbus, OH",18140,"Columbus, OH MSA",full_2013_msa_approximation
39119,,,39002,Ohio Nonmetro,2013_nonmetro_approximation
39121,,,39002,Ohio Nonmetro,2013_nonmetro_approximation
39123,,,39002,Ohio Nonmetro,2013_nonmetro_approximation
39125,,,39002,Ohio Nonmetro,2013_nonmetro_approximation
39127,18140,"Columbus, OH",18140,"Columbus, OH MSA",full_2013_msa_approximation
39129,18140,"Columbus, OH",18140,"Columbus, OH MSA",full_2013_msa_approximation
39131,,,39002,Ohio Nonmetro,2013_nonmetro_approximation
39133,10420,"Akron, OH",10420,"Akron, OH MSA",full_2013_msa_approximation
39135,,,39002,Ohio Nonmetro,2013_nonmetro_approximation
39137,,,39002,Ohio Nonmetro,2013_nonmetro_approximation
39139,31900,"Mansfield, OH",39001,Ohio Metro,unidentified_2013_metro_residual_approximation
39141,,,39002,Ohio Nonmetro,2013_nonmetro_approximation
39143,,,39002,Ohio Nonmetro,2013_nonmetro_approximation
39145,,,39002,Ohio Nonmetro,2013_nonmetro_approximation
39147,,,39002,Ohio Nonmetro,2013_nonmetro_approximation
39149,,,39002,Ohio Nonmetro,2013_nonmetro_approximation
39151,15940,"Canton-Massillon, OH",15940,"Canton-Massillon, OH MSA",full_2013_msa_approximation
39153,10420,"Akron, OH",10420,"Akron, OH MSA",full_2013_msa_approximation
39155,49660,"Youngstown-Warren-Boardman, OH-PA",49660,"Youngstown-Warren-Boardman, OH-PA MSA",full_2013_msa_approximation
39157,,,39002,Ohio Nonmetro,2013_nonmetro_approximation
39159,18140,"Columbus, OH",18140,"Columbus, OH MSA",full_2013_msa_approximation
39161,,,39002,Ohio Nonmetro,2013_nonmetro_approximation
39163,,,39002,Ohio Nonmetro,2013_nonmetro_approximation
39165,17140,"Cincinnati, OH-KY-IN",17140,"Cincinnati, OH-KY-IN MSA",full_2013_msa_approximation
39167,,,39002,Ohio Nonmetro,2013_nonmetro_approximation
39169,,,39002,Ohio Nonmetro,2013_nonmetro_approximation
39171,,,39002,Ohio Nonmetro,2013_nonmetro_approximation
39173,45780,"Toledo, OH",45780,"Toledo, OH MSA",full_2013_msa_approximation
39175,,,39002,Ohio Nonmetro,2013_nonmetro_approximation
40001,,,40002,Oklahoma Nonmetro,2013_nonmetro_approximation
40003,,,40002,Oklahoma Nonmetro,2013_nonmetro_approximation
40005,,,40002,Oklahoma Nonmetro,2013_nonmetro_approximation
40007,,,40002,Oklahoma Nonmetro,2013_nonmetro_approximation
40009,,,40002,Oklahoma Nonmetro,2013_nonmetro_approximation
40011,,,40002,Oklahoma Nonmetro,2013_nonmetro_approximation
40013,,,40002,Oklahoma Nonmetro,2013_nonmetro_approximation
40015,,,40002,Oklahoma Nonmetro,2013_nonmetro_approximation
40017,36420,"Oklahoma City, OK",36420,"Oklahoma City, OK MSA",full_2013_msa_approximation
40019,,,40002,Oklahoma Nonmetro,2013_nonmetro_approximation
40021,,,40002,Oklahoma Nonmetro,2013_nonmetro_approximation
40023,,,40002,Oklahoma Nonmetro,2013_nonmetro_approximation
40025,,,40002,Oklahoma Nonmetro,2013_nonmetro_approximation
40027,36420,"Oklahoma City, OK",36420,"Oklahoma City, OK MSA",full_2013_msa_approximation
40029,,,40002,Oklahoma Nonmetro,2013_nonmetro_approximation
40031,30020,"Lawton, OK",40001,Oklahoma Metro,unidentified_2013_metro_residual_approximation
40033,30020,"Lawton, OK",40001,Oklahoma Metro,unidentified_2013_metro_residual_approximation
40035,,,40002,Oklahoma Nonmetro,2013_nonmetro_approximation
40037,46140,"Tulsa, OK",46140,"Tulsa, OK MSA",full_2013_msa_approximation
40039,,,40002,Oklahoma Nonmetro,2013_nonmetro_approximation
40041,,,40002,Oklahoma Nonmetro,2013_nonmetro_approximation
40043,,,40002,Oklahoma Nonmetro,2013_nonmetro_approximation
40045,,,40002,Oklahoma Nonmetro,2013_nonmetro_approximation
40047,,,40002,Oklahoma Nonmetro,2013_nonmetro_approximation
40049,,,40002,Oklahoma Nonmetro,2013_nonmetro_approximation
40051,36420,"Oklahoma City, OK",36420,"Oklahoma City, OK MSA",full_2013_msa_approximation
40053,,,40002,Oklahoma Nonmetro,2013_nonmetro_approximation
40055,,,40002,Oklahoma Nonmetro,2013_nonmetro_approximation
40057,,,40002,Oklahoma Nonmetro,2013_nonmetro_approximation
40059,,,40002,Oklahoma Nonmetro,2013_nonmetro_approximation
40061,,,40002,Oklahoma Nonmetro,2013_nonmetro_approximation
40063,,,40002,Oklahoma Nonmetro,2013_nonmetro_approximation
40065,,,40002,Oklahoma Nonmetro,2013_nonmetro_approximation
40067,,,40002,Oklahoma Nonmetro,2013_nonmetro_approximation
40069,,,40002,Oklahoma Nonmetro,2013_nonmetro_approximation
40071,,,40002,Oklahoma Nonmetro,2013_nonmetro_approximation
40073,,,40002,Oklahoma Nonmetro,2013_nonmetro_approximation
40075,,,40002,Oklahoma Nonmetro,2013_nonmetro_approximation
40077,,,40002,Oklahoma Nonmetro,2013_nonmetro_approximation
40079,22900,"Fort Smith, AR-OK",22900,"Fort Smith, AR-OK MSA",full_2013_msa_approximation
40081,36420,"Oklahoma City, OK",36420,"Oklahoma City, OK MSA",full_2013_msa_approximation
40083,36420,"Oklahoma City, OK",36420,"Oklahoma City, OK MSA",full_2013_msa_approximation
40085,,,40002,Oklahoma Nonmetro,2013_nonmetro_approximation
40087,36420,"Oklahoma City, OK",36420,"Oklahoma City, OK MSA",full_2013_msa_approximation
40089,,,40002,Oklahoma Nonmetro,2013_nonmetro_approximation
40091,,,40002,Oklahoma Nonmetro,2013_nonmetro_approximation
40093,,,40002,Oklahoma Nonmetro,2013_nonmetro_approximation
40095,,,40002,Oklahoma Nonmetro,2013_nonmetro_approximation
40097,,,40002,Oklahoma Nonmetro,2013_nonmetro_approximation
40099,,,40002,Oklahoma Nonmetro,2013_nonmetro_approximation
40101,,,40002,Oklahoma Nonmetro,2013_nonmetro_approximation
40103,,,40002,Oklahoma Nonmetro,2013_nonmetro_approximation
40105,,,40002,Oklahoma Nonmetro,2013_nonmetro_approximation
40107,,,40002,Oklahoma Nonmetro,2013_nonmetro_approximation
40109,36420,"Oklahoma City, OK",36420,"Oklahoma City, OK MSA",full_2013_msa_approximation
40111,46140,"Tulsa, OK",46140,"Tulsa, OK MSA",full_2013_msa_approximation
40113,46140,"Tulsa, OK",46140,"Tulsa, OK MSA",full_2013_msa_approximation
40115,,,40002,Oklahoma Nonmetro,2013_nonmetro_approximation
40117,46140,"Tulsa, OK",46140,"Tulsa, OK MSA",full_2013_msa_approximation
40119,,,40002,Oklahoma Nonmetro,2013_nonmetro_approximation
40121,,,40002,Oklahoma Nonmetro,2013_nonmetro_approximation
40123,,,40002,Oklahoma Nonmetro,2013_nonmetro_approximation
40125,,,40002,Oklahoma Nonmetro,2013_nonmetro_approximation
40127,,,40002,Oklahoma Nonmetro,2013_nonmetro_approximation
40129,,,40002,Oklahoma Nonmetro,2013_nonmetro_approximation
40131,46140,"Tulsa, OK",46140,"Tulsa, OK MSA",full_2013_msa_approximation
40133,,,40002,Oklahoma Nonmetro,2013_nonmetro_approximation
40135,22900,"Fort Smith, AR-OK",22900,"Fort Smith, AR-OK MSA",full_2013_msa_approximation
40137,,,40002,Oklahoma Nonmetro,2013_nonmetro_approximation
40139,,,40002,Oklahoma Nonmetro,2013_nonmetro_approximation
40141,,,40002,Oklahoma Nonmetro,2013_nonmetro_approximation
40143,46140,"Tulsa, OK",46140,"Tulsa, OK MSA",full_2013_msa_approximation
40145,46140,"Tulsa, OK",46140,"Tulsa, OK MSA",full_2013_msa_approximation
40147,,,40002,Oklahoma Nonmetro,2013_nonmetro_approximation
40149,,,40002,Oklahoma Nonmetro,2013_nonmetro_approximation
40151,,,40002,Oklahoma Nonmetro,2013_nonmetro_approximation
40153,,,40002,Oklahoma Nonmetro,2013_nonmetro_approximation
41001,,,41002,Oregon Nonmetro,2013_nonmetro_approximation
41003,18700,"Corvallis, OR",41001,Oregon Metro,unidentified_2013_metro_residual_approximation
41005,38900,"Portland-Vancouver-Hillsboro, OR-WA",38900,"Portland-Vancouver-Hillsboro, OR-WA MSA",full_2013_msa_approximation
41007,,,41002,Oregon Nonmetro,2013_nonmetro_approximation
41009,38900,"Portland-Vancouver-Hillsboro, OR-WA",38900,"Portland-Vancouver-Hillsboro, OR-WA MSA",full_2013_msa_approximation
41011,,,41002,Oregon Nonmetro,2013_nonmetro_approximation
41013,,,41002,Oregon Nonmetro,2013_nonmetro_approximation
41015,,,41002,Oregon Nonmetro,2013_nonmetro_approximation
41017,13460,"Bend-Redmond, OR",13460,"Bend-Redmond, OR MSA",full_2013_msa_approximation
41019,,,41002,Oregon Nonmetro,2013_nonmetro_approximation
41021,,,41002,Oregon Nonmetro,2013_nonmetro_approximation
41023,,,41002,Oregon Nonmetro,2013_nonmetro_approximation
41025,,,41002,Oregon Nonmetro,2013_nonmetro_approximation
41027,,,41002,Oregon Nonmetro,2013_nonmetro_approximation
41029,32780,"Medford, OR",32780,"Medford, OR MSA",full_2013_msa_approximation
41031,,,41002,Oregon Nonmetro,2013_nonmetro_approximation
41033,24420,"Grants Pass, OR",41001,Oregon Metro,unidentified_2013_metro_residual_approximation
41035,,,41002,Oregon Nonmetro,2013_nonmetro_approximation
41037,,,41002,Oregon Nonmetro,2013_nonmetro_approximation
41039,21660,"Eugene, OR",21660,"Eugene, OR MSA",full_2013_msa_approximation
41041,,,41002,Oregon Nonmetro,2013_nonmetro_approximation
41043,10540,"Albany, OR",41001,Oregon Metro,unidentified_2013_metro_residual_approximation
41045,,,41002,Oregon Nonmetro,2013_nonmetro_approximation
41047,41420,"Salem, OR",41420,"Salem, OR MSA",full_2013_msa_approximation
41049,,,41002,Oregon Nonmetro,2013_nonmetro_approximation
41051,38900,"Portland-Vancouver-Hillsboro, OR-WA",38900,"Portland-Vancouver-Hillsboro, OR-WA MSA",full_2013_msa_approximation
41053,41420,"Salem, OR",41420,"Salem, OR MSA",full_2013_msa_approximation
41055,,,41002,Oregon Nonmetro,2013_nonmetro_approximation
41057,,,41002,Oregon Nonmetro,2013_nonmetro_approximation
41059,,,41002,Oregon Nonmetro,2013_nonmetro_approximation
41061,,,41002,Oregon Nonmetro,2013_nonmetro_approximation
41063,,,41002,Oregon Nonmetro,2013_nonmetro_approximation
41065,,,41002,Oregon Nonmetro,2013_nonmetro_approximation
41067,38900,"Portland-Vancouver-Hillsboro, OR-WA",38900,"Portland-Vancouver-Hillsboro, OR-WA MSA",full_2013_msa_approximation
41069,,,41002,Oregon Nonmetro,2013_nonmetro_approximation
41071,38900,"Portland-Vancouver-Hillsboro, OR-WA",38900,"Portland-Vancouver-Hillsboro, OR-WA MSA",full_2013_msa_approximation
42001,23900,"Gettysburg, PA",42001,Pennsylvania Metro,unidentified_2013_metro_residual_approximation
42003,38300,"Pittsburgh, PA",38300,"Pittsburgh, PA MSA",full_2013_msa_approximation
42005,38300,"Pittsburgh, PA",38300,"Pittsburgh, PA MSA",full_2013_msa_approximation
42007,38300,"Pittsburgh, PA",38300,"Pittsburgh, PA MSA",full_2013_msa_approximation
42009,,,42002,Pennsylvania Nonmetro,2013_nonmetro_approximation
42011,39740,"Reading, PA",39740,"Reading, PA MSA",full_2013_msa_approximation
42013,11020,"Altoona, PA",42001,Pennsylvania Metro,unidentified_2013_metro_residual_approximation
42015,,,42002,Pennsylvania Nonmetro,2013_nonmetro_approximation
42017,37980,"Philadelphia-Camden-Wilmington, PA-NJ-DE-MD",37980,"Philadelphia-Camden-Wilmington, PA-NJ-DE-MD MSA",full_2013_msa_approximation
42019,38300,"Pittsburgh, PA",38300,"Pittsburgh, PA MSA",full_2013_msa_approximation
42021,27780,"Johnstown, PA",27780,"Johnstown, PA MSA",full_2013_msa_approximation
42023,,,42002,Pennsylvania Nonmetro,2013_nonmetro_approximation
42025,10900,"Allentown-Bethlehem-Easton, PA-NJ",10900,"Allentown-Bethlehem-Easton, PA-NJ MSA",full_2013_msa_approximation
42027,44300,"State College, PA",42001,Pennsylvania Metro,unidentified_2013_metro_residual_approximation
42029,37980,"Philadelphia-Camden-Wilmington, PA-NJ-DE-MD",37980,"Philadelphia-Camden-Wilmington, PA-NJ-DE-MD MSA",full_2013_msa_approximation
42031,,,42002,Pennsylvania Nonmetro,2013_nonmetro_approximation
42033,,,42002,Pennsylvania Nonmetro,2013_nonmetro_approximation
42035,,,42002,Pennsylvania Nonmetro,2013_nonmetro_approximation
42037,14100,"Bloomsburg-Berwick, PA",42001,Pennsylvania Metro,unidentified_2013_metro_residual_approximation
42039,,,42002,Pennsylvania Nonmetro,2013_nonmetro_approximation
42041,25420,"Harrisburg-Carlisle, PA",25420,"Harrisburg-Carlisle, PA MSA",full_2013_msa_approximation
42043,25420,"Harrisburg-Carlisle, PA",25420,"Harrisburg-Carlisle, PA MSA",full_2013_msa_approximation
42045,37980,"Philadelphia-Camden-Wilmington, PA-NJ-DE-MD",37980,"Philadelphia-Camden-Wilmington, PA-NJ-DE-MD MSA",full_2013_msa_approximation
42047,,,42002,Pennsylvania Nonmetro,2013_nonmetro_approximation
42049,21500,"Erie, PA",21500,"Erie, PA MSA",full_2013_msa_approximation
42051,38300,"Pittsburgh, PA",38300,"Pittsburgh, PA MSA",full_2013_msa_approximation
42053,,,42002,Pennsylvania Nonmetro,2013_nonmetro_approximation
42055,16540,"Chambersburg-Waynesboro, PA",16540,"Chambersburg-Waynesboro, PA MSA",full_2013_msa_approximation
42057,,,42002,Pennsylvania Nonmetro,2013_nonmetro_approximation
42059,,,42002,Pennsylvania Nonmetro,2013_nonmetro_approximation
42061,,,42002,Pennsylvania Nonmetro,2013_nonmetro_approximation
42063,,,42002,Pennsylvania Nonmetro,2013_nonmetro_approximation
42065,,,42002,Pennsylvania Nonmetro,2013_nonmetro_approximation
42067,,,42002,Pennsylvania Nonmetro,2013_nonmetro_approximation
42069,42540,"Scranton--Wilkes-Barre--Hazleton, PA",42540,"Scranton--Wilkes-Barre--Hazleton, PA MSA",full_2013_msa_approximation
42071,29540,"Lancaster, PA",29540,"Lancaster, PA MSA",full_2013_msa_approximation
42073,,,42002,Pennsylvania Nonmetro,2013_nonmetro_approximation
42075,30140,"Lebanon, PA",42001,Pennsylvania Metro,unidentified_2013_metro_residual_approximation
42077,10900,"Allentown-Bethlehem-Easton, PA-NJ",10900,"Allentown-Bethlehem-Easton, PA-NJ MSA",full_2013_msa_approximation
42079,42540,"Scranton--Wilkes-Barre--Hazleton, PA",42540,"Scranton--Wilkes-Barre--Hazleton, PA MSA",full_2013_msa_approximation
42081,48700,"Williamsport, PA",48700,"Williamsport, PA MSA",full_2013_msa_approximation
42083,,,42002,Pennsylvania Nonmetro,2013_nonmetro_approximation
42085,49660,"Youngstown-Warren-Boardman, OH-PA",49660,"Youngstown-Warren-Boardman, OH-PA MSA",full_2013_msa_approximation
42087,,,42002,Pennsylvania Nonmetro,2013_nonmetro_approximation
42089,20700,"East Stroudsburg, PA",20700,"East Stroudsburg, PA MSA",full_2013_msa_approximation
42091,37980,"Philadelphia-Camden-Wilmington, PA-NJ-DE-MD",37980,"Philadelphia-Camden-Wilmington, PA-NJ-DE-MD MSA",full_2013_msa_approximation
42093,14100,"Bloomsburg-Berwick, PA",42001,Pennsylvania Metro,unidentified_2013_metro_residual_approximation
42095,10900,"Allentown-Bethlehem-Easton, PA-NJ",10900,"Allentown-Bethlehem-Easton, PA-NJ MSA",full_2013_msa_approximation
42097,,,42002,Pennsylvania Nonmetro,2013_nonmetro_approximation
42099,25420,"Harrisburg-Carlisle, PA",25420,"Harrisburg-Carlisle, PA MSA",full_2013_msa_approximation
42101,37980,"Philadelphia-Camden-Wilmington, PA-NJ-DE-MD",37980,"Philadelphia-Camden-Wilmington, PA-NJ-DE-MD MSA",full_2013_msa_approximation
42103,35620,"New York-Newark-Jersey City, NY-NJ-PA",35620,"New York-Newark-Jersey City, NY-NJ-PA MSA",full_2013_msa_approximation
42105,,,42002,Pennsylvania Nonmetro,2013_nonmetro_approximation
42107,,,42002,Pennsylvania Nonmetro,2013_nonmetro_approximation
42109,,,42002,Pennsylvania Nonmetro,2013_nonmetro_approximation
42111,,,42002,Pennsylvania Nonmetro,2013_nonmetro_approximation
42113,,,42002,Pennsylvania Nonmetro,2013_nonmetro_approximation
42115,,,42002,Pennsylvania Nonmetro,2013_nonmetro_approximation
42117,,,42002,Pennsylvania Nonmetro,2013_nonmetro_approximation
42119,,,42002,Pennsylvania Nonmetro,2013_nonmetro_approximation
42121,,,42002,Pennsylvania Nonmetro,2013_nonmetro_approximation
42123,,,42002,Pennsylvania Nonmetro,2013_nonmetro_approximation
42125,38300,"Pittsburgh, PA",38300,"Pittsburgh, PA MSA",full_2013_msa_approximation
42127,,,42002,Pennsylvania Nonmetro,2013_nonmetro_approximation
42129,38300,"Pittsburgh, PA",38300,"Pittsburgh, PA MSA",full_2013_msa_approximation
42131,42540,"Scranton--Wilkes-Barre--Hazleton, PA",42540,"Scranton--Wilkes-Barre--Hazleton, PA MSA",full_2013_msa_approximation
42133,49620,"York-Hanover, PA",49620,"York-Hanover, PA MSA",full_2013_msa_approximation
44001,39300,"Providence-Warwick, RI-MA",39300,"Providence-Warwick, RI-MA MSA",full_2013_msa_approximation
44003,39300,"Providence-Warwick, RI-MA",39300,"Providence-Warwick, RI-MA MSA",full_2013_msa_approximation
44005,39300,"Providence-Warwick, RI-MA",39300,"Providence-Warwick, RI-MA MSA",full_2013_msa_approximation
44007,39300,"Providence-Warwick, RI-MA",39300,"Providence-Warwick, RI-MA MSA",full_2013_msa_approximation
44009,39300,"Providence-Warwick, RI-MA",39300,"Providence-Warwick, RI-MA MSA",full_2013_msa_approximation
45001,,,45002,South Carolina Nonmetro,2013_nonmetro_approximation
45003,12260,"Augusta-Richmond County, GA-SC",12260,"Augusta-Richmond County, GA-SC MSA",full_2013_msa_approximation
45005,,,45002,South Carolina Nonmetro,2013_nonmetro_approximation
45007,24860,"Greenville-Anderson-Mauldin, SC",24860,"Greenville-Anderson-Mauldin, SC MSA",full_2013_msa_approximation
45009,,,45002,South Carolina Nonmetro,2013_nonmetro_approximation
45011,,,45002,South Carolina Nonmetro,2013_nonmetro_approximation
45013,25940,"Hilton Head Island-Bluffton-Beaufort, SC",25940,"Hilton Head Island-Bluffton-Beaufort, SC MSA",full_2013_msa_approximation
45015,16700,"Charleston-North Charleston, SC",16700,"Charleston-North Charleston, SC MSA",full_2013_msa_approximation
45017,17900,"Columbia, SC",17900,"Columbia, SC MSA",full_2013_msa_approximation
45019,16700,"Charleston-North Charleston, SC",16700,"Charleston-North Charleston, SC MSA",full_2013_msa_approximation
45021,,,45002,South Carolina Nonmetro,2013_nonmetro_approximation
45023,16740,"Charlotte-Concord-Gastonia, NC-SC",16740,"Charlotte-Concord-Gastonia, NC-SC MSA",full_2013_msa_approximation
45025,,,45002,South Carolina Nonmetro,2013_nonmetro_approximation
45027,,,45002,South Carolina Nonmetro,2013_nonmetro_approximation
45029,,,45002,South Carolina Nonmetro,2013_nonmetro_approximation
45031,22500,"Florence, SC",22500,"Florence, SC MSA",full_2013_msa_approximation
45033,,,45002,South Carolina Nonmetro,2013_nonmetro_approximation
45035,16700,"Charleston-North Charleston, SC",16700,"Charleston-North Charleston, SC MSA",full_2013_msa_approximation
45037,12260,"Augusta-Richmond County, GA-SC",12260,"Augusta-Richmond County, GA-SC MSA",full_2013_msa_approximation
45039,17900,"Columbia, SC",17900,"Columbia, SC MSA",full_2013_msa_approximation
45041,22500,"Florence, SC",22500,"Florence, SC MSA",full_2013_msa_approximation
45043,,,45002,South Carolina Nonmetro,2013_nonmetro_approximation
45045,24860,"Greenville-Anderson-Mauldin, SC",24860,"Greenville-Anderson-Mauldin, SC MSA",full_2013_msa_approximation
45047,,,45002,South Carolina Nonmetro,2013_nonmetro_approximation
45049,,,45002,South Carolina Nonmetro,2013_nonmetro_approximation
45051,34820,"Myrtle Beach-Conway-North Myrtle Beach, SC-NC",34820,"Myrtle Beach-Conway-North Myrtle Beach, SC-NC MSA",full_2013_msa_approximation
45053,25940,"Hilton Head Island-Bluffton-Beaufort, SC",25940,"Hilton Head Island-Bluffton-Beaufort, SC MSA",full_2013_msa_approximation
45055,17900,"Columbia, SC",17900,"Columbia, SC MSA",full_2013_msa_approximation
45057,16740,"Charlotte-Concord-Gastonia, NC-SC",16740,"Charlotte-Concord-Gastonia, NC-SC MSA",full_2013_msa_approximation
45059,24860,"Greenville-Anderson-Mauldin, SC",24860,"Greenville-Anderson-Mauldin, SC MSA",full_2013_msa_approximation
45061,,,45002,South Carolina Nonmetro,2013_nonmetro_approximation
45063,17900,"Columbia, SC",17900,"Columbia, SC MSA",full_2013_msa_approximation
45065,,,45002,South Carolina Nonmetro,2013_nonmetro_approximation
45067,,,45002,South Carolina Nonmetro,2013_nonmetro_approximation
45069,,,45002,South Carolina Nonmetro,2013_nonmetro_approximation
45071,,,45002,South Carolina Nonmetro,2013_nonmetro_approximation
45073,,,45002,South Carolina Nonmetro,2013_nonmetro_approximation
45075,,,45002,South Carolina Nonmetro,2013_nonmetro_approximation
45077,24860,"Greenville-Anderson-Mauldin, SC",24860,"Greenville-Anderson-Mauldin, SC MSA",full_2013_msa_approximation
45079,17900,"Columbia, SC",17900,"Columbia, SC MSA",full_2013_msa_approximation
45081,17900,"Columbia, SC",17900,"Columbia, SC MSA",full_2013_msa_approximation
45083,43900,"Spartanburg, SC",43900,"Spartanburg, SC MSA",full_2013_msa_approximation
45085,44940,"Sumter, SC",,,not_represented_by_published_area
45087,43900,"Spartanburg, SC",43900,"Spartanburg, SC MSA",full_2013_msa_approximation
45089,,,45002,South Carolina Nonmetro,2013_nonmetro_approximation
45091,16740,"Charlotte-Concord-Gastonia, NC-SC",16740,"Charlotte-Concord-Gastonia, NC-SC MSA",full_2013_msa_approximation
46003,,,46002,South Dakota Nonmetro,2013_nonmetro_approximation
46005,,,46002,South Dakota Nonmetro,2013_nonmetro_approximation
46007,,,46002,South Dakota Nonmetro,2013_nonmetro_approximation
46009,,,46002,South Dakota Nonmetro,2013_nonmetro_approximation
46011,,,46002,South Dakota Nonmetro,2013_nonmetro_approximation
46013,,,46002,South Dakota Nonmetro,2013_nonmetro_approximation
46015,,,46002,South Dakota Nonmetro,2013_nonmetro_approximation
46017,,,46002,South Dakota Nonmetro,2013_nonmetro_approximation
46019,,,46002,South Dakota Nonmetro,2013_nonmetro_approximation
46021,,,46002,South Dakota Nonmetro,2013_nonmetro_approximation
46023,,,46002,South Dakota Nonmetro,2013_nonmetro_approximation
46025,,,46002,South Dakota Nonmetro,2013_nonmetro_approximation
46027,,,46002,South Dakota Nonmetro,2013_nonmetro_approximation
46029,,,46002,South Dakota Nonmetro,2013_nonmetro_approximation
46031,,,46002,South Dakota Nonmetro,2013_nonmetro_approximation
46033,39660,"Rapid City, SD",46001,South Dakota Metro,unidentified_2013_metro_residual_approximation
46035,,,46002,South Dakota Nonmetro,2013_nonmetro_approximation
46037,,,46002,South Dakota Nonmetro,2013_nonmetro_approximation
46039,,,46002,South Dakota Nonmetro,2013_nonmetro_approximation
46041,,,46002,South Dakota Nonmetro,2013_nonmetro_approximation
46043,,,46002,South Dakota Nonmetro,2013_nonmetro_approximation
46045,,,46002,South Dakota Nonmetro,2013_nonmetro_approximation
46047,,,46002,South Dakota Nonmetro,2013_nonmetro_approximation
46049,,,46002,South Dakota Nonmetro,2013_nonmetro_approximation
46051,,,46002,South Dakota Nonmetro,2013_nonmetro_approximation
46053,,,46002,South Dakota Nonmetro,2013_nonmetro_approximation
46055,,,46002,South Dakota Nonmetro,2013_nonmetro_approximation
46057,,,46002,South Dakota Nonmetro,2013_nonmetro_approximation
46059,,,46002,South Dakota Nonmetro,2013_nonmetro_approximation
46061,,,46002,South Dakota Nonmetro,2013_nonmetro_approximation
46063,,,46002,South Dakota Nonmetro,2013_nonmetro_approximation
46065,,,46002,South Dakota Nonmetro,2013_nonmetro_approximation
46067,,,46002,South Dakota Nonmetro,2013_nonmetro_approximation
46069,,,46002,South Dakota Nonmetro,2013_nonmetro_approximation
46071,,,46002,South Dakota Nonmetro,2013_nonmetro_approximation
46073,,,46002,South Dakota Nonmetro,2013_nonmetro_approximation
46075,,,46002,South Dakota Nonmetro,2013_nonmetro_approximation
46077,,,46002,South Dakota Nonmetro,2013_nonmetro_approximation
46079,,,46002,South Dakota Nonmetro,2013_nonmetro_approximation
46081,,,46002,South Dakota Nonmetro,2013_nonmetro_approximation
46083,43620,"Sioux Falls, SD",43620,"Sioux Falls, SD MSA",full_2013_msa_approximation
46085,,,46002,South Dakota Nonmetro,2013_nonmetro_approximation
46087,43620,"Sioux Falls, SD",43620,"Sioux Falls, SD MSA",full_2013_msa_approximation
46089,,,46002,South Dakota Nonmetro,2013_nonmetro_approximation
46091,,,46002,South Dakota Nonmetro,2013_nonmetro_approximation
46093,39660,"Rapid City, SD",46001,South Dakota Metro,unidentified_2013_metro_residual_approximation
46095,,,46002,South Dakota Nonmetro,2013_nonmetro_approximation
46097,,,46002,South Dakota Nonmetro,2013_nonmetro_approximation
46099,43620,"Sioux Falls, SD",43620,"Sioux Falls, SD MSA",full_2013_msa_approximation
46101,,,46002,South Dakota Nonmetro,2013_nonmetro_approximation
46102,,,46002,South Dakota Nonmetro,2013_nonmetro_approximation
46103,39660,"Rapid City, SD",46001,South Dakota Metro,unidentified_2013_metro_residual_approximation
46105,,,46002,South Dakota Nonmetro,2013_nonmetro_approximation
46107,,,46002,South Dakota Nonmetro,2013_nonmetro_approximation
46109,,,46002,South Dakota Nonmetro,2013_nonmetro_approximation
46111,,,46002,South Dakota Nonmetro,2013_nonmetro_approximation
46115,,,46002,South Dakota Nonmetro,2013_nonmetro_approximation
46117,,,46002,South Dakota Nonmetro,2013_nonmetro_approximation
46119,,,46002,South Dakota Nonmetro,2013_nonmetro_approximation
46121,,,46002,South Dakota Nonmetro,2013_nonmetro_approximation
46123,,,46002,South Dakota Nonmetro,2013_nonmetro_approximation
46125,43620,"Sioux Falls, SD",43620,"Sioux Falls, SD MSA",full_2013_msa_approximation
46127,43580,"Sioux City, IA-NE-SD",46001,South Dakota Metro,unidentified_2013_metro_residual_approximation
46129,,,46002,South Dakota Nonmetro,2013_nonmetro_approximation
46135,,,46002,South Dakota Nonmetro,2013_nonmetro_approximation
46137,,,46002,South Dakota Nonmetro,2013_nonmetro_approximation
47001,28940,"Knoxville, TN",28940,"Knoxville, TN MSA",full_2013_msa_approximation
47003,,,47002,Tennessee Nonmetro,2013_nonmetro_approximation
47005,,,47002,Tennessee Nonmetro,2013_nonmetro_approximation
47007,,,47002,Tennessee Nonmetro,2013_nonmetro_approximation
47009,28940,"Knoxville, TN",28940,"Knoxville, TN MSA",full_2013_msa_approximation
47011,17420,"Cleveland, TN",17420,"Cleveland, TN MSA",full_2013_msa_approximation
47013,28940,"Knoxville, TN",28940,"Knoxville, TN MSA",full_2013_msa_approximation
47015,34980,"Nashville-Davidson--Murfreesboro--Franklin, TN",34980,"Nashville-Davidson--Murfreesboro--Franklin, TN MSA",full_2013_msa_approximation
47017,,,47002,Tennessee Nonmetro,2013_nonmetro_approximation
47019,27740,"Johnson City, TN",27740,"Johnson City, TN MSA",full_2013_msa_approximation
47021,34980,"Nashville-Davidson--Murfreesboro--Franklin, TN",34980,"Nashville-Davidson--Murfreesboro--Franklin, TN MSA",full_2013_msa_approximation
47023,27180,"Jackson, TN",,,not_represented_by_published_area
47025,,,47002,Tennessee Nonmetro,2013_nonmetro_approximation
47027,,,47002,Tennessee Nonmetro,2013_nonmetro_approximation
47029,,,47002,Tennessee Nonmetro,2013_nonmetro_approximation
47031,,,47002,Tennessee Nonmetro,2013_nonmetro_approximation
47033,27180,"Jackson, TN",,,not_represented_by_published_area
47035,,,47002,Tennessee Nonmetro,2013_nonmetro_approximation
47037,34980,"Nashville-Davidson--Murfreesboro--Franklin, TN",34980,"Nashville-Davidson--Murfreesboro--Franklin, TN MSA",full_2013_msa_approximation
47039,,,47002,Tennessee Nonmetro,2013_nonmetro_approximation
47041,,,47002,Tennessee Nonmetro,2013_nonmetro_approximation
47043,34980,"Nashville-Davidson--Murfreesboro--Franklin, TN",34980,"Nashville-Davidson--Murfreesboro--Franklin, TN MSA",full_2013_msa_approximation
47045,,,47002,Tennessee Nonmetro,2013_nonmetro_approximation
47047,32820,"Memphis, TN-MS-AR",32820,"Memphis, TN-MS-AR MSA",full_2013_msa_approximation
47049,,,47002,Tennessee Nonmetro,2013_nonmetro_approximation
47051,,,47002,Tennessee Nonmetro,2013_nonmetro_approximation
47053,,,47002,Tennessee Nonmetro,2013_nonmetro_approximation
47055,,,47002,Tennessee Nonmetro,2013_nonmetro_approximation
47057,28940,"Knoxville, TN",28940,"Knoxville, TN MSA",full_2013_msa_approximation
47059,,,47002,Tennessee Nonmetro,2013_nonmetro_approximation
47061,,,47002,Tennessee Nonmetro,2013_nonmetro_approximation
47063,34100,"Morristown, TN",,,not_represented_by_published_area
47065,16860,"Chattanooga, TN-GA",16860,"Chattanooga, TN-GA MSA",full_2013_msa_approximation
47067,,,47002,Tennessee Nonmetro,2013_nonmetro_approximation
47069,,,47002,Tennessee Nonmetro,2013_nonmetro_approximation
47071,,,47002,Tennessee Nonmetro,2013_nonmetro_approximation
47073,28700,"Kingsport-Bristol-Bristol, TN-VA",28700,"Kingsport-Bristol-Bristol, TN-VA MSA",full_2013_msa_approximation
47075,,,47002,Tennessee Nonmetro,2013_nonmetro_approximation
47077,,,47002,Tennessee Nonmetro,2013_nonmetro_approximation
47079,,,47002,Tennessee Nonmetro,2013_nonmetro_approximation
47081,34980,"Nashville-Davidson--Murfreesboro--Franklin, TN",34980,"Nashville-Davidson--Murfreesboro--Franklin, TN MSA",full_2013_msa_approximation
47083,,,47002,Tennessee Nonmetro,2013_nonmetro_approximation
47085,,,47002,Tennessee Nonmetro,2013_nonmetro_approximation
47087,,,47002,Tennessee Nonmetro,2013_nonmetro_approximation
47089,34100,"Morristown, TN",,,not_represented_by_published_area
47091,,,47002,Tennessee Nonmetro,2013_nonmetro_approximation
47093,28940,"Knoxville, TN",28940,"Knoxville, TN MSA",full_2013_msa_approximation
47095,,,47002,Tennessee Nonmetro,2013_nonmetro_approximation
47097,,,47002,Tennessee Nonmetro,2013_nonmetro_approximation
47099,,,47002,Tennessee Nonmetro,2013_nonmetro_approximation
47101,,,47002,Tennessee Nonmetro,2013_nonmetro_approximation
47103,,,47002,Tennessee Nonmetro,2013_nonmetro_approximation
47105,28940,"Knoxville, TN",28940,"Knoxville, TN MSA",full_2013_msa_approximation
47107,,,47002,Tennessee Nonmetro,2013_nonmetro_approximation
47109,,,47002,Tennessee Nonmetro,2013_nonmetro_approximation
47111,34980,"Nashville-Davidson--Murfreesboro--Franklin, TN",34980,"Nashville-Davidson--Murfreesboro--Franklin, TN MSA",full_2013_msa_approximation
47113,27180,"Jackson, TN",,,not_represented_by_published_area
47115,16860,"Chattanooga, TN-GA",16860,"Chattanooga, TN-GA MSA",full_2013_msa_approximation
47117,,,47002,Tennessee Nonmetro,2013_nonmetro_approximation
47119,34980,"Nashville-Davidson--Murfreesboro--Franklin, TN",34980,"Nashville-Davidson--Murfreesboro--Franklin, TN MSA",full_2013_msa_approximation
47121,,,47002,Tennessee Nonmetro,2013_nonmetro_approximation
47123,,,47002,Tennessee Nonmetro,2013_nonmetro_approximation
47125,17300,"Clarksville, TN-KY",17300,"Clarksville, TN-KY MSA",full_2013_msa_approximation
47127,,,47002,Tennessee Nonmetro,2013_nonmetro_approximation
47129,28940,"Knoxville, TN",28940,"Knoxville, TN MSA",full_2013_msa_approximation
47131,,,47002,Tennessee Nonmetro,2013_nonmetro_approximation
47133,,,47002,Tennessee Nonmetro,2013_nonmetro_approximation
47135,,,47002,Tennessee Nonmetro,2013_nonmetro_approximation
47137,,,47002,Tennessee Nonmetro,2013_nonmetro_approximation
47139,17420,"Cleveland, TN",17420,"Cleveland, TN MSA",full_2013_msa_approximation
47141,,,47002,Tennessee Nonmetro,2013_nonmetro_approximation
47143,,,47002,Tennessee Nonmetro,2013_nonmetro_approximation
47145,28940,"Knoxville, TN",28940,"Knoxville, TN MSA",full_2013_msa_approximation
47147,34980,"Nashville-Davidson--Murfreesboro--Franklin, TN",34980,"Nashville-Davidson--Murfreesboro--Franklin, TN MSA",full_2013_msa_approximation
47149,34980,"Nashville-Davidson--Murfreesboro--Franklin, TN",34980,"Nashville-Davidson--Murfreesboro--Franklin, TN MSA",full_2013_msa_approximation
47151,,,47002,Tennessee Nonmetro,2013_nonmetro_approximation
47153,16860,"Chattanooga, TN-GA",16860,"Chattanooga, TN-GA MSA",full_2013_msa_approximation
47155,,,47002,Tennessee Nonmetro,2013_nonmetro_approximation
47157,32820,"Memphis, TN-MS-AR",32820,"Memphis, TN-MS-AR MSA",full_2013_msa_approximation
47159,34980,"Nashville-Davidson--Murfreesboro--Franklin, TN",34980,"Nashville-Davidson--Murfreesboro--Franklin, TN MSA",full_2013_msa_approximation
47161,,,47002,Tennessee Nonmetro,2013_nonmetro_approximation
47163,28700,"Kingsport-Bristol-Bristol, TN-VA",28700,"Kingsport-Bristol-Bristol, TN-VA MSA",full_2013_msa_approximation
47165,34980,"Nashville-Davidson--Murfreesboro--Franklin, TN",34980,"Nashville-Davidson--Murfreesboro--Franklin, TN MSA",full_2013_msa_approximation
47167,32820,"Memphis, TN-MS-AR",32820,"Memphis, TN-MS-AR MSA",full_2013_msa_approximation
47169,34980,"Nashville-Davidson--Murfreesboro--Franklin, TN",34980,"Nashville-Davidson--Murfreesboro--Franklin, TN MSA",full_2013_msa_approximation
47171,27740,"Johnson City, TN",27740,"Johnson City, TN MSA",full_2013_msa_approximation
47173,28940,"Knoxville, TN",28940,"Knoxville, TN MSA",full_2013_msa_approximation
47175,,,47002,Tennessee Nonmetro,2013_nonmetro_approximation
47177,,,47002,Tennessee Nonmetro,2013_nonmetro_approximation
47179,27740,"Johnson City, TN",27740,"Johnson City, TN MSA",full_2013_msa_approximation
47181,,,47002,Tennessee Nonmetro,2013_nonmetro_approximation
47183,,,47002,Tennessee Nonmetro,2013_nonmetro_approximation
47185,,,47002,Tennessee Nonmetro,2013_nonmetro_approximation
47187,34980,"Nashville-Davidson--Murfreesboro--Franklin, TN",34980,"Nashville-Davidson--Murfreesboro--Franklin, TN MSA",full_2013_msa_approximation
47189,34980,"Nashville-Davidson--Murfreesboro--Franklin, TN",34980,"Nashville-Davidson--Murfreesboro--Franklin, TN MSA",full_2013_msa_approximation
48001,,,48002,Texas Nonmetro,2013_nonmetro_approximation
48003,,,48002,Texas Nonmetro,2013_nonmetro_approximation
48005,,,48002,Texas Nonmetro,2013_nonmetro_approximation
48007,18580,"Corpus Christi, TX",18580,"Corpus Christi, TX MSA",full_2013_msa_approximation
48009,48660,"Wichita Falls, TX",48660,"Wichita Falls, TX MSA",full_2013_msa_approximation
48011,11100,"Amarillo, TX",11100,"Amarillo, TX MSA",full_2013_msa_approximation
48013,41700,"San Antonio-New Braunfels, TX",41700,"San Antonio-New Braunfels, TX MSA",full_2013_msa_approximation
48015,26420,"Houston-The Woodlands-Sugar Land, TX",26420,"Houston-The Woodlands-Sugar Land, TX MSA",full_2013_msa_approximation
48017,,,48002,Texas Nonmetro,2013_nonmetro_approximation
48019,41700,"San Antonio-New Braunfels, TX",41700,"San Antonio-New Braunfels, TX MSA",full_2013_msa_approximation
48021,12420,"Austin-Round Rock, TX",12420,"Austin-Round Rock, TX MSA",full_2013_msa_approximation
48023,,,48002,Texas Nonmetro,2013_nonmetro_approximation
48025,,,48002,Texas Nonmetro,2013_nonmetro_approximation
48027,28660,"Killeen-Temple, TX",28660,"Killeen-Temple, TX MSA",full_2013_msa_approximation
48029,41700,"San Antonio-New Braunfels, TX",41700,"San Antonio-New Braunfels, TX MSA",full_2013_msa_approximation
48031,,,48002,Texas Nonmetro,2013_nonmetro_approximation
48033,,,48002,Texas Nonmetro,2013_nonmetro_approximation
48035,,,48002,Texas Nonmetro,2013_nonmetro_approximation
48037,45500,"Texarkana, TX-AR",48001,Texas Metro,unidentified_2013_metro_residual_approximation
48039,26420,"Houston-The Woodlands-Sugar Land, TX",26420,"Houston-The Woodlands-Sugar Land, TX MSA",full_2013_msa_approximation
48041,17780,"College Station-Bryan, TX",17780,"College Station-Bryan, TX MSA",full_2013_msa_approximation
48043,,,48002,Texas Nonmetro,2013_nonmetro_approximation
48045,,,48002,Texas Nonmetro,2013_nonmetro_approximation
48047,,,48002,Texas Nonmetro,2013_nonmetro_approximation
48049,,,48002,Texas Nonmetro,2013_nonmetro_approximation
48051,17780,"College Station-Bryan, TX",17780,"College Station-Bryan, TX MSA",full_2013_msa_approximation
48053,,,48002,Texas Nonmetro,2013_nonmetro_approximation
48055,12420,"Austin-Round Rock, TX",12420,"Austin-Round Rock, TX MSA",full_2013_msa_approximation
48057,,,48002,Texas Nonmetro,2013_nonmetro_approximation
48059,10180,"Abilene, TX",10180,"Abilene, TX MSA",full_2013_msa_approximation
48061,15180,"Brownsville-Harlingen, TX",15180,"Brownsville-Harlingen, TX MSA",full_2013_msa_approximation
48063,,,48002,Texas Nonmetro,2013_nonmetro_approximation
48065,11100,"Amarillo, TX",11100,"Amarillo, TX MSA",full_2013_msa_approximation
48067,,,48002,Texas Nonmetro,2013_nonmetro_approximation
48069,,,48002,Texas Nonmetro,2013_nonmetro_approximation
48071,26420,"Houston-The Woodlands-Sugar Land, TX",26420,"Houston-The Woodlands-Sugar Land, TX MSA",full_2013_msa_approximation
48073,,,48002,Texas Nonmetro,2013_nonmetro_approximation
48075,,,48002,Texas Nonmetro,2013_nonmetro_approximation
48077,48660,"Wichita Falls, TX",48660,"Wichita Falls, TX MSA",full_2013_msa_approximation
48079,,,48002,Texas Nonmetro,2013_nonmetro_approximation
48081,,,48002,Texas Nonmetro,2013_nonmetro_approximation
48083,,,48002,Texas Nonmetro,2013_nonmetro_approximation
48085,19100,"Dallas-Fort Worth-Arlington, TX",19100,"Dallas-Fort Worth-Arlington, TX MSA",full_2013_msa_approximation
48087,,,48002,Texas Nonmetro,2013_nonmetro_approximation
48089,,,48002,Texas Nonmetro,2013_nonmetro_approximation
48091,41700,"San Antonio-New Braunfels, TX",41700,"San Antonio-New Braunfels, TX MSA",full_2013_msa_approximation
48093,,,48002,Texas Nonmetro,2013_nonmetro_approximation
48095,,,48002,Texas Nonmetro,2013_nonmetro_approximation
48097,,,48002,Texas Nonmetro,2013_nonmetro_approximation
48099,28660,"Killeen-Temple, TX",28660,"Killeen-Temple, TX MSA",full_2013_msa_approximation
48101,,,48002,Texas Nonmetro,2013_nonmetro_approximation
48103,,,48002,Texas Nonmetro,2013_nonmetro_approximation
48105,,,48002,Texas Nonmetro,2013_nonmetro_approximation
48107,31180,"Lubbock, TX",31180,"Lubbock, TX MSA",full_2013_msa_approximation
48109,,,48002,Texas Nonmetro,2013_nonmetro_approximation
48111,,,48002,Texas Nonmetro,2013_nonmetro_approximation
48113,19100,"Dallas-Fort Worth-Arlington, TX",19100,"Dallas-Fort Worth-Arlington, TX MSA",full_2013_msa_approximation
48115,,,48002,Texas Nonmetro,2013_nonmetro_approximation
48117,,,48002,Texas Nonmetro,2013_nonmetro_approximation
48119,,,48002,Texas Nonmetro,2013_nonmetro_approximation
48121,19100,"Dallas-Fort Worth-Arlington, TX",19100,"Dallas-Fort Worth-Arlington, TX MSA",full_2013_msa_approximation
48123,,,48002,Texas Nonmetro,2013_nonmetro_approximation
48125,,,48002,Texas Nonmetro,2013_nonmetro_approximation
48127,,,48002,Texas Nonmetro,2013_nonmetro_approximation
48129,,,48002,Texas Nonmetro,2013_nonmetro_approximation
48131,,,48002,Texas Nonmetro,2013_nonmetro_approximation
48133,,,48002,Texas Nonmetro,2013_nonmetro_approximation
48135,36220,"Odessa, TX",36220,"Odessa, TX MSA",full_2013_msa_approximation
48137,,,48002,Texas Nonmetro,2013_nonmetro_approximation
48139,19100,"Dallas-Fort Worth-Arlington, TX",19100,"Dallas-Fort Worth-Arlington, TX MSA",full_2013_msa_approximation
48141,21340,"El Paso, TX",21340,"El Paso, TX MSA",full_2013_msa_approximation
48143,,,48002,Texas Nonmetro,2013_nonmetro_approximation
48145,47380,"Waco, TX",47380,"Waco, TX MSA",full_2013_msa_approximation
48147,,,48002,Texas Nonmetro,2013_nonmetro_approximation
48149,,,48002,Texas Nonmetro,2013_nonmetro_approximation
48151,,,48002,Texas Nonmetro,2013_nonmetro_approximation
48153,,,48002,Texas Nonmetro,2013_nonmetro_approximation
48155,,,48002,Texas Nonmetro,2013_nonmetro_approximation
48157,26420,"Houston-The Woodlands-Sugar Land, TX",26420,"Houston-The Woodlands-Sugar Land, TX MSA",full_2013_msa_approximation
48159,,,48002,Texas Nonmetro,2013_nonmetro_approximation
48161,,,48002,Texas Nonmetro,2013_nonmetro_approximation
48163,,,48002,Texas Nonmetro,2013_nonmetro_approximation
48165,,,48002,Texas Nonmetro,2013_nonmetro_approximation
48167,26420,"Houston-The Woodlands-Sugar Land, TX",26420,"Houston-The Woodlands-Sugar Land, TX MSA",full_2013_msa_approximation
48169,,,48002,Texas Nonmetro,2013_nonmetro_approximation
48171,,,48002,Texas Nonmetro,2013_nonmetro_approximation
48173,,,48002,Texas Nonmetro,2013_nonmetro_approximation
48175,47020,"Victoria, TX",48001,Texas Metro,unidentified_2013_metro_residual_approximation
48177,,,48002,Texas Nonmetro,2013_nonmetro_approximation
48179,,,48002,Texas Nonmetro,2013_nonmetro_approximation
48181,43300,"Sherman-Denison, TX",43300,"Sherman-Denison, TX MSA",full_2013_msa_approximation
48183,30980,"Longview, TX",30980,"Longview, TX MSA",full_2013_msa_approximation
48185,,,48002,Texas Nonmetro,2013_nonmetro_approximation
48187,41700,"San Antonio-New Braunfels, TX",41700,"San Antonio-New Braunfels, TX MSA",full_2013_msa_approximation
48189,,,48002,Texas Nonmetro,2013_nonmetro_approximation
48191,,,48002,Texas Nonmetro,2013_nonmetro_approximation
48193,,,48002,Texas Nonmetro,2013_nonmetro_approximation
48195,,,48002,Texas Nonmetro,2013_nonmetro_approximation
48197,,,48002,Texas Nonmetro,2013_nonmetro_approximation
48199,13140,"Beaumont-Port Arthur, TX",13140,"Beaumont-Port Arthur, TX MSA",full_2013_msa_approximation
48201,26420,"Houston-The Woodlands-Sugar Land, TX",26420,"Houston-The Woodlands-Sugar Land, TX MSA",full_2013_msa_approximation
48203,,,48002,Texas Nonmetro,2013_nonmetro_approximation
48205,,,48002,Texas Nonmetro,2013_nonmetro_approximation
48207,,,48002,Texas Nonmetro,2013_nonmetro_approximation
48209,12420,"Austin-Round Rock, TX",12420,"Austin-Round Rock, TX MSA",full_2013_msa_approximation
48211,,,48002,Texas Nonmetro,2013_nonmetro_approximation
48213,,,48002,Texas Nonmetro,2013_nonmetro_approximation
48215,32580,"McAllen-Edinburg-Mission, TX",32580,"McAllen-Edinburg-Mission, TX MSA",full_2013_msa_approximation
48217,,,48002,Texas Nonmetro,2013_nonmetro_approximation
48219,,,48002,Texas Nonmetro,2013_nonmetro_approximation
48221,19100,"Dallas-Fort Worth-Arlington, TX",19100,"Dallas-Fort Worth-Arlington, TX MSA",full_2013_msa_approximation
48223,,,48002,Texas Nonmetro,2013_nonmetro_approximation
48225,,,48002,Texas Nonmetro,2013_nonmetro_approximation
48227,,,48002,Texas Nonmetro,2013_nonmetro_approximation
48229,21340,"El Paso, TX",21340,"El Paso, TX MSA",full_2013_msa_approximation
48231,19100,"Dallas-Fort Worth-Arlington, TX",19100,"Dallas-Fort Worth-Arlington, TX MSA",full_2013_msa_approximation
48233,,,48002,Texas Nonmetro,2013_nonmetro_approximation
48235,41660,"San Angelo, TX",48001,Texas Metro,unidentified_2013_metro_residual_approximation
48237,,,48002,Texas Nonmetro,2013_nonmetro_approximation
48239,,,48002,Texas Nonmetro,2013_nonmetro_approximation
48241,,,48002,Texas Nonmetro,2013_nonmetro_approximation
48243,,,48002,Texas Nonmetro,2013_nonmetro_approximation
48245,13140,"Beaumont-Port Arthur, TX",13140,"Beaumont-Port Arthur, TX MSA",full_2013_msa_approximation
48247,,,48002,Texas Nonmetro,2013_nonmetro_approximation
48249,,,48002,Texas Nonmetro,2013_nonmetro_approximation
48251,19100,"Dallas-Fort Worth-Arlington, TX",19100,"Dallas-Fort Worth-Arlington, TX MSA",full_2013_msa_approximation
48253,10180,"Abilene, TX",10180,"Abilene, TX MSA",full_2013_msa_approximation
48255,,,48002,Texas Nonmetro,2013_nonmetro_approximation
48257,19100,"Dallas-Fort Worth-Arlington, TX",19100,"Dallas-Fort Worth-Arlington, TX MSA",full_2013_msa_approximation
48259,41700,"San Antonio-New Braunfels, TX",41700,"San Antonio-New Braunfels, TX MSA",full_2013_msa_approximation
48261,,,48002,Texas Nonmetro,2013_nonmetro_approximation
48263,,,48002,Texas Nonmetro,2013_nonmetro_approximation
48265,,,48002,Texas Nonmetro,2013_nonmetro_approximation
48267,,,48002,Texas Nonmetro,2013_nonmetro_approximation
48269,,,48002,Texas Nonmetro,2013_nonmetro_approximation
48271,,,48002,Texas Nonmetro,2013_nonmetro_approximation
48273,,,48002,Texas Nonmetro,2013_nonmetro_approximation
48275,,,48002,Texas Nonmetro,2013_nonmetro_approximation
48277,,,48002,Texas Nonmetro,2013_nonmetro_approximation
48279,,,48002,Texas Nonmetro,2013_nonmetro_approximation
48281,28660,"Killeen-Temple, TX",28660,"Killeen-Temple, TX MSA",full_2013_msa_approximation
48283,,,48002,Texas Nonmetro,2013_nonmetro_approximation
48285,,,48002,Texas Nonmetro,2013_nonmetro_approximation
48287,,,48002,Texas Nonmetro,2013_nonmetro_approximation
48289,,,48002,Texas Nonmetro,2013_nonmetro_approximation
48291,26420,"Houston-The Woodlands-Sugar Land, TX",26420,"Houston-The Woodlands-Sugar Land, TX MSA",full_2013_msa_approximation
48293,,,48002,Texas Nonmetro,2013_nonmetro_approximation
48295,,,48002,Texas Nonmetro,2013_nonmetro_approximation
48297,,,48002,Texas Nonmetro,2013_nonmetro_approximation
48299,,,48002,Texas Nonmetro,2013_nonmetro_approximation
48301,,,48002,Texas Nonmetro,2013_nonmetro_approximation
48303,31180,"Lubbock, TX",31180,"Lubbock, TX MSA",full_2013_msa_approximation
48305,31180,"Lubbock, TX",31180,"Lubbock, TX MSA",full_2013_msa_approximation
48307,,,48002,Texas Nonmetro,2013_nonmetro_approximation
48309,47380,"Waco, TX",47380,"Waco, TX MSA",full_2013_msa_approximation
48311,,,48002,Texas Nonmetro,2013_nonmetro_approximation
48313,,,48002,Texas Nonmetro,2013_nonmetro_approximation
48315,,,48002,Texas Nonmetro,2013_nonmetro_approximation
48317,33260,"Midland, TX",48001,Texas Metro,unidentified_2013_metro_residual_approximation
48319,,,48002,Texas Nonmetro,2013_nonmetro_approximation
48321,,,48002,Texas Nonmetro,2013_nonmetro_approximation
48323,,,48002,Texas Nonmetro,2013_nonmetro_approximation
48325,41700,"San Antonio-New Braunfels, TX",41700,"San Antonio-New Braunfels, TX MSA",full_2013_msa_approximation
48327,,,48002,Texas Nonmetro,2013_nonmetro_approximation
48329,33260,"Midland, TX",48001,Texas Metro,unidentified_2013_metro_residual_approximation
48331,,,48002,Texas Nonmetro,2013_nonmetro_approximation
48333,,,48002,Texas Nonmetro,2013_nonmetro_approximation
48335,,,48002,Texas Nonmetro,2013_nonmetro_approximation
48337,,,48002,Texas Nonmetro,2013_nonmetro_approximation
48339,26420,"Houston-The Woodlands-Sugar Land, TX",26420,"Houston-The Woodlands-Sugar Land, TX MSA",full_2013_msa_approximation
48341,,,48002,Texas Nonmetro,2013_nonmetro_approximation
48343,,,48002,Texas Nonmetro,2013_nonmetro_approximation
48345,,,48002,Texas Nonmetro,2013_nonmetro_approximation
48347,,,48002,Texas Nonmetro,2013_nonmetro_approximation
48349,,,48002,Texas Nonmetro,2013_nonmetro_approximation
48351,13140,"Beaumont-Port Arthur, TX",13140,"Beaumont-Port Arthur, TX MSA",full_2013_msa_approximation
48353,,,48002,Texas Nonmetro,2013_nonmetro_approximation
48355,18580,"Corpus Christi, TX",18580,"Corpus Christi, TX MSA",full_2013_msa_approximation
48357,,,48002,Texas Nonmetro,2013_nonmetro_approximation
48359,11100,"Amarillo, TX",11100,"Amarillo, TX MSA",full_2013_msa_approximation
48361,13140,"Beaumont-Port Arthur, TX",13140,"Beaumont-Port Arthur, TX MSA",full_2013_msa_approximation
48363,,,48002,Texas Nonmetro,2013_nonmetro_approximation
48365,,,48002,Texas Nonmetro,2013_nonmetro_approximation
48367,19100,"Dallas-Fort Worth-Arlington, TX",19100,"Dallas-Fort Worth-Arlington, TX MSA",full_2013_msa_approximation
48369,,,48002,Texas Nonmetro,2013_nonmetro_approximation
48371,,,48002,Texas Nonmetro,2013_nonmetro_approximation
48373,,,48002,Texas Nonmetro,2013_nonmetro_approximation
48375,11100,"Amarillo, TX",11100,"Amarillo, TX MSA",full_2013_msa_approximation
48377,,,48002,Texas Nonmetro,2013_nonmetro_approximation
48379,,,48002,Texas Nonmetro,2013_nonmetro_approximation
48381,11100,"Amarillo, TX",11100,"Amarillo, TX MSA",full_2013_msa_approximation
48383,,,48002,Texas Nonmetro,2013_nonmetro_approximation
48385,,,48002,Texas Nonmetro,2013_nonmetro_approximation
48387,,,48002,Texas Nonmetro,2013_nonmetro_approximation
48389,,,48002,Texas Nonmetro,2013_nonmetro_approximation
48391,,,48002,Texas Nonmetro,2013_nonmetro_approximation
48393,,,48002,Texas Nonmetro,2013_nonmetro_approximation
48395,17780,"College Station-Bryan, TX",17780,"College Station-Bryan, TX MSA",full_2013_msa_approximation
48397,19100,"Dallas-Fort Worth-Arlington, TX",19100,"Dallas-Fort Worth-Arlington, TX MSA",full_2013_msa_approximation
48399,,,48002,Texas Nonmetro,2013_nonmetro_approximation
48401,30980,"Longview, TX",30980,"Longview, TX MSA",full_2013_msa_approximation
48403,,,48002,Texas Nonmetro,2013_nonmetro_approximation
48405,,,48002,Texas Nonmetro,2013_nonmetro_approximation
48407,,,48002,Texas Nonmetro,2013_nonmetro_approximation
48409,18580,"Corpus Christi, TX",18580,"Corpus Christi, TX MSA",full_2013_msa_approximation
48411,,,48002,Texas Nonmetro,2013_nonmetro_approximation
48413,,,48002,Texas Nonmetro,2013_nonmetro_approximation
48415,,,48002,Texas Nonmetro,2013_nonmetro_approximation
48417,,,48002,Texas Nonmetro,2013_nonmetro_approximation
48419,,,48002,Texas Nonmetro,2013_nonmetro_approximation
48421,,,48002,Texas Nonmetro,2013_nonmetro_approximation
48423,46340,"Tyler, TX",46340,"Tyler, TX MSA",full_2013_msa_approximation
48425,19100,"Dallas-Fort Worth-Arlington, TX",19100,"Dallas-Fort Worth-Arlington, TX MSA",full_2013_msa_approximation
48427,,,48002,Texas Nonmetro,2013_nonmetro_approximation
48429,,,48002,Texas Nonmetro,2013_nonmetro_approximation
48431,,,48002,Texas Nonmetro,2013_nonmetro_approximation
48433,,,48002,Texas Nonmetro,2013_nonmetro_approximation
48435,,,48002,Texas Nonmetro,2013_nonmetro_approximation
48437,,,48002,Texas Nonmetro,2013_nonmetro_approximation
48439,19100,"Dallas-Fort Worth-Arlington, TX",19100,"Dallas-Fort Worth-Arlington, TX MSA",full_2013_msa_approximation
48441,10180,"Abilene, TX",10180,"Abilene, TX MSA",full_2013_msa_approximation
48443,,,48002,Texas Nonmetro,2013_nonmetro_approximation
48445,,,48002,Texas Nonmetro,2013_nonmetro_approximation
48447,,,48002,Texas Nonmetro,2013_nonmetro_approximation
48449,,,48002,Texas Nonmetro,2013_nonmetro_approximation
48451,41660,"San Angelo, TX",48001,Texas Metro,unidentified_2013_metro_residual_approximation
48453,12420,"Austin-Round Rock, TX",12420,"Austin-Round Rock, TX MSA",full_2013_msa_approximation
48455,,,48002,Texas Nonmetro,2013_nonmetro_approximation
48457,,,48002,Texas Nonmetro,2013_nonmetro_approximation
48459,30980,"Longview, TX",30980,"Longview, TX MSA",full_2013_msa_approximation
48461,,,48002,Texas Nonmetro,2013_nonmetro_approximation
48463,,,48002,Texas Nonmetro,2013_nonmetro_approximation
48465,,,48002,Texas Nonmetro,2013_nonmetro_approximation
48467,,,48002,Texas Nonmetro,2013_nonmetro_approximation
48469,47020,"Victoria, TX",48001,Texas Metro,unidentified_2013_metro_residual_approximation
48471,,,48002,Texas Nonmetro,2013_nonmetro_approximation
48473,26420,"Houston-The Woodlands-Sugar Land, TX",26420,"Houston-The Woodlands-Sugar Land, TX MSA",full_2013_msa_approximation
48475,,,48002,Texas Nonmetro,2013_nonmetro_approximation
48477,,,48002,Texas Nonmetro,2013_nonmetro_approximation
48479,29700,"Laredo, TX",29700,"Laredo, TX MSA",full_2013_msa_approximation
48481,,,48002,Texas Nonmetro,2013_nonmetro_approximation
48483,,,48002,Texas Nonmetro,2013_nonmetro_approximation
48485,48660,"Wichita Falls, TX",48660,"Wichita Falls, TX MSA",full_2013_msa_approximation
48487,,,48002,Texas Nonmetro,2013_nonmetro_approximation
48489,,,48002,Texas Nonmetro,2013_nonmetro_approximation
48491,12420,"Austin-Round Rock, TX",12420,"Austin-Round Rock, TX MSA",full_2013_msa_approximation
48493,41700,"San Antonio-New Braunfels, TX",41700,"San Antonio-New Braunfels, TX MSA",full_2013_msa_approximation
48495,,,48002,Texas Nonmetro,2013_nonmetro_approximation
48497,19100,"Dallas-Fort Worth-Arlington, TX",19100,"Dallas-Fort Worth-Arlington, TX MSA",full_2013_msa_approximation
48499,,,48002,Texas Nonmetro,2013_nonmetro_approximation
48501,,,48002,Texas Nonmetro,2013_nonmetro_approximation
48503,,,48002,Texas Nonmetro,2013_nonmetro_approximation
48505,,,48002,Texas Nonmetro,2013_nonmetro_approximation
48507,,,48002,Texas Nonmetro,2013_nonmetro_approximation
49001,,,49002,Utah Nonmetro,2013_nonmetro_approximation
49003,36260,"Ogden-Clearfield, UT",36260,"Ogden-Clearfield, UT MSA",full_2013_msa_approximation
49005,30860,"Logan, UT-ID",49001,Utah Metro,unidentified_2013_metro_residual_approximation
49007,,,49002,Utah Nonmetro,2013_nonmetro_approximation
49009,,,49002,Utah Nonmetro,2013_nonmetro_approximation
49011,36260,"Ogden-Clearfield, UT",36260,"Ogden-Clearfield, UT MSA",full_2013_msa_approximation
49013,,,49002,Utah Nonmetro,2013_nonmetro_approximation
49015,,,49002,Utah Nonmetro,2013_nonmetro_approximation
49017,,,49002,Utah Nonmetro,2013_nonmetro_approximation
49019,,,49002,Utah Nonmetro,2013_nonmetro_approximation
49021,,,49002,Utah Nonmetro,2013_nonmetro_approximation
49023,39340,"Provo-Orem, UT",39340,"Provo-Orem, UT MSA",full_2013_msa_approximation
49025,,,49002,Utah Nonmetro,2013_nonmetro_approximation
49027,,,49002,Utah Nonmetro,2013_nonmetro_approximation
49029,36260,"Ogden-Clearfield, UT",36260,"Ogden-Clearfield, UT MSA",full_2013_msa_approximation
49031,,,49002,Utah Nonmetro,2013_nonmetro_approximation
49033,,,49002,Utah Nonmetro,2013_nonmetro_approximation
49035,41620,"Salt Lake City, UT",41620,"Salt Lake City, UT MSA",full_2013_msa_approximation
49037,,,49002,Utah Nonmetro,2013_nonmetro_approximation
49039,,,49002,Utah Nonmetro,2013_nonmetro_approximation
49041,,,49002,Utah Nonmetro,2013_nonmetro_approximation
49043,,,49002,Utah Nonmetro,2013_nonmetro_approximation
49045,41620,"Salt Lake City, UT",41620,"Salt Lake City, UT MSA",full_2013_msa_approximation
49047,,,49002,Utah Nonmetro,2013_nonmetro_approximation
49049,39340,"Provo-Orem, UT",39340,"Provo-Orem, UT MSA",full_2013_msa_approximation
49051,,,49002,Utah Nonmetro,2013_nonmetro_approximation
49053,41100,"St. George, UT",41100,"St. George, UT MSA",full_2013_msa_approximation
49055,,,49002,Utah Nonmetro,2013_nonmetro_approximation
49057,36260,"Ogden-Clearfield, UT",36260,"Ogden-Clearfield, UT MSA",full_2013_msa_approximation
50001,,,50002,Vermont Nonmetro,2013_nonmetro_approximation
50003,,,50002,Vermont Nonmetro,2013_nonmetro_approximation
50005,,,50002,Vermont Nonmetro,2013_nonmetro_approximation
50007,15540,"Burlington-South Burlington, VT",15540,"Burlington-South Burlington, VT MSA",full_2013_msa_approximation
50009,,,50002,Vermont Nonmetro,2013_nonmetro_approximation
50011,15540,"Burlington-South Burlington, VT",15540,"Burlington-South Burlington, VT MSA",full_2013_msa_approximation
50013,15540,"Burlington-South Burlington, VT",15540,"Burlington-South Burlington, VT MSA",full_2013_msa_approximation
50015,,,50002,Vermont Nonmetro,2013_nonmetro_approximation
50017,,,50002,Vermont Nonmetro,2013_nonmetro_approximation
50019,,,50002,Vermont Nonmetro,2013_nonmetro_approximation
50021,,,50002,Vermont Nonmetro,2013_nonmetro_approximation
50023,,,50002,Vermont Nonmetro,2013_nonmetro_approximation
50025,,,50002,Vermont Nonmetro,2013_nonmetro_approximation
50027,,,50002,Vermont Nonmetro,2013_nonmetro_approximation
51001,,,51002,Virginia Nonmetro,2013_nonmetro_approximation
51003,16820,"Charlottesville, VA",16820,"Charlottesville, VA MSA",full_2013_msa_approximation
51005,,,51002,Virginia Nonmetro,2013_nonmetro_approximation
51007,40060,"Richmond, VA",40060,"Richmond, VA MSA",full_2013_msa_approximation
51009,31340,"Lynchburg, VA",51001,Virginia Metro,unidentified_2013_metro_residual_approximation
51011,31340,"Lynchburg, VA",51001,Virginia Metro,unidentified_2013_metro_residual_approximation
51013,47900,"Washington-Arlington-Alexandria, DC-VA-MD-WV",47900,"Washington-Arlington-Alexandria, DC-VA-MD-WV MSA",full_2013_msa_approximation
51015,44420,"Staunton-Waynesboro, VA",51001,Virginia Metro,unidentified_2013_metro_residual_approximation
51017,,,51002,Virginia Nonmetro,2013_nonmetro_approximation
51019,31340,"Lynchburg, VA",51001,Virginia Metro,unidentified_2013_metro_residual_approximation
51021,,,51002,Virginia Nonmetro,2013_nonmetro_approximation
51023,40220,"Roanoke, VA",40220,"Roanoke, VA MSA",full_2013_msa_approximation
51025,,,51002,Virginia Nonmetro,2013_nonmetro_approximation
51027,,,51002,Virginia Nonmetro,2013_nonmetro_approximation
51029,16820,"Charlottesville, VA",16820,"Charlottesville, VA MSA",full_2013_msa_approximation
51031,31340,"Lynchburg, VA",51001,Virginia Metro,unidentified_2013_metro_residual_approximation
51033,40060,"Richmond, VA",40060,"Richmond, VA MSA",full_2013_msa_approximation
51035,,,51002,Virginia Nonmetro,2013_nonmetro_approximation
51036,40060,"Richmond, VA",40060,"Richmond, VA MSA",full_2013_msa_approximation
51037,,,51002,Virginia Nonmetro,2013_nonmetro_approximation
51041,40060,"Richmond, VA",40060,"Richmond, VA MSA",full_2013_msa_approximation
51043,47900,"Washington-Arlington-Alexandria, DC-VA-MD-WV",47900,"Washington-Arlington-Alexandria, DC-VA-MD-WV MSA",full_2013_msa_approximation
51045,40220,"Roanoke, VA",40220,"Roanoke, VA MSA",full_2013_msa_approximation
51047,47900,"Washington-Arlington-Alexandria, DC-VA-MD-WV",47900,"Washington-Arlington-Alexandria, DC-VA-MD-WV MSA",full_2013_msa_approximation
51049,,,51002,Virginia Nonmetro,2013_nonmetro_approximation
51051,,,51002,Virginia Nonmetro,2013_nonmetro_approximation
51053,40060,"Richmond, VA",40060,"Richmond, VA MSA",full_2013_msa_approximation
51057,,,51002,Virginia Nonmetro,2013_nonmetro_approximation
51059,47900,"Washington-Arlington-Alexandria, DC-VA-MD-WV",47900,"Washington-Arlington-Alexandria, DC-VA-MD-WV MSA",full_2013_msa_approximation
51061,47900,"Washington-Arlington-Alexandria, DC-VA-MD-WV",47900,"Washington-Arlington-Alexandria, DC-VA-MD-WV MSA",full_2013_msa_approximation
51063,13980,"Blacksburg-Christiansburg-Radford, VA",13980,"Blacksburg-Christiansburg-Radford, VA MSA",full_2013_msa_approximation
51065,16820,"Charlottesville, VA",16820,"Charlottesville, VA MSA",full_2013_msa_approximation
51067,40220,"Roanoke, VA",40220,"Roanoke, VA MSA",full_2013_msa_approximation
51069,49020,"Winchester, VA-WV",49020,"Winchester, VA-WV MSA",full_2013_msa_approximation
51071,13980,"Blacksburg-Christiansburg-Radford, VA",13980,"Blacksburg-Christiansburg-Radford, VA MSA",full_2013_msa_approximation
51073,47260,"Virginia Beach-Norfolk-Newport News, VA-NC",47260,"Virginia Beach-Norfolk-Newport News, VA-NC MSA",full_2013_msa_approximation
51075,40060,"Richmond, VA",40060,"Richmond, VA MSA",full_2013_msa_approximation
51077,,,51002,Virginia Nonmetro,2013_nonmetro_approximation
51079,16820,"Charlottesville, VA",16820,"Charlottesville, VA MSA",full_2013_msa_approximation
51081,,,51002,Virginia Nonmetro,2013_nonmetro_approximation
51083,,,51002,Virginia Nonmetro,2013_nonmetro_approximation
51085,40060,"Richmond, VA",40060,"Richmond, VA MSA",full_2013_msa_approximation
51087,40060,"Richmond, VA",40060,"Richmond, VA MSA",full_2013_msa_approximation
51089,,,51002,Virginia Nonmetro,2013_nonmetro_approximation
51091,,,51002,Virginia Nonmetro,2013_nonmetro_approximation
51093,47260,"Virginia Beach-Norfolk-Newport News, VA-NC",47260,"Virginia Beach-Norfolk-Newport News, VA-NC MSA",full_2013_msa_approximation
51095,47260,"Virginia Beach-Norfolk-Newport News, VA-NC",47260,"Virginia Beach-Norfolk-Newport News, VA-NC MSA",full_2013_msa_approximation
51097,,,51002,Virginia Nonmetro,2013_nonmetro_approximation
51099,,,51002,Virginia Nonmetro,2013_nonmetro_approximation
51101,40060,"Richmond, VA",40060,"Richmond, VA MSA",full_2013_msa_approximation
51103,,,51002,Virginia Nonmetro,2013_nonmetro_approximation
51105,,,51002,Virginia Nonmetro,2013_nonmetro_approximation
51107,47900,"Washington-Arlington-Alexandria, DC-VA-MD-WV",47900,"Washington-Arlington-Alexandria, DC-VA-MD-WV MSA",full_2013_msa_approximation
51109,,,51002,Virginia Nonmetro,2013_nonmetro_approximation
51111,,,51002,Virginia Nonmetro,2013_nonmetro_approximation
51113,,,51002,Virginia Nonmetro,2013_nonmetro_approximation
51115,47260,"Virginia Beach-Norfolk-Newport News, VA-NC",47260,"Virginia Beach-Norfolk-Newport News, VA-NC MSA",full_2013_msa_approximation
51117,,,51002,Virginia Nonmetro,2013_nonmetro_approximation
51119,,,51002,Virginia Nonmetro,2013_nonmetro_approximation
51121,13980,"Blacksburg-Christiansburg-Radford, VA",13980,"Blacksburg-Christiansburg-Radford, VA MSA",full_2013_msa_approximation
51125,16820,"Charlottesville, VA",16820,"Charlottesville, VA MSA",full_2013_msa_approximation
51127,40060,"Richmond, VA",40060,"Richmond, VA MSA",full_2013_msa_approximation
51131,,,51002,Virginia Nonmetro,2013_nonmetro_approximation
51133,,,51002,Virginia Nonmetro,2013_nonmetro_approximation
51135,,,51002,Virginia Nonmetro,2013_nonmetro_approximation
51137,,,51002,Virginia Nonmetro,2013_nonmetro_approximation
51139,,,51002,Virginia Nonmetro,2013_nonmetro_approximation
51141,,,51002,Virginia Nonmetro,2013_nonmetro_approximation
51143,,,51002,Virginia Nonmetro,2013_nonmetro_approximation
51145,40060,"Richmond, VA",40060,"Richmond, VA MSA",full_2013_msa_approximation
51147,,,51002,Virginia Nonmetro,2013_nonmetro_approximation
51149,40060,"Richmond, VA",40060,"Richmond, VA MSA",full_2013_msa_approximation
51153,47900,"Washington-Arlington-Alexandria, DC-VA-MD-WV",47900,"Washington-Arlington-Alexandria, DC-VA-MD-WV MSA",full_2013_msa_approximation
51155,13980,"Blacksburg-Christiansburg-Radford, VA",13980,"Blacksburg-Christiansburg-Radford, VA MSA",full_2013_msa_approximation
51157,47900,"Washington-Arlington-Alexandria, DC-VA-MD-WV",47900,"Washington-Arlington-Alexandria, DC-VA-MD-WV MSA",full_2013_msa_approximation
51159,,,51002,Virginia Nonmetro,2013_nonmetro_approximation
51161,40220,"Roanoke, VA",40220,"Roanoke, VA MSA",full_2013_msa_approximation
51163,,,51002,Virginia Nonmetro,2013_nonmetro_approximation
51165,25500,"Harrisonburg, VA",51001,Virginia Metro,unidentified_2013_metro_residual_approximation
51167,,,51002,Virginia Nonmetro,2013_nonmetro_approximation
51169,28700,"Kingsport-Bristol-Bristol, TN-VA",28700,"Kingsport-Bristol-Bristol, TN-VA MSA",full_2013_msa_approximation
51171,,,51002,Virginia Nonmetro,2013_nonmetro_approximation
51173,,,51002,Virginia Nonmetro,2013_nonmetro_approximation
51175,,,51002,Virginia Nonmetro,2013_nonmetro_approximation
51177,47900,"Washington-Arlington-Alexandria, DC-VA-MD-WV",47900,"Washington-Arlington-Alexandria, DC-VA-MD-WV MSA",full_2013_msa_approximation
51179,47900,"Washington-Arlington-Alexandria, DC-VA-MD-WV",47900,"Washington-Arlington-Alexandria, DC-VA-MD-WV MSA",full_2013_msa_approximation
51181,,,51002,Virginia Nonmetro,2013_nonmetro_approximation
51183,40060,"Richmond, VA",40060,"Richmond, VA MSA",full_2013_msa_approximation
51185,,,51002,Virginia Nonmetro,2013_nonmetro_approximation
51187,47900,"Washington-Arlington-Alexandria, DC-VA-MD-WV",47900,"Washington-Arlington-Alexandria, DC-VA-MD-WV MSA",full_2013_msa_approximation
51191,28700,"Kingsport-Bristol-Bristol, TN-VA",28700,"Kingsport-Bristol-Bristol, TN-VA MSA",full_2013_msa_approximation
51193,,,51002,Virginia Nonmetro,2013_nonmetro_approximation
51195,,,51002,Virginia Nonmetro,2013_nonmetro_approximation
51197,,,51002,Virginia Nonmetro,2013_nonmetro_approximation
51199,47260,"Virginia Beach-Norfolk-Newport News, VA-NC",47260,"Virginia Beach-Norfolk-Newport News, VA-NC MSA",full_2013_msa_approximation
51510,47900,"Washington-Arlington-Alexandria, DC-VA-MD-WV",47900,"Washington-Arlington-Alexandria, DC-VA-MD-WV MSA",full_2013_msa_approximation
51520,28700,"Kingsport-Bristol-Bristol, TN-VA",28700,"Kingsport-Bristol-Bristol, TN-VA MSA",full_2013_msa_approximation
51530,,,51002,Virginia Nonmetro,2013_nonmetro_approximation
51540,16820,"Charlottesville, VA",16820,"Charlottesville, VA MSA",full_2013_msa_approximation
51550,47260,"Virginia Beach-Norfolk-Newport News, VA-NC",47260,"Virginia Beach-Norfolk-Newport News, VA-NC MSA",full_2013_msa_approximation
51570,40060,"Richmond, VA",40060,"Richmond, VA MSA",full_2013_msa_approximation
51580,,,51002,Virginia Nonmetro,2013_nonmetro_approximation
51590,,,51002,Virginia Nonmetro,2013_nonmetro_approximation
51595,,,51002,Virginia Nonmetro,2013_nonmetro_approximation
51600,47900,"Washington-Arlington-Alexandria, DC-VA-MD-WV",47900,"Washington-Arlington-Alexandria, DC-VA-MD-WV MSA",full_2013_msa_approximation
51610,47900,"Washington-Arlington-Alexandria, DC-VA-MD-WV",47900,"Washington-Arlington-Alexandria, DC-VA-MD-WV MSA",full_2013_msa_approximation
51620,,,51002,Virginia Nonmetro,2013_nonmetro_approximation
51630,47900,"Washington-Arlington-Alexandria, DC-VA-MD-WV",47900,"Washington-Arlington-Alexandria, DC-VA-MD-WV MSA",full_2013_msa_approximation
51640,,,51002,Virginia Nonmetro,2013_nonmetro_approximation
51650,47260,"Virginia Beach-Norfolk-Newport News, VA-NC",47260,"Virginia Beach-Norfolk-Newport News, VA-NC MSA",full_2013_msa_approximation
51660,25500,"Harrisonburg, VA",51001,Virginia Metro,unidentified_2013_metro_residual_approximation
51670,40060,"Richmond, VA",40060,"Richmond, VA MSA",full_2013_msa_approximation
51678,,,51002,Virginia Nonmetro,2013_nonmetro_approximation
51680,31340,"Lynchburg, VA",51001,Virginia Metro,unidentified_2013_metro_residual_approximation
51683,47900,"Washington-Arlington-Alexandria, DC-VA-MD-WV",47900,"Washington-Arlington-Alexandria, DC-VA-MD-WV MSA",full_2013_msa_approximation
51685,47900,"Washington-Arlington-Alexandria, DC-VA-MD-WV",47900,"Washington-Arlington-Alexandria, DC-VA-MD-WV MSA",full_2013_msa_approximation
51690,,,51002,Virginia Nonmetro,2013_nonmetro_approximation
51700,47260,"Virginia Beach-Norfolk-Newport News, VA-NC",47260,"Virginia Beach-Norfolk-Newport News, VA-NC MSA",full_2013_msa_approximation
51710,47260,"Virginia Beach-Norfolk-Newport News, VA-NC",47260,"Virginia Beach-Norfolk-Newport News, VA-NC MSA",full_2013_msa_approximation
51720,,,51002,Virginia Nonmetro,2013_nonmetro_approximation
51730,40060,"Richmond, VA",40060,"Richmond, VA MSA",full_2013_msa_approximation
51735,47260,"Virginia Beach-Norfolk-Newport News, VA-NC",47260,"Virginia Beach-Norfolk-Newport News, VA-NC MSA",full_2013_msa_approximation
51740,47260,"Virginia Beach-Norfolk-Newport News, VA-NC",47260,"Virginia Beach-Norfolk-Newport News, VA-NC MSA",full_2013_msa_approximation
51750,13980,"Blacksburg-Christiansburg-Radford, VA",13980,"Blacksburg-Christiansburg-Radford, VA MSA",full_2013_msa_approximation
51760,40060,"Richmond, VA",40060,"Richmond, VA MSA",full_2013_msa_approximation
51770,40220,"Roanoke, VA",40220,"Roanoke, VA MSA",full_2013_msa_approximation
51775,40220,"Roanoke, VA",40220,"Roanoke, VA MSA",full_2013_msa_approximation
51790,44420,"Staunton-Waynesboro, VA",51001,Virginia Metro,unidentified_2013_metro_residual_approximation
51800,47260,"Virginia Beach-Norfolk-Newport News, VA-NC",47260,"Virginia Beach-Norfolk-Newport News, VA-NC MSA",full_2013_msa_approximation
51810,47260,"Virginia Beach-Norfolk-Newport News, VA-NC",47260,"Virginia Beach-Norfolk-Newport News, VA-NC MSA",full_2013_msa_approximation
51820,44420,"Staunton-Waynesboro, VA",51001,Virginia Metro,unidentified_2013_metro_residual_approximation
51830,47260,"Virginia Beach-Norfolk-Newport News, VA-NC",47260,"Virginia Beach-Norfolk-Newport News, VA-NC MSA",full_2013_msa_approximation
51840,49020,"Winchester, VA-WV",49020,"Winchester, VA-WV MSA",full_2013_msa_approximation
53001,,,53002,Washington Nonmetro,2013_nonmetro_approximation
53003,30300,"Lewiston, ID-WA",53001,Washington Metro,unidentified_2013_metro_residual_approximation
53005,28420,"Kennewick-Richland, WA",28420,"Kennewick-Richland, WA MSA",full_2013_msa_approximation
53007,48300,"Wenatchee, WA",53001,Washington Metro,unidentified_2013_metro_residual_approximation
53009,,,53002,Washington Nonmetro,2013_nonmetro_approximation
53011,38900,"Portland-Vancouver-Hillsboro, OR-WA",38900,"Portland-Vancouver-Hillsboro, OR-WA MSA",full_2013_msa_approximation
53013,47460,"Walla Walla, WA",53001,Washington Metro,unidentified_2013_metro_residual_approximation
53015,31020,"Longview, WA",53001,Washington Metro,unidentified_2013_metro_residual_approximation
53017,48300,"Wenatchee, WA",53001,Washington Metro,unidentified_2013_metro_residual_approximation
53019,,,53002,Washington Nonmetro,2013_nonmetro_approximation
53021,28420,"Kennewick-Richland, WA",28420,"Kennewick-Richland, WA MSA",full_2013_msa_approximation
53023,,,53002,Washington Nonmetro,2013_nonmetro_approximation
53025,,,53002,Washington Nonmetro,2013_nonmetro_approximation
53027,,,53002,Washington Nonmetro,2013_nonmetro_approximation
53029,,,53002,Washington Nonmetro,2013_nonmetro_approximation
53031,,,53002,Washington Nonmetro,2013_nonmetro_approximation
53033,42660,"Seattle-Tacoma-Bellevue, WA",42660,"Seattle-Tacoma-Bellevue, WA MSA",full_2013_msa_approximation
53035,14740,"Bremerton-Silverdale, WA",53001,Washington Metro,unidentified_2013_metro_residual_approximation
53037,,,53002,Washington Nonmetro,2013_nonmetro_approximation
53039,,,53002,Washington Nonmetro,2013_nonmetro_approximation
53041,,,53002,Washington Nonmetro,2013_nonmetro_approximation
53043,,,53002,Washington Nonmetro,2013_nonmetro_approximation
53045,,,53002,Washington Nonmetro,2013_nonmetro_approximation
53047,,,53002,Washington Nonmetro,2013_nonmetro_approximation
53049,,,53002,Washington Nonmetro,2013_nonmetro_approximation
53051,44060,"Spokane-Spokane Valley, WA",44060,"Spokane-Spokane Valley, WA MSA",full_2013_msa_approximation
53053,42660,"Seattle-Tacoma-Bellevue, WA",42660,"Seattle-Tacoma-Bellevue, WA MSA",full_2013_msa_approximation
53055,,,53002,Washington Nonmetro,2013_nonmetro_approximation
53057,34580,"Mount Vernon-Anacortes, WA",34580,"Mount Vernon-Anacortes, WA MSA",full_2013_msa_approximation
53059,38900,"Portland-Vancouver-Hillsboro, OR-WA",38900,"Portland-Vancouver-Hillsboro, OR-WA MSA",full_2013_msa_approximation
53061,42660,"Seattle-Tacoma-Bellevue, WA",42660,"Seattle-Tacoma-Bellevue, WA MSA",full_2013_msa_approximation
53063,44060,"Spokane-Spokane Valley, WA",44060,"Spokane-Spokane Valley, WA MSA",full_2013_msa_approximation
53065,44060,"Spokane-Spokane Valley, WA",44060,"Spokane-Spokane Valley, WA MSA",full_2013_msa_approximation
53067,36500,"Olympia-Tumwater, WA",53001,Washington Metro,unidentified_2013_metro_residual_approximation
53069,,,53002,Washington Nonmetro,2013_nonmetro_approximation
53071,47460,"Walla Walla, WA",53001,Washington Metro,unidentified_2013_metro_residual_approximation
53073,13380,"Bellingham, WA",53001,Washington Metro,unidentified_2013_metro_residual_approximation
53075,,,53002,Washington Nonmetro,2013_nonmetro_approximation
53077,49420,"Yakima, WA",53001,Washington Metro,unidentified_2013_metro_residual_approximation
54001,,,54002,West Virginia Nonmetro,2013_nonmetro_approximation
54003,25180,"Hagerstown-Martinsburg, MD-WV",25180,"Hagerstown-Martinsburg, MD-WV MSA",full_2013_msa_approximation
54005,16620,"Charleston, WV",16620,"Charleston, WV MSA",full_2013_msa_approximation
54007,,,54002,West Virginia Nonmetro,2013_nonmetro_approximation
54009,48260,"Weirton-Steubenville, WV-OH",54001,West Virginia Metro,unidentified_2013_metro_residual_approximation
54011,26580,"Huntington-Ashland, WV-KY-OH",26580,"Huntington-Ashland, WV-KY-OH MSA",full_2013_msa_approximation
54013,,,54002,West Virginia Nonmetro,2013_nonmetro_approximation
54015,16620,"Charleston, WV",16620,"Charleston, WV MSA",full_2013_msa_approximation
54017,,,54002,West Virginia Nonmetro,2013_nonmetro_approximation
54019,13220,"Beckley, WV",54001,West Virginia Metro,unidentified_2013_metro_residual_approximation
54021,,,54002,West Virginia Nonmetro,2013_nonmetro_approximation
54023,,,54002,West Virginia Nonmetro,2013_nonmetro_approximation
54025,,,54002,West Virginia Nonmetro,2013_nonmetro_approximation
54027,49020,"Winchester, VA-WV",49020,"Winchester, VA-WV MSA",full_2013_msa_approximation
54029,48260,"Weirton-Steubenville, WV-OH",54001,West Virginia Metro,unidentified_2013_metro_residual_approximation
54031,,,54002,West Virginia Nonmetro,2013_nonmetro_approximation
54033,,,54002,West Virginia Nonmetro,2013_nonmetro_approximation
54035,,,54002,West Virginia Nonmetro,2013_nonmetro_approximation
54037,47900,"Washington-Arlington-Alexandria, DC-VA-MD-WV",47900,"Washington-Arlington-Alexandria, DC-VA-MD-WV MSA",full_2013_msa_approximation
54039,16620,"Charleston, WV",16620,"Charleston, WV MSA",full_2013_msa_approximation
54041,,,54002,West Virginia Nonmetro,2013_nonmetro_approximation
54043,26580,"Huntington-Ashland, WV-KY-OH",26580,"Huntington-Ashland, WV-KY-OH MSA",full_2013_msa_approximation
54045,,,54002,West Virginia Nonmetro,2013_nonmetro_approximation
54047,,,54002,West Virginia Nonmetro,2013_nonmetro_approximation
54049,,,54002,West Virginia Nonmetro,2013_nonmetro_approximation
54051,48540,"Wheeling, WV-OH",54001,West Virginia Metro,unidentified_2013_metro_residual_approximation
54053,,,54002,West Virginia Nonmetro,2013_nonmetro_approximation
54055,,,54002,West Virginia Nonmetro,2013_nonmetro_approximation
54057,19060,"Cumberland, MD-WV",54001,West Virginia Metro,unidentified_2013_metro_residual_approximation
54059,,,54002,West Virginia Nonmetro,2013_nonmetro_approximation
54061,34060,"Morgantown, WV",34060,"Morgantown, WV MSA",full_2013_msa_approximation
54063,,,54002,West Virginia Nonmetro,2013_nonmetro_approximation
54065,,,54002,West Virginia Nonmetro,2013_nonmetro_approximation
54067,,,54002,West Virginia Nonmetro,2013_nonmetro_approximation
54069,48540,"Wheeling, WV-OH",54001,West Virginia Metro,unidentified_2013_metro_residual_approximation
54071,,,54002,West Virginia Nonmetro,2013_nonmetro_approximation
54073,,,54002,West Virginia Nonmetro,2013_nonmetro_approximation
54075,,,54002,West Virginia Nonmetro,2013_nonmetro_approximation
54077,34060,"Morgantown, WV",34060,"Morgantown, WV MSA",full_2013_msa_approximation
54079,26580,"Huntington-Ashland, WV-KY-OH",26580,"Huntington-Ashland, WV-KY-OH MSA",full_2013_msa_approximation
54081,13220,"Beckley, WV",54001,West Virginia Metro,unidentified_2013_metro_residual_approximation
54083,,,54002,West Virginia Nonmetro,2013_nonmetro_approximation
54085,,,54002,West Virginia Nonmetro,2013_nonmetro_approximation
54087,,,54002,West Virginia Nonmetro,2013_nonmetro_approximation
54089,,,54002,West Virginia Nonmetro,2013_nonmetro_approximation
54091,,,54002,West Virginia Nonmetro,2013_nonmetro_approximation
54093,,,54002,West Virginia Nonmetro,2013_nonmetro_approximation
54095,,,54002,West Virginia Nonmetro,2013_nonmetro_approximation
54097,,,54002,West Virginia Nonmetro,2013_nonmetro_approximation
54099,26580,"Huntington-Ashland, WV-KY-OH",26580,"Huntington-Ashland, WV-KY-OH MSA",full_2013_msa_approximation
54101,,,54002,West Virginia Nonmetro,2013_nonmetro_approximation
54103,,,54002,West Virginia Nonmetro,2013_nonmetro_approximation
54105,37620,"Parkersburg-Vienna, WV",54001,West Virginia Metro,unidentified_2013_metro_residual_approximation
54107,37620,"Parkersburg-Vienna, WV",54001,West Virginia Metro,unidentified_2013_metro_residual_approximation
54109,,,54002,West Virginia Nonmetro,2013_nonmetro_approximation
55001,,,55002,Wisconsin Nonmetro,2013_nonmetro_approximation
55003,,,55002,Wisconsin Nonmetro,2013_nonmetro_approximation
55005,,,55002,Wisconsin Nonmetro,2013_nonmetro_approximation
55007,,,55002,Wisconsin Nonmetro,2013_nonmetro_approximation
55009,24580,"Green Bay, WI",24580,"Green Bay, WI MSA",full_2013_msa_approximation
55011,,,55002,Wisconsin Nonmetro,2013_nonmetro_approximation
55013,,,55002,Wisconsin Nonmetro,2013_nonmetro_approximation
55015,11540,"Appleton, WI",11540,"Appleton, WI MSA",full_2013_msa_approximation
55017,20740,"Eau Claire, WI",,,not_represented_by_published_area
55019,,,55002,Wisconsin Nonmetro,2013_nonmetro_approximation
55021,31540,"Madison, WI",31540,"Madison, WI MSA",full_2013_msa_approximation
55023,,,55002,Wisconsin Nonmetro,2013_nonmetro_approximation
55025,31540,"Madison, WI",31540,"Madison, WI MSA",full_2013_msa_approximation
55027,,,55002,Wisconsin Nonmetro,2013_nonmetro_approximation
55029,,,55002,Wisconsin Nonmetro,2013_nonmetro_approximation
55031,20260,"Duluth, MN-WI",,,not_represented_by_published_area
55033,,,55002,Wisconsin Nonmetro,2013_nonmetro_approximation
55035,20740,"Eau Claire, WI",,,not_represented_by_published_area
55037,,,55002,Wisconsin Nonmetro,2013_nonmetro_approximation
55039,22540,"Fond du Lac, WI",,,not_represented_by_published_area
55041,,,55002,Wisconsin Nonmetro,2013_nonmetro_approximation
55043,,,55002,Wisconsin Nonmetro,2013_nonmetro_approximation
55045,31540,"Madison, WI",31540,"Madison, WI MSA",full_2013_msa_approximation
55047,,,55002,Wisconsin Nonmetro,2013_nonmetro_approximation
55049,31540,"Madison, WI",31540,"Madison, WI MSA",full_2013_msa_approximation
55051,,,55002,Wisconsin Nonmetro,2013_nonmetro_approximation
55053,,,55002,Wisconsin Nonmetro,2013_nonmetro_approximation
55055,,,55002,Wisconsin Nonmetro,2013_nonmetro_approximation
55057,,,55002,Wisconsin Nonmetro,2013_nonmetro_approximation
55059,16980,"Chicago-Naperville-Elgin, IL-IN-WI",16980,"Chicago-Naperville-Elgin, IL-IN-WI MSA",full_2013_msa_approximation
55061,24580,"Green Bay, WI",24580,"Green Bay, WI MSA",full_2013_msa_approximation
55063,29100,"La Crosse-Onalaska, WI-MN",,,not_represented_by_published_area
55065,,,55002,Wisconsin Nonmetro,2013_nonmetro_approximation
55067,,,55002,Wisconsin Nonmetro,2013_nonmetro_approximation
55069,,,55002,Wisconsin Nonmetro,2013_nonmetro_approximation
55071,,,55002,Wisconsin Nonmetro,2013_nonmetro_approximation
55073,48140,"Wausau, WI",48140,"Wausau, WI MSA",full_2013_msa_approximation
55075,,,55002,Wisconsin Nonmetro,2013_nonmetro_approximation
55077,,,55002,Wisconsin Nonmetro,2013_nonmetro_approximation
55078,,,55002,Wisconsin Nonmetro,2013_nonmetro_approximation
55079,33340,"Milwaukee-Waukesha-West Allis, WI",33340,"Milwaukee-Waukesha-West Allis, WI MSA",full_2013_msa_approximation
55081,,,55002,Wisconsin Nonmetro,2013_nonmetro_approximation
55083,24580,"Green Bay, WI",24580,"Green Bay, WI MSA",full_2013_msa_approximation
55085,,,55002,Wisconsin Nonmetro,2013_nonmetro_approximation
55087,11540,"Appleton, WI",11540,"Appleton, WI MSA",full_2013_msa_approximation
55089,33340,"Milwaukee-Waukesha-West Allis, WI",33340,"Milwaukee-Waukesha-West Allis, WI MSA",full_2013_msa_approximation
55091,,,55002,Wisconsin Nonmetro,2013_nonmetro_approximation
55093,33460,"Minneapolis-St. Paul-Bloomington, MN-WI",33460,"Minneapolis-St. Paul-Bloomington, MN-WI MSA",full_2013_msa_approximation
55095,,,55002,Wisconsin Nonmetro,2013_nonmetro_approximation
55097,,,55002,Wisconsin Nonmetro,2013_nonmetro_approximation
55099,,,55002,Wisconsin Nonmetro,2013_nonmetro_approximation
55101,39540,"Racine, WI",39540,"Racine, WI MSA",full_2013_msa_approximation
55103,,,55002,Wisconsin Nonmetro,2013_nonmetro_approximation
55105,27500,"Janesville-Beloit, WI",27500,"Janesville-Beloit, WI MSA",full_2013_msa_approximation
55107,,,55002,Wisconsin Nonmetro,2013_nonmetro_approximation
55109,33460,"Minneapolis-St. Paul-Bloomington, MN-WI",33460,"Minneapolis-St. Paul-Bloomington, MN-WI MSA",full_2013_msa_approximation
55111,,,55002,Wisconsin Nonmetro,2013_nonmetro_approximation
55113,,,55002,Wisconsin Nonmetro,2013_nonmetro_approximation
55115,,,55002,Wisconsin Nonmetro,2013_nonmetro_approximation
55117,43100,"Sheboygan, WI",,,not_represented_by_published_area
55119,,,55002,Wisconsin Nonmetro,2013_nonmetro_approximation
55121,,,55002,Wisconsin Nonmetro,2013_nonmetro_approximation
55123,,,55002,Wisconsin Nonmetro,2013_nonmetro_approximation
55125,,,55002,Wisconsin Nonmetro,2013_nonmetro_approximation
55127,,,55002,Wisconsin Nonmetro,2013_nonmetro_approximation
55129,,,55002,Wisconsin Nonmetro,2013_nonmetro_approximation
55131,33340,"Milwaukee-Waukesha-West Allis, WI",33340,"Milwaukee-Waukesha-West Allis, WI MSA",full_2013_msa_approximation
55133,33340,"Milwaukee-Waukesha-West Allis, WI",33340,"Milwaukee-Waukesha-West Allis, WI MSA",full_2013_msa_approximation
55135,,,55002,Wisconsin Nonmetro,2013_nonmetro_approximation
55137,,,55002,Wisconsin Nonmetro,2013_nonmetro_approximation
55139,36780,"Oshkosh-Neenah, WI",36780,"Oshkosh-Neenah, WI MSA",full_2013_msa_approximation
55141,,,55002,Wisconsin Nonmetro,2013_nonmetro_approximation
56001,,,56002,Wyoming Nonmetro,2013_nonmetro_approximation
56003,,,56002,Wyoming Nonmetro,2013_nonmetro_approximation
56005,,,56002,Wyoming Nonmetro,2013_nonmetro_approximation
56007,,,56002,Wyoming Nonmetro,2013_nonmetro_approximation
56009,,,56002,Wyoming Nonmetro,2013_nonmetro_approximation
56011,,,56002,Wyoming Nonmetro,2013_nonmetro_approximation
56013,,,56002,Wyoming Nonmetro,2013_nonmetro_approximation
56015,,,56002,Wyoming Nonmetro,2013_nonmetro_approximation
56017,,,56002,Wyoming Nonmetro,2013_nonmetro_approximation
56019,,,56002,Wyoming Nonmetro,2013_nonmetro_approximation
56021,16940,"Cheyenne, WY",56001,Wyoming Metro,unidentified_2013_metro_residual_approximation
56023,,,56002,Wyoming Nonmetro,2013_nonmetro_approximation
56025,16220,"Casper, WY",56001,Wyoming Metro,unidentified_2013_metro_residual_approximation
56027,,,56002,Wyoming Nonmetro,2013_nonmetro_approximation
56029,,,56002,Wyoming Nonmetro,2013_nonmetro_approximation
56031,,,56002,Wyoming Nonmetro,2013_nonmetro_approximation
56033,,,56002,Wyoming Nonmetro,2013_nonmetro_approximation
56035,,,56002,Wyoming Nonmetro,2013_nonmetro_approximation
56037,,,56002,Wyoming Nonmetro,2013_nonmetro_approximation
56039,,,56002,Wyoming Nonmetro,2013_nonmetro_approximation
56041,,,56002,Wyoming Nonmetro,2013_nonmetro_approximation
56043,,,56002,Wyoming Nonmetro,2013_nonmetro_approximation
56045,,,56002,Wyoming Nonmetro,2013_nonmetro_approximation
