puma_geoid,county_fips,population_2020,housing_units_2020,population_share,housing_unit_share
0100100,01033,57227,27666,0.31287998075493156,0.3210890985689913
0100100,01059,32113,13912,0.17557297817434284,0.16146141615310516
0100100,01077,93564,44585,0.5115470410707256,0.5174494852779035
0100200,01083,103570,42692,1.0,1.0
0100300,01079,33073,15225,0.2113371758661674,0.2222952255803767
0100300,01103,123421,53265,0.7886628241338326,0.7777047744196233
0100401,01089,113502,45150,1.0,1.0
0100402,01089,153097,67835,1.0,1.0
0100403,01089,107983,51204,1.0,1.0
0100501,01089,13571,5631,0.12206002716242591,0.12012543732400376
0100501,01095,97612,41245,0.8779399728375741,0.8798745626759963
0100600,01049,71608,30584,0.5766142994033192,0.5539475829092029
0100600,01071,52579,24627,0.4233857005966808,0.4460524170907971
0100700,01019,24971,14513,0.1944675913306907,0.2347660104498617
0100700,01055,103436,47306,0.8055324086693093,0.7652339895501383
0100800,01015,116441,53052,1.0,1.0
0100900,01009,59134,24622,0.39360477112828396,0.39460230459797746
0100900,01115,91103,37775,0.606395228871716,0.6053976954020225
0101000,01043,87866,39145,0.6242832884537504,0.591019582383404
0101000,01093,29341,14073,0.20846625505339367,0.21247716395150454
0101000,01133,23540,13015,0.16725045649285597,0.19650325366509142
0101100,01007,22293,9002,0.17708035458964827,0.14968655947055987
0101100,01057,16321,7760,0.12964286849045215,0.12903440363158683
0101100,01063,7730,4205,0.0614018364947733,0.06992134887510601
0101100,01065,14785,7399,0.11744193435643249,0.12303164335955037
0101100,01075,13972,7071,0.11098401804721507,0.11757761186584413
0101100,01091,19323,9777,0.15348870460394623,0.16257337168892066
0101100,01107,19123,8646,0.15190004130524576,0.14376693992251285
0101100,01119,12345,6279,0.09806024211228673,0.10440812118591929
0101201,01125,101012,41750,1.0,1.0
0101202,01125,126024,59710,1.0,1.0
0101301,01073,50475,21606,0.4358168489945345,0.4188751672127334
0101301,01127,65342,29975,0.5641831510054656,0.5811248327872667
0101401,01073,118409,50981,1.0,1.0
0101402,01073,133581,55638,1.0,1.0
0101403,01073,187166,97657,1.0,1.0
0101404,01073,185090,82045,1.0,1.0
0101501,01117,137436,55264,1.0,1.0
0101502,01021,45014,19438,0.34466547219797555,0.36514257805162115
0101502,01117,85588,33796,0.6553345278020245,0.6348574219483789
0101600,01027,14236,7035,0.10671024226433197,0.10960675557771407
0101600,01029,15056,6801,0.11285680019189254,0.1059609871619095
0101600,01111,21967,12400,0.164660290237467,0.19319456562383147
0101600,01121,82149,37948,0.6157726673063084,0.5912376916365449
0101700,01001,58805,24350,0.5065510082781315,0.4687921142813138
0101700,01047,38462,18880,0.33131476711833163,0.36348234569327326
0101700,01085,10311,4779,0.08881978482026721,0.0920064687536098
0101700,01105,8511,3933,0.07331443978326974,0.07571907127180316
0101801,01101,109409,51910,1.0,1.0
0101802,01101,105471,47653,1.0,1.0
0101901,01051,87977,36818,0.8620885635613565,0.8653285700855504
0101901,01101,14074,5730,0.13791143643864343,0.13467142991444955
0102000,01011,10357,4516,0.08900901520294949,0.07631214302612457
0102000,01017,34772,16373,0.29883378165848795,0.27667376389874615
0102000,01037,10387,5999,0.0892668379755756,0.10137213153536788
0102000,01087,19532,9604,0.16785981316443077,0.16229004021764845
0102000,01123,41311,22686,0.3550305519985562,0.38335192132211293
0102101,01081,127904,55939,1.0,1.0
0102201,01081,46337,18917,0.4391300227445034,0.4097249296079705
0102201,01113,59183,27253,0.5608699772554966,0.5902750703920294
0102300,01061,26659,12452,0.176541484831829,0.17589558142162956
0102300,01067,17146,9058,0.11354440522624779,0.12795231099559273
0102300,01069,107202,49282,0.7099141099419233,0.6961521075827777
0102400,01031,53465,24105,0.5201330855814225,0.5143387530405837
0102400,01045,49326,22761,0.4798669144185775,0.4856612469594162
0102500,01005,25223,11618,0.19698235804040704,0.18584934333658598
0102500,01013,19051,9806,0.1487813068638859,0.15686337241853696
0102500,01039,37570,18596,0.2934078892906511,0.2974741253819206
0102500,01041,13194,6516,0.10304028989355471,0.10423431926159359
0102500,01109,33009,15977,0.2577881559115012,0.2555788396013629
0102600,01023,12665,7104,0.09752360125051977,0.1094185598767809
0102600,01025,23087,11655,0.17777555326259376,0.17951482479784367
0102600,01035,11597,6382,0.08929973973172346,0.09829803619561032
0102600,01053,36757,16684,0.28303790060523926,0.2569734308817867
0102600,01099,19772,10127,0.1522492415258805,0.15597997689641893
0102600,01129,15388,7712,0.11849136802550321,0.11878321139776665
0102600,01131,10600,5261,0.08162259559854003,0.08103195995379284
0102701,01003,118618,51511,1.0,1.0
0102702,01003,113149,72637,1.0,1.0
0102801,01097,139133,56985,1.0,1.0
0102802,01097,129797,56709,1.0,1.0
0102803,01097,145879,70747,1.0,1.0
0200101,02020,131989,53497,1.0,1.0
0200102,02020,159258,65143,1.0,1.0
0200200,02122,58799,32622,0.35446708463949844,0.3897537604989307
0200200,02170,107081,51077,0.6455329153605016,0.6102462395010693
0200300,02063,7102,3565,0.04348411745977321,0.04632938699658215
0200300,02066,2617,2769,0.016023364600426148,0.03598487309776605
0200300,02068,1619,1606,0.009912811344321716,0.020870966484294793
0200300,02090,95655,42659,0.585676324361392,0.5543801738814019
0200300,02100,2080,1370,0.012735421615929074,0.01780400005198248
0200300,02110,32255,14093,0.19749087702970783,0.18314727936685338
0200300,02130,13948,6614,0.08540079841297053,0.0859530338276001
0200300,02230,1240,760,0.007592270578726947,0.009876671561683712
0200300,02240,6808,3513,0.041684014596752465,0.04565361473183537
0200400,02013,3420,679,0.03028156543297326,0.014473908594815826
0200400,02016,5232,1331,0.04632548255710997,0.028372271487039562
0200400,02050,18666,5984,0.16527359659996457,0.1275579809004093
0200400,02060,844,857,0.007472994510359483,0.01826824693042292
0200400,02070,4857,2405,0.043005135470161146,0.05126620054570259
0200400,02105,2365,1777,0.020940322295023905,0.03787943383356071
0200400,02150,13101,5825,0.11599964582964406,0.12416865620736699
0200400,02158,8368,2342,0.07409243846290066,0.049923260572987724
0200400,02164,1476,1469,0.013068886134230564,0.03131394952251023
0200400,02180,10046,4095,0.08894988489463432,0.08729109822646658
0200400,02185,11031,2619,0.09767132990968656,0.05582793315143247
0200400,02188,7793,2717,0.0690012395962458,0.05791695088676671
0200400,02195,3398,1718,0.030086771737205597,0.03662175989085948
0200400,02198,5753,3227,0.050938551443244204,0.06878836971350615
0200400,02220,8458,4139,0.07488932176376838,0.08822902455661664
0200400,02275,2127,1273,0.01883300867717372,0.027135914051841747
0200400,02282,662,441,0.005861519390826988,0.009400579809004092
0200400,02290,5343,4014,0.04730830529484682,0.08556446111869032
0400101,04013,185881,83732,1.0,1.0
0400102,04013,144062,59382,1.0,1.0
0400103,04013,120951,49766,1.0,1.0
0400104,04013,106653,55607,1.0,1.0
0400105,04013,165935,59566,1.0,1.0
0400106,04013,122710,49100,1.0,1.0
0400107,04013,128103,52869,1.0,1.0
0400108,04013,107998,45334,1.0,1.0
0400109,04013,108516,50800,1.0,1.0
0400110,04013,128498,74353,1.0,1.0
0400111,04013,111602,59433,1.0,1.0
0400112,04013,130727,65624,1.0,1.0
0400113,04013,104693,48722,1.0,1.0
0400114,04013,111355,50696,1.0,1.0
0400115,04013,109655,47277,1.0,1.0
0400116,04013,110648,53568,1.0,1.0
0400117,04013,109946,55045,1.0,1.0
0400118,04013,116146,54543,1.0,1.0
0400119,04013,117231,36389,1.0,1.0
0400120,04013,108700,44737,1.0,1.0
0400121,04013,166779,47703,1.0,1.0
0400122,04013,102202,28824,1.0,1.0
0400123,04013,115847,33228,1.0,1.0
0400124,04013,114445,39601,1.0,1.0
0400125,04013,114546,40321,1.0,1.0
0400126,04013,129933,50880,1.0,1.0
0400127,04013,121259,48209,1.0,1.0
0400128,04013,110257,42808,1.0,1.0
0400129,04013,140573,54490,1.0,1.0
0400130,04013,126627,70059,1.0,1.0
0400131,04013,123399,50946,1.0,1.0
0400132,04013,146751,53237,1.0,1.0
0400133,04013,122883,40753,1.0,1.0
0400134,04013,168686,61926,1.0,1.0
0400135,04013,166371,53299,1.0,1.0
0400400,04007,53272,32373,0.5255307394838608,0.6414813934133873
0400400,04009,38533,13704,0.38012982400757633,0.27154916181191296
0400400,04011,9563,4389,0.09433943650856286,0.0869694447746998
0400500,04005,145101,69108,1.0,1.0
0400601,04015,111199,57068,1.0,1.0
0400602,04015,102068,60582,1.0,1.0
0400701,04012,16557,13457,0.15512685979837348,0.24316070976834953
0400701,04027,90175,41885,0.8448731402016265,0.7568392902316504
0400803,04021,147577,65565,1.0,1.0
0400805,04021,122686,43611,1.0,1.0
0400807,04021,144191,57436,1.0,1.0
0400900,04003,125447,58648,0.7246412809907807,0.7579513292063533
0400900,04023,47669,18729,0.27535871900921927,0.2420486707936467
0401000,04001,66021,28723,0.3822031052808299,0.338303711294065
0401000,04017,106717,56180,0.6177968947191701,0.661696288705935
0401101,04027,113706,50163,1.0,1.0
0401901,04019,111360,46183,1.0,1.0
0401902,04019,137371,60851,1.0,1.0
0401903,04019,105731,48963,0.9072429445431222,0.8865451121693313
0401903,04021,10810,6266,0.09275705545687783,0.11345488783066868
0401904,04019,109666,55924,1.0,1.0
0401905,04019,111121,45716,1.0,1.0
0401906,04019,113591,60365,1.0,1.0
0401907,04019,116589,57618,1.0,1.0
0401908,04019,115015,42651,1.0,1.0
0401909,04019,122989,51861,1.0,1.0
0402502,04025,135474,67531,1.0,1.0
0402503,04025,100735,53623,1.0,1.0
0500101,05007,171025,67886,1.0,1.0
0500102,05007,113308,45202,1.0,1.0
0500201,05143,140215,52697,1.0,1.0
0500202,05143,105656,47811,1.0,1.0
0500300,05005,41627,22699,0.26742258769112165,0.28450923128987377
0500300,05009,37373,17368,0.24009379416677373,0.21769048544176078
0500300,05015,28260,13853,0.18154953102916613,0.17363348081671534
0500300,05087,16521,7611,0.10613516638828216,0.09539626236165599
0500300,05089,16826,9461,0.10809456507773352,0.11858415953273253
0500300,05101,7225,4086,0.046415264037003724,0.05121391775190203
0500300,05129,7828,4705,0.050289091609919054,0.05897246280535954
0500400,05023,24711,15527,0.21219172906505462,0.25225825318429945
0500400,05049,12075,6185,0.10368722951157519,0.10048414348843254
0500400,05063,37938,16667,0.3257711066840695,0.27077917858071227
0500400,05065,13577,6721,0.1165848045613794,0.10919222770990382
0500400,05137,12359,6784,0.10612591880195095,0.11021575253444242
0500400,05141,15796,9668,0.13563921137597032,0.15707044450220953
0500500,05021,14552,7470,0.129528421127588,0.14316104179842465
0500500,05055,45736,19159,0.40709949619924163,0.36717836677590604
0500500,05075,16216,7489,0.14433980738077012,0.14352517296230285
0500500,05121,18571,8562,0.1653018354013494,0.16408900132237106
0500500,05135,17271,9499,0.15373043989105087,0.18204641714099543
0500600,05035,48163,21291,0.31287068254308525,0.3062307625924115
0500600,05037,16833,7585,0.1093485081753162,0.10909587780111038
0500600,05077,8600,3695,0.05586628469718525,0.05314558582400829
0500600,05093,40685,19075,0.2642929991749979,0.27435779420648393
0500600,05107,16568,8315,0.10762704707708898,0.1195955469896154
0500600,05123,23090,9565,0.14999447833232643,0.13757443258637056
0500700,05031,111231,46739,0.8288697129571672,0.8190341008656643
0500700,05111,22965,10327,0.17113028704283287,0.1809658991343357
0500800,05067,16755,7079,0.14578819598527762,0.13746164899607752
0500800,05095,6799,3828,0.059159292420406,0.07433298380519632
0500800,05117,8282,4071,0.07206313572963707,0.07905161365489922
0500800,05145,76822,33270,0.6684417064745447,0.6460445065827799
0500800,05147,6269,3250,0.054547669390134605,0.06310924696104703
0500900,05045,123498,51685,0.6252651724190307,0.6318691394549922
0500900,05085,74015,30112,0.3747348275809694,0.36813086054500777
0501000,05029,20715,9646,0.15921388385033972,0.16843318374687877
0501000,05071,25749,11475,0.1979048175362007,0.20037018282142172
0501000,05115,63381,26902,0.4871414517170351,0.46974803122107944
0501000,05149,20263,9246,0.1557398468964245,0.16144860221062005
0501100,05033,60133,25300,0.29329021748142947,0.2818470450621066
0501100,05047,17097,7716,0.08338820361997572,0.08595777864423773
0501100,05131,127799,56749,0.6233215788985949,0.6321951762936556
0501200,05061,12785,6152,0.09581228735442678,0.09777184450589618
0501200,05081,12026,6043,0.09012425246181748,0.09603954101903944
0501200,05083,21131,9744,0.1583581888217749,0.15485839610946886
0501200,05091,42600,19779,0.3192493892294549,0.31434156574806904
0501200,05113,19221,9612,0.14404442512627588,0.1527605606941928
0501200,05127,9836,4851,0.07371213597326098,0.07709545151139506
0501200,05133,15839,6741,0.11869932103298911,0.1071326404119386
0501300,05019,21446,9977,0.12373572734983065,0.11440726555512236
0501300,05051,100180,52326,0.5780026655742813,0.6000275210421301
0501300,05059,33040,14179,0.19062894859826565,0.16259202348462262
0501300,05097,8484,5435,0.048949636801080075,0.06232369332385386
0501300,05109,10171,5289,0.05868302167654237,0.06064949659427104
0501400,05053,17958,7839,0.11861843017840984,0.12125102473279609
0501400,05105,10019,4933,0.06617875331091927,0.07630199068846576
0501400,05125,123416,51879,0.815202816510671,0.8024469845787382
0501501,05119,200774,93564,1.0,1.0
0501502,05119,198351,96947,1.0,1.0
0501600,05001,17149,8671,0.09886429147930359,0.10733826842613453
0501600,05003,19062,9371,0.10989277066758907,0.11600356515065237
0501600,05011,10545,5073,0.06079211345555171,0.06279864326211285
0501600,05017,10208,5104,0.05884930243283754,0.06318239211705579
0501600,05025,7550,3570,0.043525884930243286,0.044193013295040974
0501600,05041,11395,5795,0.0656923786463738,0.07173627788368696
0501600,05043,17350,8259,0.10002306007148622,0.10223812235398975
0501600,05069,67260,30573,0.3877551020408163,0.378463023940977
0501600,05079,12941,4366,0.07460509627579845,0.05404669357034983
0501700,05013,4739,2444,0.03633951644441718,0.03750652220619379
0501700,05027,22801,10999,0.17484222714689937,0.16879469629538688
0501700,05039,6482,3468,0.04970515838630769,0.05322120254135846
0501700,05057,20065,9601,0.15386208007116073,0.14734047450968354
0501700,05073,6308,3916,0.04837089464684186,0.060096375187993004
0501700,05099,8310,4298,0.06372259583310967,0.06595868757865013
0501700,05103,22650,11837,0.17368433160288016,0.18165495227279702
0501700,05139,39054,18599,0.29947319586838334,0.28542708940793715
0600101,06001,144592,60238,1.0,1.0
0600111,06001,106433,51987,1.0,1.0
0600112,06001,106896,49256,1.0,1.0
0600113,06001,125840,39189,1.0,1.0
0600114,06001,194852,77893,1.0,1.0
0600115,06001,107913,37986,1.0,1.0
0600116,06001,102035,34518,1.0,1.0
0600117,06001,105721,32772,1.0,1.0
0600118,06001,125765,43143,1.0,1.0
0600119,06001,126178,46125,1.0,1.0
0600120,06001,118663,42383,1.0,1.0
0600121,06001,115687,38440,1.0,1.0
0600122,06001,100310,29996,1.0,1.0
0600123,06001,101468,38032,1.0,1.0
0600300,06003,1204,1540,0.006273055040326782,0.01375
0600300,06005,40474,18805,0.21087676885563636,0.1679017857142857
0600300,06009,45292,27422,0.23597940937415335,0.2448392857142857
0600300,06027,19016,9469,0.09907675635120772,0.08454464285714286
0600300,06043,17131,9760,0.08925556968092867,0.08714285714285715
0600300,06051,13195,13589,0.0687483066919534,0.12133035714285714
0600300,06109,55620,31415,0.28979013400579373,0.28049107142857144
0600700,06007,211632,90133,1.0,1.0
0601100,06011,21839,8099,0.1645779482580616,0.14855644007483768
0601100,06021,28917,10895,0.217917511322788,0.19984225393448035
0601100,06103,65829,27341,0.496085065977377,0.501504090392164
0601100,06105,16112,8183,0.12141947444177337,0.1500972155985179
0601301,06013,129420,42801,1.0,1.0
0601305,06013,143688,50578,1.0,1.0
0601308,06013,120154,38313,1.0,1.0
0601309,06013,125676,42473,1.0,1.0
0601310,06013,140962,53012,1.0,1.0
0601311,06013,122701,48348,1.0,1.0
0601312,06013,103075,42997,1.0,1.0
0601313,06013,177708,72740,1.0,1.0
0601314,06013,102543,32080,1.0,1.0
0601500,06015,27743,11090,0.20853283623599095,0.16706084389075515
0601500,06035,32730,12216,0.24601808492246635,0.1840230179413404
0601500,06049,8700,4752,0.06539435804538518,0.07158459244083576
0601500,06063,19790,15396,0.14875337307105435,0.23192684874139463
0601500,06093,44076,22929,0.33130134772510317,0.34540469698567405
0601700,06017,191185,93467,1.0,1.0
0601901,06019,147233,41636,1.0,1.0
0601902,06019,190983,74876,1.0,1.0
0601903,06019,110562,36059,1.0,1.0
0601904,06019,180060,58914,1.0,1.0
0601905,06019,116597,33529,1.0,1.0
0601906,06019,129784,47060,1.0,1.0
0601907,06019,133435,46367,1.0,1.0
0602300,06023,136463,62120,1.0,1.0
0602500,06025,179702,56625,1.0,1.0
0602903,06029,168325,54815,1.0,1.0
0602904,06029,113912,32339,1.0,1.0
0602905,06029,192671,77722,1.0,1.0
0602906,06029,157085,42947,1.0,1.0
0602907,06029,107020,36251,1.0,1.0
0602908,06029,170222,56935,1.0,1.0
0603100,06031,152486,46287,1.0,1.0
0603300,06033,68163,34220,0.4266480558824266,0.45270538431009394
0603300,06045,91601,41370,0.5733519441175734,0.5472946156899061
0603703,06037,180992,58774,1.0,1.0
0603704,06037,187217,55275,1.0,1.0
0603705,06037,179412,63913,1.0,1.0
0603706,06037,143024,43122,1.0,1.0
0603707,06037,149090,37094,1.0,1.0
0603708,06037,137084,43886,1.0,1.0
0603709,06037,111527,42506,1.0,1.0
0603710,06037,181086,53348,1.0,1.0
0603711,06037,164821,59413,1.0,1.0
0603712,06037,151939,43414,1.0,1.0
0603713,06037,115271,36947,1.0,1.0
0603714,06037,107378,35730,1.0,1.0
0603715,06037,120624,35701,1.0,1.0
0603716,06037,104622,26336,1.0,1.0
0603717,06037,190304,67740,1.0,1.0
0603718,06037,136675,61121,1.0,1.0
0603719,06037,196543,80193,1.0,1.0
0603720,06037,122786,53306,1.0,1.0
0603721,06037,135948,57793,1.0,1.0
0603722,06037,166269,63643,1.0,1.0
0603723,06037,142813,40788,1.0,1.0
0603724,06037,174337,64373,1.0,1.0
0603725,06037,182789,68736,1.0,1.0
0603728,06037,106835,60116,1.0,1.0
0603730,06037,167510,80105,1.0,1.0
0603731,06037,109232,66882,1.0,1.0
0603732,06037,172212,88520,1.0,1.0
0603733,06037,113324,51934,1.0,1.0
0603734,06037,192514,82065,1.0,1.0
0603735,06037,183205,65320,1.0,1.0
0603736,06037,115745,44974,1.0,1.0
0603737,06037,126123,40600,1.0,1.0
0603738,06037,127671,34507,1.0,1.0
0603739,06037,171513,55923,1.0,1.0
0603740,06037,127928,38578,1.0,1.0
0603741,06037,133387,35734,1.0,1.0
0603742,06037,128584,33422,1.0,1.0
0603743,06037,116045,31685,1.0,1.0
0603744,06037,190188,78759,1.0,1.0
0603745,06037,121879,29557,1.0,1.0
0603746,06037,109171,35811,1.0,1.0
0603747,06037,164789,64754,1.0,1.0
0603748,06037,189044,93362,1.0,1.0
0603750,06037,178716,54125,1.0,1.0
0603751,06037,158065,39783,1.0,1.0
0603752,06037,166850,42569,1.0,1.0
0603753,06037,112920,35679,1.0,1.0
0603754,06037,135779,41264,1.0,1.0
0603757,06037,158642,40941,1.0,1.0
0603758,06037,157965,53905,1.0,1.0
0603759,06037,115060,39552,1.0,1.0
0603760,06037,144082,63531,1.0,1.0
0603761,06037,127249,50106,1.0,1.0
0603762,06037,119407,36024,1.0,1.0
0603763,06037,145286,47001,1.0,1.0
0603764,06037,162735,52886,1.0,1.0
0603766,06037,102364,38578,1.0,1.0
0603767,06037,179879,63449,1.0,1.0
0603768,06037,112382,46312,1.0,1.0
0603770,06037,101081,49649,1.0,1.0
0603771,06037,109406,37753,1.0,1.0
0603772,06037,103912,34113,1.0,1.0
0603773,06037,127759,43383,1.0,1.0
0603774,06037,141081,62017,1.0,1.0
0603775,06037,116054,57144,1.0,1.0
0603776,06037,106278,47599,1.0,1.0
0603778,06037,111631,40521,1.0,1.0
0603779,06037,118467,51742,1.0,1.0
0603780,06037,113902,47503,1.0,1.0
0603781,06037,104684,29011,1.0,1.0
0603782,06037,132923,40081,1.0,1.0
0603900,06039,156255,49572,1.0,1.0
0604103,06041,103006,44113,1.0,1.0
0604104,06041,159315,67451,1.0,1.0
0604701,06047,116427,35015,1.0,1.0
0604702,06047,164775,52768,1.0,1.0
0605301,06053,183635,75789,1.0,1.0
0605302,06053,177254,48647,1.0,1.0
0605303,06053,78146,19195,0.5489515647500965,0.4852123356926188
0605303,06069,64209,20365,0.4510484352499034,0.5147876643073812
0605500,06055,138019,55448,1.0,1.0
0605700,06057,102241,53627,0.9693203257582221,0.961850270832586
0605700,06091,3236,2127,0.030679674241777827,0.038149729167414
0605906,06059,191861,66905,1.0,1.0
0605907,06059,197785,68440,1.0,1.0
0605908,06059,185233,66484,1.0,1.0
0605909,06059,147609,44821,1.0,1.0
0605912,06059,170318,52898,1.0,1.0
0605913,06059,160453,44035,1.0,1.0
0605914,06059,196817,81685,1.0,1.0
0605916,06059,145406,35743,1.0,1.0
0605917,06059,156226,40708,1.0,1.0
0605918,06059,180550,70498,1.0,1.0
0605919,06059,195610,63194,1.0,1.0
0605920,06059,146112,49336,1.0,1.0
0605921,06059,141087,49146,1.0,1.0
0605922,06059,126879,50707,1.0,1.0
0605923,06059,142279,53751,1.0,1.0
0605924,06059,108296,40383,1.0,1.0
0605925,06059,179661,89752,1.0,1.0
0605926,06059,117535,43916,1.0,1.0
0605927,06059,109926,39087,1.0,1.0
0605928,06059,187346,78296,1.0,1.0
0606101,06061,153933,59652,1.0,1.0
0606102,06061,134491,50369,1.0,1.0
0606103,06061,116315,62335,1.0,1.0
0606501,06065,186546,66080,1.0,1.0
0606502,06065,131953,84406,1.0,1.0
0606507,06065,174601,59955,1.0,1.0
0606509,06065,133883,36346,1.0,1.0
0606511,06065,170401,52712,1.0,1.0
0606514,06065,174806,46867,1.0,1.0
0606515,06065,159907,90369,1.0,1.0
0606516,06065,105256,33604,1.0,1.0
0606517,06065,117025,40444,1.0,1.0
0606518,06065,104737,30237,1.0,1.0
0606519,06065,103154,27169,1.0,1.0
0606520,06065,151005,49738,1.0,1.0
0606521,06065,108390,31582,1.0,1.0
0606522,06065,137302,42816,1.0,1.0
0606523,06065,140891,47726,1.0,1.0
0606524,06065,185773,59376,1.0,1.0
0606525,06065,132555,49122,1.0,1.0
0606701,06067,111579,45714,1.0,1.0
0606703,06067,119575,50080,1.0,1.0
0606704,06067,137958,52525,1.0,1.0
0606705,06067,123062,45801,1.0,1.0
0606706,06067,126366,39260,1.0,1.0
0606707,06067,133374,63979,1.0,1.0
0606709,06067,147629,51716,1.0,1.0
0606712,06067,118728,45113,1.0,1.0
0606713,06067,105450,41194,1.0,1.0
0606714,06067,141800,49648,1.0,1.0
0606715,06067,106336,34279,1.0,1.0
0606716,06067,109195,33066,1.0,1.0
0606717,06067,104003,35176,1.0,1.0
0607101,06071,141621,64590,1.0,1.0
0607102,06071,188899,54767,1.0,1.0
0607103,06071,183441,60200,1.0,1.0
0607104,06071,120206,73978,1.0,1.0
0607105,06071,147345,54939,1.0,1.0
0607107,06071,113673,33882,1.0,1.0
0607108,06071,177845,51270,1.0,1.0
0607110,06071,110688,29910,1.0,1.0
0607111,06071,174456,60130,1.0,1.0
0607112,06071,127336,42508,1.0,1.0
0607115,06071,122576,31539,1.0,1.0
0607116,06071,112249,36623,1.0,1.0
0607117,06071,110645,29446,1.0,1.0
0607118,06071,180848,55011,1.0,1.0
0607119,06071,169826,53106,1.0,1.0
0607301,06073,196491,68478,1.0,1.0
0607302,06073,125831,49852,1.0,1.0
0607306,06073,144300,46222,1.0,1.0
0607307,06073,112315,40230,1.0,1.0
0607308,06073,128327,48880,1.0,1.0
0607310,06073,165369,82199,1.0,1.0
0607311,06073,123938,44350,1.0,1.0
0607312,06073,123738,45081,1.0,1.0
0607313,06073,189588,66703,1.0,1.0
0607314,06073,159220,66275,1.0,1.0
0607315,06073,166232,69070,1.0,1.0
0607316,06073,178604,95224,1.0,1.0
0607317,06073,164963,61328,1.0,1.0
0607322,06073,141103,41331,1.0,1.0
0607323,06073,116522,38914,1.0,1.0
0607324,06073,131292,54359,1.0,1.0
0607325,06073,126224,44884,1.0,1.0
0607326,06073,173372,68160,1.0,1.0
0607327,06073,149834,42420,1.0,1.0
0607328,06073,132376,43835,1.0,1.0
0607329,06073,168881,52118,1.0,1.0
0607330,06073,180114,58592,1.0,1.0
0607507,06075,115070,34560,1.0,1.0
0607508,06075,100221,45236,1.0,1.0
0607509,06075,115773,70103,1.0,1.0
0607510,06075,107058,55624,1.0,1.0
0607511,06075,128619,63983,1.0,1.0
0607512,06075,100691,40165,1.0,1.0
0607513,06075,104289,37696,1.0,1.0
0607514,06075,102244,59261,1.0,1.0
0607705,06077,197729,65127,1.0,1.0
0607706,06077,170975,52213,1.0,1.0
0607707,06077,126319,38303,1.0,1.0
0607708,06077,163651,57485,1.0,1.0
0607709,06077,120559,38325,1.0,1.0
0607901,06079,168697,77745,1.0,1.0
0607902,06079,113727,45970,1.0,1.0
0608101,06081,142648,48124,1.0,1.0
0608102,06081,123800,43981,1.0,1.0
0608103,06081,110800,43678,1.0,1.0
0608104,06081,129709,51908,1.0,1.0
0608105,06081,139778,54730,1.0,1.0
0608106,06081,117707,41272,1.0,1.0
0608301,06083,134057,39427,1.0,1.0
0608302,06083,108260,37866,1.0,1.0
0608303,06083,205912,80986,1.0,1.0
0608505,06085,109318,29703,1.0,1.0
0608506,06085,128486,41485,1.0,1.0
0608507,06085,143265,53227,1.0,1.0
0608508,06085,140927,54864,1.0,1.0
0608510,06085,160284,56415,1.0,1.0
0608511,06085,108867,38583,1.0,1.0
0608512,06085,113250,39196,1.0,1.0
0608515,06085,102829,38563,1.0,1.0
0608516,06085,160703,64016,1.0,1.0
0608517,06085,126117,49056,1.0,1.0
0608518,06085,108171,33184,1.0,1.0
0608519,06085,167708,68730,1.0,1.0
0608520,06085,117246,33715,1.0,1.0
0608521,06085,133325,37630,1.0,1.0
0608522,06085,115763,49668,1.0,1.0
0608701,06087,153412,54550,1.0,1.0
0608702,06087,117449,51795,1.0,1.0
0608900,06089,182155,79380,1.0,1.0
0609501,06095,154611,57371,1.0,1.0
0609502,06095,155753,52563,1.0,1.0
0609503,06095,143127,52303,1.0,1.0
0609702,06097,126344,49993,1.0,1.0
0609704,06097,121768,56414,1.0,1.0
0609705,06097,101323,35258,1.0,1.0
0609706,06097,139428,63077,1.0,1.0
0609901,06099,123567,36136,1.0,1.0
0609902,06099,125755,40894,1.0,1.0
0609903,06099,187249,63680,1.0,1.0
0609904,06099,116307,42430,1.0,1.0
0610100,06101,99633,34499,0.5498267184671758,0.5394092906171334
0610100,06115,81575,29458,0.45017328153282415,0.4605907093828666
0610701,06107,154048,52106,1.0,1.0
0610702,06107,162425,49421,1.0,1.0
0610703,06107,156644,49125,1.0,1.0
0611102,06111,150570,56876,1.0,1.0
0611103,06111,194941,57621,1.0,1.0
0611104,06111,127723,50466,1.0,1.0
0611107,06111,110950,36752,1.0,1.0
0611108,06111,129090,44978,1.0,1.0
0611109,06111,130569,46387,1.0,1.0
0611301,06113,101212,35109,1.0,1.0
0611302,06113,115191,45079,1.0,1.0
0800100,08045,61685,24091,0.5801006253820473,0.4821382112194048
0800100,08081,13292,6091,0.1250011755301641,0.1219004542998379
0800100,08103,6529,3274,0.061400291531480695,0.06552324534192568
0800100,08107,24829,16511,0.2334979075563079,0.3304380891388316
0800200,08037,55731,32967,0.4596750247443088,0.3456493703932814
0800200,08049,15717,16633,0.12963543385021445,0.17439214905060968
0800200,08057,1379,1190,0.011374133949191685,0.012476802583432065
0800200,08097,17358,13245,0.1431705707687232,0.13886995816601486
0800200,08117,31055,31342,0.2561448366875619,0.328611719806662
0800301,08069,104570,51219,1.0,1.0
0800302,08069,146602,60753,1.0,1.0
0800303,08069,107894,46797,1.0,1.0
0800401,08013,21432,11635,0.197255432531684,0.22476142641888497
0800401,08019,9397,5672,0.08648792924133233,0.1095699880230267
0800401,08047,5808,3516,0.053455559543860616,0.0679210292469961
0800401,08059,72014,30943,0.662801078683123,0.5977475563110922
0800501,08013,124959,51204,1.0,1.0
0800502,08013,126593,54563,1.0,1.0
0800601,08013,57774,23446,0.3475002405928207,0.34435354766695553
0800601,08014,74112,31298,0.4457703782119142,0.4596765902448338
0800601,08059,34370,13343,0.20672938119526513,0.19596986208821068
0800701,08059,127144,53156,1.0,1.0
0800702,08059,122279,56455,1.0,1.0
0800703,08059,149691,62959,1.0,1.0
0800801,08035,104134,41437,0.770409937336776,0.7656787020954211
0800801,08059,31033,12681,0.22959006266322401,0.2343212979045789
0800901,08035,128772,47706,1.0,1.0
0800902,08035,125072,46500,1.0,1.0
0801001,08123,101321,37271,1.0,1.0
0801002,08123,124107,46379,1.0,1.0
0801003,08123,103553,36312,1.0,1.0
0801101,08001,163355,63106,0.8957830664619434,0.8854621223814001
0801101,08059,19005,8163,0.1042169335380566,0.11453787761859996
0801201,08001,117450,38523,1.0,1.0
0801202,08001,180078,64714,1.0,1.0
0801301,08001,34707,11994,0.2586021905968259,0.2377167773263304
0801301,08005,99503,38461,0.7413978094031741,0.7622832226736697
0801401,08001,23982,8207,0.21996386216258357,0.2194385026737968
0801401,08005,85045,29193,0.7800361378374164,0.7805614973262032
0801501,08005,83995,40094,0.7542044913755174,0.7888947917281546
0801501,08059,27374,10729,0.24579550862448257,0.21110520827184542
0801601,08005,112829,47222,1.0,1.0
0801602,08005,122368,50424,1.0,1.0
0801603,08005,121162,42133,1.0,1.0
0801701,08031,149926,87649,1.0,1.0
0801702,08031,177315,65352,1.0,1.0
0801703,08031,122319,45718,1.0,1.0
0801704,08031,119956,69143,1.0,1.0
0801705,08005,30168,14966,0.17123979701885636,0.1625255201772295
0801705,08031,146006,77118,0.8287602029811436,0.8374744798227706
0801800,08017,1748,925,0.014528167024052926,0.018930479094611465
0801800,08025,5922,1509,0.049219568144417296,0.030882262652722918
0801800,08039,26062,9805,0.21660931863894015,0.20066307840288153
0801800,08061,1446,736,0.0120181518974717,0.01506252174446923
0801800,08063,7087,3410,0.05890224239099719,0.0697869553650001
0801800,08073,5675,2358,0.04716667497797503,0.04825737265415549
0801800,08075,21528,8668,0.17892584650675708,0.17739393815361315
0801800,08087,29111,11493,0.24195049784737113,0.23520864457769683
0801800,08095,4530,2025,0.03765022689871839,0.041442400180095366
0801800,08115,2404,1343,0.019980385312255856,0.027485009107095348
0801800,08121,4817,2276,0.04003557239980718,0.04657921126414669
0801800,08125,9988,4315,0.08301334796123606,0.08830812680351185
0801900,08003,16376,7064,0.16293230389620728,0.13768906907843442
0801900,08009,3506,1972,0.0348827953993712,0.03843754872914393
0801900,08011,5650,2136,0.05621443069208421,0.04163418057071573
0801900,08021,7461,3998,0.07423289688383014,0.07792764696709809
0801900,08023,3499,2423,0.03481314920205357,0.0472282862934664
0801900,08071,14555,8077,0.14481434313686473,0.15743411819741152
0801900,08079,865,1215,0.008606280097106699,0.02368236394823016
0801900,08089,18690,8716,0.18595534683806264,0.16988928738499923
0801900,08099,11999,5437,0.11938353165917141,0.10597614221113363
0801900,08105,11539,6527,0.11480678154972739,0.12722204896304382
0801900,08109,6368,3739,0.06335814064552076,0.0728793076563231
0802001,08041,85900,27218,0.7766024771720459,0.6714856663541718
0802001,08119,24710,13316,0.22339752282795408,0.3285143336458282
0802002,08041,150097,53991,1.0,1.0
0802003,08041,112335,53220,1.0,1.0
0802004,08041,108430,50051,1.0,1.0
0802005,08041,132455,50454,1.0,1.0
0802006,08041,141178,52525,1.0,1.0
0802101,08015,19476,10921,0.16685371599914328,0.17034252558023458
0802101,08027,4704,4175,0.04029985007496252,0.06512041427501872
0802101,08043,48939,20243,0.4192675091025916,0.31574432243573747
0802101,08055,6820,4679,0.05842792889269651,0.07298165710007487
0802101,08065,7436,4303,0.06370529021203684,0.0671169203893187
0802101,08093,17390,14112,0.14898265153137716,0.22011479910157225
0802101,08101,11960,5679,0.10246305418719212,0.08857936111804342
0802200,08007,13359,9495,0.11557928069006689,0.14486009825160956
0802200,08033,2326,1319,0.02012406668800775,0.02012327220577915
0802200,08051,16918,12131,0.1463710061168165,0.18507612974094528
0802200,08053,788,1329,0.00681761158647898,0.020275836816891955
0802200,08067,55638,28198,0.4813683673204537,0.4302016904158911
0802200,08083,25849,12295,0.2236401546940294,0.1875781893631953
0802200,08111,705,779,0.006099512904146804,0.011884783205687609
0802301,08101,156202,66302,1.0,1.0
0802401,08029,31196,14780,0.3023190456347091,0.28968463965818
0802401,08077,16368,7424,0.15862155849945245,0.14550871209893965
0802401,08085,42679,18952,0.4136002868522808,0.37145489112326296
0802401,08091,4874,3314,0.047233716772136565,0.06495364653770017
0802401,08113,8072,6551,0.07822539224142108,0.12839811058191725
0802501,08077,139335,59983,1.0,1.0
0920100,09003,11420,4471,0.1015084042203319,0.08059050434406431
0920100,09005,101083,51007,0.8984915957796681,0.9194094956559357
0920201,09003,121054,53259,1.0,1.0
0920202,09003,159641,67342,1.0,1.0
0920203,09003,6133,2388,0.05405953335860166,0.05567861223157453
0920203,09013,107316,40501,0.9459404666413983,0.9443213877684254
0920204,09003,110758,47806,0.7856681775942911,0.7640769095529593
0920204,09013,30215,14761,0.2143318224057089,0.23592309044704077
0920205,09003,113838,48828,1.0,1.0
0920206,09003,155336,66271,1.0,1.0
0920207,09003,160485,67691,1.0,1.0
0920301,09011,2570,1135,0.024059164950383825,0.024316565258376895
0920301,09013,12257,5614,0.11474442988204456,0.12027594481103779
0920301,09015,91993,39927,0.8611964051675716,0.8554074899305854
0920401,09011,122385,57680,1.0,1.0
0920402,09011,133620,57840,0.8454554082697966,0.8568508066308164
0920402,09015,24425,9663,0.15454459173020343,0.14314919336918358
0920500,09007,164245,76289,0.9427177500358731,0.9247487787434695
0920500,09011,9980,6208,0.05728224996412685,0.07525122125653054
0920601,09009,134023,57525,1.0,1.0
0920602,09009,136292,57479,1.0,1.0
0920603,09009,166415,71099,1.0,1.0
0920604,09009,133757,59941,1.0,1.0
0920701,09009,114403,48392,1.0,1.0
0920702,09003,60833,27251,0.34367179069990794,0.3648742736255791
0920702,09005,54326,23817,0.3069109480308911,0.31889510751680367
0920702,09009,61850,23618,0.349417261269201,0.3162306188576172
0920703,09001,40869,17174,0.25709594625198157,0.2514568508594688
0920703,09009,118095,51124,0.7429040537480184,0.7485431491405312
0920801,09001,148654,58874,1.0,1.0
0920802,09001,177124,66458,1.0,1.0
0920901,09001,198988,82630,1.0,1.0
0920902,09001,104776,38175,1.0,1.0
0920903,09001,118325,48719,1.0,1.0
0920904,09001,168683,66449,0.849959689609997,0.8385790005047956
0920904,09005,29777,12791,0.150040310390003,0.16142099949520444
1000101,10003,126756,53623,1.0,1.0
1000102,10003,123340,55958,1.0,1.0
1000103,10003,106027,44337,1.0,1.0
1000104,10003,109197,43020,1.0,1.0
1000105,10003,105399,36809,1.0,1.0
1000200,10001,181851,72708,1.0,1.0
1000301,10005,118257,94448,1.0,1.0
1000302,10005,119121,47832,1.0,1.0
1100101,11001,110761,54069,1.0,1.0
1100102,11001,109790,45056,1.0,1.0
1100103,11001,109870,56911,1.0,1.0
1100104,11001,138727,63196,1.0,1.0
1100105,11001,113382,63767,1.0,1.0
1100106,11001,107015,67365,1.0,1.0
1200101,12001,157107,71188,1.0,1.0
1200102,12001,121361,52171,1.0,1.0
1200398,12003,28259,9809,0.2382494035123218,0.19069930205882923
1200398,12089,90352,41628,0.7617505964876782,0.8093006979411708
1200500,12005,175216,102971,1.0,1.0
1200798,12007,28303,10723,0.14765293239986227,0.12942979915025107
1200798,12023,69698,29775,0.36360506244587504,0.3593931054461182
1200798,12029,16759,9276,0.08742944189977359,0.1119640787949015
1200798,12041,17864,7493,0.09319407781475955,0.09044273850907686
1200798,12075,42915,20868,0.22388176496979434,0.251882966396292
1200798,12125,16147,4713,0.0842367204699352,0.05688731170336037
1200901,12009,103183,47510,1.0,1.0
1200902,12009,122746,68945,1.0,1.0
1200903,12009,130558,61159,1.0,1.0
1200904,12009,146867,64366,1.0,1.0
1200905,12009,103258,46814,1.0,1.0
1201101,12011,102449,36323,1.0,1.0
1201102,12011,102696,46199,1.0,1.0
1201103,12011,101555,55983,1.0,1.0
1201104,12011,105136,58724,1.0,1.0
1201105,12011,105775,46048,1.0,1.0
1201106,12011,185568,77403,1.0,1.0
1201107,12011,105368,43796,1.0,1.0
1201108,12011,131097,67823,1.0,1.0
1201109,12011,115621,54939,1.0,1.0
1201110,12011,116150,45347,1.0,1.0
1201111,12011,117083,46187,1.0,1.0
1201112,12011,102007,33454,1.0,1.0
1201113,12011,126103,56878,1.0,1.0
1201114,12011,100735,49115,1.0,1.0
1201115,12011,103783,37412,1.0,1.0
1201116,12011,120176,70099,1.0,1.0
1201117,12011,103073,34599,1.0,1.0
1201398,12013,13648,5628,0.07271797276272884,0.06613318292381994
1201398,12037,12451,8347,0.06634023145286759,0.09808345377845148
1201398,12039,43826,18929,0.23350951599497027,0.2224298186860319
1201398,12045,14192,8796,0.07561646171223972,0.10335953749074629
1201398,12063,47319,19882,0.2521205856652671,0.2336282769885195
1201398,12065,14510,6690,0.0773107990025788,0.07861247223886911
1201398,12077,7974,3196,0.04248630677095543,0.03755537537749263
1201398,12129,33764,13633,0.1798981266383922,0.16019788251606915
1201500,12015,186847,110046,1.0,1.0
1201700,12017,153843,81687,1.0,1.0
1201901,12019,105840,41148,1.0,1.0
1201902,12019,112405,43901,1.0,1.0
1202101,12021,120770,77888,1.0,1.0
1202102,12021,114992,74621,1.0,1.0
1202103,12021,139990,75881,1.0,1.0
1202799,12027,33976,15548,0.2271062271062271,0.2047217138267476
1202799,12049,25327,9820,0.1692936017753536,0.12930069653837545
1202799,12055,90301,50579,0.6036001711184193,0.665977589634877
1203101,12031,148843,58094,1.0,1.0
1203102,12031,124658,55440,1.0,1.0
1203103,12031,169543,74707,1.0,1.0
1203104,12031,116647,50846,1.0,1.0
1203105,12031,146202,63212,1.0,1.0
1203106,12031,157552,75103,1.0,1.0
1203107,12031,132122,57631,1.0,1.0
1203301,12033,102196,44708,1.0,1.0
1203302,12033,116849,54176,1.0,1.0
1203303,12033,102860,46506,1.0,1.0
1203500,12035,115378,55565,1.0,1.0
1204798,12047,14004,5596,0.13277961087723292,0.11870518857918629
1204798,12067,8226,3284,0.07799522129935146,0.0696618726401086
1204798,12079,17968,8315,0.17036447073994007,0.17638199482414832
1204798,12121,43474,18859,0.4122008571320211,0.40004666751516693
1204798,12123,21796,11088,0.20665983995145448,0.23520427644138983
1205199,12043,12126,6491,0.1185070805195313,0.13853968796021598
1205199,12051,39619,14971,0.38719544970339026,0.3195313000234777
1205199,12055,10934,6907,0.10685769572823314,0.1474185217595458
1205199,12093,39644,18484,0.38743977404884533,0.3945104902567605
1205300,12053,194515,89165,1.0,1.0
1205701,12057,151369,63256,1.0,1.0
1205702,12057,102392,48835,1.0,1.0
1205703,12057,165319,66691,1.0,1.0
1205704,12057,126685,53972,1.0,1.0
1205705,12057,178245,72312,1.0,1.0
1205706,12057,135511,51855,1.0,1.0
1205707,12057,148909,60344,1.0,1.0
1205708,12057,110712,49701,1.0,1.0
1205709,12057,102754,35077,1.0,1.0
1205710,12057,120026,57438,1.0,1.0
1205711,12057,117840,43405,1.0,1.0
1205998,12059,19653,8622,0.16339918188167216,0.11394964646798388
1205998,12131,75305,56197,0.6261016329109714,0.7427079891627569
1205998,12133,25318,10846,0.21049918520735642,0.14334236436925923
1206100,12061,159788,83529,1.0,1.0
1206901,12069,103967,47718,1.0,1.0
1206902,12069,131920,70225,1.0,1.0
1206903,12069,148069,59685,1.0,1.0
1207101,12071,124027,99162,1.0,1.0
1207102,12071,104362,52065,1.0,1.0
1207103,12071,175186,75084,1.0,1.0
1207104,12071,121950,64387,1.0,1.0
1207105,12071,130662,78663,1.0,1.0
1207106,12071,104635,46971,1.0,1.0
1207301,12073,146101,62133,1.0,1.0
1207302,12073,146097,71345,1.0,1.0
1208101,12081,142903,65071,1.0,1.0
1208102,12081,122036,70365,1.0,1.0
1208103,12081,134771,71197,1.0,1.0
1208301,12083,110018,55470,1.0,1.0
1208302,12083,115459,51711,1.0,1.0
1208303,12083,150431,70199,1.0,1.0
1208500,12085,158431,81371,1.0,1.0
1208601,12086,111325,39696,1.0,1.0
1208602,12086,116815,35989,1.0,1.0
1208603,12086,101228,37199,1.0,1.0
1208604,12086,104627,67464,1.0,1.0
1208605,12086,103056,37923,1.0,1.0
1208606,12086,121749,42981,1.0,1.0
1208607,12086,111152,37428,1.0,1.0
1208608,12086,101365,36248,1.0,1.0
1208609,12086,122213,43126,1.0,1.0
1208610,12086,100917,38319,1.0,1.0
1208611,12086,110581,55419,1.0,1.0
1208612,12086,105071,77390,1.0,1.0
1208613,12086,120640,56105,1.0,1.0
1208614,12086,118866,64074,1.0,1.0
1208615,12086,103437,40862,1.0,1.0
1208616,12086,107216,43883,1.0,1.0
1208617,12086,104379,41474,1.0,1.0
1208618,12086,108223,32799,1.0,1.0
1208619,12086,104162,36006,1.0,1.0
1208620,12086,102738,40443,1.0,1.0
1208621,12086,141616,45851,1.0,1.0
1208622,12086,130426,41668,1.0,1.0
1208623,12086,109970,38381,1.0,1.0
1208624,12086,104002,32589,1.0,1.0
1208625,12086,35993,11368,0.3028006090841024,0.17401154158183962
1208625,12087,82874,53961,0.6971993909158976,0.8259884584181604
1209101,12091,110290,44098,1.0,1.0
1209102,12091,101378,57099,1.0,1.0
1209501,12095,150913,53938,1.0,1.0
1209502,12095,144272,52150,1.0,1.0
1209503,12095,172523,71544,1.0,1.0
1209504,12095,173812,68351,1.0,1.0
1209505,12095,127169,62804,1.0,1.0
1209506,12095,117554,47355,1.0,1.0
1209507,12095,121871,56569,1.0,1.0
1209508,12095,130199,46830,1.0,1.0
1209509,12095,151969,52749,1.0,1.0
1209510,12095,139626,49561,1.0,1.0
1209701,12097,102907,48007,1.0,1.0
1209702,12097,101469,37280,1.0,1.0
1209703,12097,184280,69393,1.0,1.0
1209901,12099,114836,56651,1.0,1.0
1209902,12099,128440,64859,1.0,1.0
1209903,12099,164912,82952,1.0,1.0
1209904,12099,141123,57078,1.0,1.0
1209905,12099,140214,55267,1.0,1.0
1209906,12099,167950,86539,1.0,1.0
1209907,12099,128355,80070,1.0,1.0
1209908,12099,122789,65929,1.0,1.0
1209909,12099,113611,51725,1.0,1.0
1209910,12099,123832,49110,1.0,1.0
1209911,12099,146129,55808,1.0,1.0
1210101,12101,141512,62485,1.0,1.0
1210102,12101,125240,58433,1.0,1.0
1210103,12101,141144,73381,1.0,1.0
1210104,12101,153995,62484,1.0,1.0
1210301,12103,124236,61925,1.0,1.0
1210302,12103,111090,60715,1.0,1.0
1210303,12103,112563,59673,1.0,1.0
1210304,12103,109954,59311,1.0,1.0
1210305,12103,110420,66166,1.0,1.0
1210306,12103,116704,58438,1.0,1.0
1210307,12103,161306,86384,1.0,1.0
1210308,12103,112834,63712,1.0,1.0
1210501,12105,106678,47137,1.0,1.0
1210502,12105,181376,80908,1.0,1.0
1210503,12105,152010,60825,1.0,1.0
1210504,12105,159498,73566,1.0,1.0
1210505,12105,125484,53945,1.0,1.0
1210799,12107,73321,36014,0.6893533404787424,0.6843385398852279
1210799,12109,33041,16612,0.3106466595212576,0.31566146011477214
1210902,12109,102475,35418,1.0,1.0
1210903,12109,137909,67060,1.0,1.0
1211101,12111,105460,57625,1.0,1.0
1211102,12111,104116,42150,1.0,1.0
1211103,12111,119650,48109,1.0,1.0
1211300,12113,188000,75854,1.0,1.0
1211501,12115,130579,79833,1.0,1.0
1211502,12115,145821,89161,1.0,1.0
1211503,12115,157606,84237,1.0,1.0
1211701,12117,120891,51947,1.0,1.0
1211702,12117,114488,47286,1.0,1.0
1211703,12117,113467,49322,1.0,1.0
1211704,12117,122010,45235,1.0,1.0
1211900,12119,129752,75304,1.0,1.0
1212701,12127,128161,56284,1.0,1.0
1212702,12127,149283,78870,1.0,1.0
1212703,12127,141067,82733,1.0,1.0
1212704,12127,135032,54438,1.0,1.0
1300100,13047,67872,27971,0.3840173812676104,0.37121925971147596
1300100,13055,24965,10854,0.141251089158208,0.1440496887815366
1300100,13083,16251,7387,0.09194758461486234,0.09803713387038979
1300100,13295,67654,29137,0.3827839449593192,0.3866939176365977
1300200,13313,102864,38876,1.0,1.0
1300300,13111,25319,17643,0.13510311891358287,0.19816915646411323
1300300,13123,31353,17717,0.1673007657212988,0.19900033696506794
1300300,13129,57544,22736,0.30705690883380915,0.2553745928338762
1300300,13213,39973,16038,0.2132974040180358,0.18014152532854094
1300300,13227,33216,14896,0.1772418025132734,0.16731438840840165
1300400,13085,26798,11926,0.18832442005102004,0.16185771287424336
1300400,13187,33488,13006,0.23533876329086348,0.17651529545886377
1300400,13241,16883,11970,0.11864621179645389,0.1624548736462094
1300400,13281,12493,8600,0.08779524515625768,0.11671778724790315
1300400,13291,24632,14645,0.17310273582717836,0.19875953421459785
1300400,13311,28003,13535,0.19679262387822652,0.18369479655818247
1300500,13011,18035,7211,0.12872764128991734,0.1177940768087296
1300500,13119,23424,10586,0.16719247405461735,0.17292582125880065
1300500,13137,46031,18340,0.3285534824627771,0.2995899831746084
1300500,13147,25828,12763,0.18435140112203965,0.20848783834555762
1300500,13257,26784,12317,0.19117500107064853,0.20120228041230379
1300601,13139,102394,40385,1.0,1.0
1300602,13139,100742,36480,1.0,1.0
1300701,13117,103318,36090,1.0,1.0
1300702,13117,147965,51491,1.0,1.0
1300801,13057,109950,40127,1.0,1.0
1300802,13057,156670,60686,1.0,1.0
1300900,13015,108901,42435,1.0,1.0
1301000,13115,98584,40475,0.5753168841476225,0.5778758155937237
1301000,13143,29919,12292,0.17460141459884684,0.1754972087777159
1301000,13233,42853,17274,0.2500817012535307,0.24662697562856042
1301100,13223,168661,59172,1.0,1.0
1301200,13097,144237,53885,1.0,1.0
1301301,13067,136909,52345,1.0,1.0
1301302,13067,158362,57439,1.0,1.0
1301303,13067,153060,68932,1.0,1.0
1301304,13067,142096,50827,1.0,1.0
1301305,13067,175722,78961,1.0,1.0
1301401,13121,141883,55627,1.0,1.0
1301402,13121,141088,52849,1.0,1.0
1301403,13121,108321,53638,1.0,1.0
1301404,13121,160790,93256,1.0,1.0
1301405,13121,144940,77947,1.0,1.0
1301406,13121,152642,69910,1.0,1.0
1301407,13121,108190,47960,1.0,1.0
1301408,13121,108856,42819,1.0,1.0
1301501,13089,151649,66279,1.0,1.0
1301502,13089,129176,53087,1.0,1.0
1301503,13089,124368,55852,1.0,1.0
1301504,13089,112094,52795,1.0,1.0
1301505,13089,118224,48238,1.0,1.0
1301506,13089,128871,49850,1.0,1.0
1301601,13135,156916,61780,1.0,1.0
1301602,13135,140114,47102,1.0,1.0
1301603,13135,132178,41498,1.0,1.0
1301604,13135,123694,41433,1.0,1.0
1301605,13135,135524,47309,1.0,1.0
1301606,13135,132124,45515,1.0,1.0
1301607,13135,136512,45932,1.0,1.0
1301700,13013,83505,30019,0.5238313301382581,0.5200977164835926
1301700,13157,75907,27699,0.4761686698617419,0.47990228351640735
1301800,13059,128671,55802,1.0,1.0
1301900,13105,19637,9248,0.15672487549482825,0.17518469407084675
1301900,13133,18915,10087,0.15096252075086197,0.19107785565448002
1301900,13195,30120,12114,0.24039075469288723,0.22947527940897897
1301900,13219,41799,14998,0.3336020303920317,0.28410683841636675
1301900,13221,14825,6343,0.11831981866939088,0.12015533244932752
1302000,13159,14588,6270,0.11105528403294812,0.12524719841793014
1302000,13211,20097,8318,0.15299410770565935,0.16615728810850763
1302000,13297,96673,35473,0.7359506082613926,0.7085955134735622
1302100,13217,112483,41756,0.5458935322465579,0.5409999611313372
1302100,13247,93570,35427,0.4541064677534421,0.4590000388686628
1302201,13151,116602,42621,1.0,1.0
1302202,13151,124110,43973,1.0,1.0
1302301,13063,155520,61535,1.0,1.0
1302302,13063,142075,52503,1.0,1.0
1302400,13113,119194,45202,1.0,1.0
1302500,13077,146158,56729,1.0,1.0
1302600,13045,119148,46239,1.0,1.0
1302700,13149,11412,4742,0.11248780199308041,0.11048719681260048
1302700,13199,20613,9456,0.20318183162314812,0.22032200191057574
1302700,13285,69426,28721,0.6843303663837714,0.6691908012768237
1302800,13035,25434,9437,0.16114909173852715,0.1471083398285269
1302800,13171,18500,7561,0.11721546737291626,0.11786438035853468
1302800,13231,18889,7066,0.11968016017335217,0.11014809041309431
1302800,13255,67306,27785,0.4264488782162974,0.43312548713951676
1302800,13293,27700,12301,0.17550640249890703,0.19175370226032737
1302900,13009,43799,19988,0.24446863139093547,0.24630930375847196
1302900,13079,12130,5154,0.06770484483143559,0.06351201478743068
1302900,13169,28347,11584,0.15822170127260549,0.14274799753542822
1302900,13207,27957,11085,0.15604487608841258,0.1365988909426987
1302900,13225,27981,11991,0.156178834561286,0.1477634011090573
1302900,13237,22047,13032,0.12305760214333557,0.16059149722735674
1302900,13289,8022,4028,0.04477561955793704,0.049636475662353664
1302900,13319,8877,4288,0.04954789015405224,0.05284041897720271
1303000,13021,157346,71901,1.0,1.0
1303100,13033,24596,11138,0.19482443147163894,0.18697330871243914
1303100,13125,2884,1403,0.022844107186705428,0.023552123552123553
1303100,13141,8735,4896,0.0691897629250596,0.0821890213194561
1303100,13163,15709,7148,0.12443067954089998,0.11999328521067651
1303100,13165,8674,4066,0.06870658312672777,0.06825583347322478
1303100,13181,7690,4389,0.06091233851101412,0.07367802585193889
1303100,13189,21632,9390,0.17134664586089174,0.1576296793688098
1303100,13265,1559,908,0.012348808288513787,0.015242571764310894
1303100,13301,5215,2511,0.04130791226722219,0.04215208997817693
1303100,13303,19988,8556,0.1583245542468336,0.14362934362934363
1303100,13317,9565,5165,0.07576417657449286,0.08670471713949975
1303200,13073,156010,58640,1.0,1.0
1303301,13245,101403,52047,1.0,1.0
1303302,13245,105204,40010,1.0,1.0
1303400,13031,81099,32983,0.5070747491168287,0.5169749216300941
1303400,13103,64769,24317,0.4049707693750586,0.38114420062695925
1303400,13251,14067,6500,0.08795448150811266,0.10188087774294671
1303500,13023,12583,5176,0.08975803920449682,0.0861604021706562
1303500,13043,10981,4629,0.07833052757725341,0.07705496554249759
1303500,13091,19925,8533,0.14213056752361114,0.1420414821719879
1303500,13107,22768,9962,0.1624104773589751,0.16582881113293604
1303500,13167,9189,3542,0.06554769309784005,0.05896061524120252
1303500,13175,49570,21924,0.35359659885296885,0.3649498951293405
1303500,13283,6406,2868,0.04569577995263503,0.04774111928621367
1303500,13315,8766,3440,0.0625303164322196,0.05726270932516563
1303600,13153,163633,66633,0.9431949183805219,0.9396311024621372
1303600,13235,9855,4281,0.056805081619478004,0.060368897537862766
1303700,13061,2848,1961,0.018679574462503117,0.02794840732558968
1303700,13081,20128,9854,0.1320163183922973,0.14044039050808807
1303700,13093,11208,4762,0.07351147141001928,0.06786859545357372
1303700,13145,34668,14212,0.22738184250914958,0.20255112948051024
1303700,13193,12082,5109,0.07924389699998688,0.07281408109456282
1303700,13197,7498,3497,0.04917817742972204,0.04983966364996793
1303700,13239,2235,1678,0.01465900594230845,0.023915057364783013
1303700,13243,6425,3438,0.04214054280954442,0.04899878856979976
1303700,13249,4547,1961,0.02982304251439665,0.02794840732558968
1303700,13259,5314,2103,0.034853672294150824,0.029972208365994443
1303700,13261,29616,13458,0.19424658612411946,0.191805030998361
1303700,13263,5733,3042,0.03760182598087442,0.04335494904867099
1303700,13269,7816,3894,0.051263888342318945,0.05549775529109955
1303700,13307,2348,1196,0.015400154788608608,0.01704553552340911
1303800,13053,9565,3242,0.044182791576399504,0.034640453039854684
1303800,13215,206922,90348,0.9558172084236005,0.9653595469601454
1303900,13007,2876,1447,0.023769970163563182,0.02672799142931028
1303900,13037,5573,2020,0.04606051589761391,0.03731205437954856
1303900,13087,29367,13036,0.24271652079045894,0.2407920499464332
1303900,13099,10854,4918,0.08970766903870472,0.09084192249436625
1303900,13131,26236,11539,0.21683899068541154,0.21314049281465883
1303900,13201,6000,2851,0.049589645681981605,0.05266171635450146
1303900,13205,21755,9036,0.1798037903019183,0.16690679374930734
1303900,13253,9147,5048,0.07559941484218095,0.09324319332077284
1303900,13273,9185,4243,0.07591348259816684,0.07837378551110126
1304000,13095,85790,40560,0.7212092170857397,0.7614184610186037
1304000,13177,33163,12709,0.27879078291426024,0.2385815389813963
1304100,13071,45898,19105,0.4080547652916074,0.3897627353775221
1304100,13275,45798,20668,0.4071657183499289,0.42164963176040965
1304100,13321,20784,9244,0.18477951635846374,0.18858763286206826
1304200,13017,17194,8124,0.13339022498060513,0.1448076717407579
1304200,13019,18160,7991,0.1408844065166796,0.1424369897686357
1304200,13027,16301,7280,0.1264623739332816,0.12976364478984706
1304200,13075,17229,7258,0.13366175329712957,0.1293715019072404
1304200,13155,9666,4158,0.07498836307214896,0.07411500481266264
1304200,13277,41344,17375,0.32074476338246705,0.30970375387686716
1304200,13287,9006,3916,0.06986811481768813,0.06980143310398916
1304300,13185,118251,48717,1.0,1.0
1304400,13003,8286,3470,0.048929121862211905,0.04869902040587195
1304400,13005,11140,4807,0.06578209239018111,0.06746287927695287
1304400,13025,18021,8143,0.10641463976332619,0.1142813035057681
1304400,13049,12518,4660,0.07391923092821248,0.06539983720212199
1304400,13065,6749,3025,0.039853082723638446,0.04245375698206416
1304400,13069,43092,17331,0.2544597778525749,0.2432284503326129
1304400,13101,3697,1531,0.021830915221409296,0.02148651303786454
1304400,13173,9877,4069,0.05832403290285627,0.0571055660033121
1304400,13229,19716,8360,0.1164236744672182,0.1173267465686137
1304400,13299,36251,15858,0.2140634318883712,0.2225559266848177
1304500,13001,18444,8496,0.1208879800224158,0.13245611299928284
1304500,13109,10774,4646,0.07061630322931618,0.07243303919428767
1304500,13161,14779,6351,0.09686637696547837,0.09901468616507125
1304500,13209,8610,3740,0.056432742788603336,0.05830812883913816
1304500,13267,22842,9298,0.1497139036907407,0.14495962084125846
1304500,13271,12477,4704,0.08177831960202135,0.07333728290355773
1304500,13279,27030,12027,0.17716341899836796,0.18750584640329268
1304500,13305,30144,12460,0.19757358868985586,0.19425649340525708
1304500,13309,7471,2420,0.04896736601320041,0.0377287892488541
1304600,13029,44738,16703,0.3546075680474311,0.3377960240257245
1304600,13179,65256,26564,0.5172397393826984,0.537221671688879
1304600,13183,16168,6180,0.1281526925698705,0.12498230428539649
1304701,13051,169493,78124,1.0,1.0
1304702,13051,125798,56022,1.0,1.0
1304800,13039,54768,22541,0.3645318885531343,0.31608985864931566
1304800,13127,84499,42156,0.5624192968677201,0.5911487547677811
1304800,13191,10975,6615,0.07304881457914565,0.0927613865829033
1500100,15005,82,114,0.0003443439408064367,0.001120833742994789
1500100,15007,73298,30157,0.30780148991744144,0.29649985252187594
1500100,15009,164754,71439,0.6918541661417521,0.7023793137351293
1500200,15001,200629,88691,1.0,1.0
1500301,15003,104755,31339,1.0,1.0
1500302,15003,121275,40937,1.0,1.0
1500303,15003,110577,44366,1.0,1.0
1500304,15003,127223,74662,1.0,1.0
1500305,15003,118490,41074,1.0,1.0
1500306,15003,147371,50196,1.0,1.0
1500307,15003,153278,47836,1.0,1.0
1500308,15003,133539,40255,1.0,1.0
1600100,16009,9530,4628,0.07504587011473435,0.07103934179624541
1600100,16017,47110,26312,0.3709770137570971,0.4038865949314627
1600100,16021,12056,5400,0.09493735677893361,0.0828894653629484
1600100,16055,5607,4558,0.04415343061210026,0.06996484872672572
1600100,16057,39517,17259,0.3111844332973722,0.264923941240579
1600100,16079,13169,6990,0.10370189543976249,0.10729580794203877
1600200,16055,165755,70178,1.0,1.0
1600300,16003,4379,2642,0.03972026195961758,0.041781980927680165
1600300,16015,7610,5443,0.06902744770785335,0.086078471684089
1600300,16023,2574,1289,0.0233477858607115,0.020384925592649407
1600300,16033,790,483,0.007165792863233133,0.007638416649534262
1600300,16035,8734,4552,0.07922282894617491,0.07198772792687362
1600300,16037,4275,3021,0.03877691707635651,0.04777568674584473
1600300,16049,16541,8872,0.1500371895578978,0.14030648553761485
1600300,16059,7974,4568,0.07232915479926709,0.07224076036246896
1600300,16061,3533,1810,0.03204651415924387,0.028624294276722598
1600300,16069,42090,18364,0.38178255900440833,0.29041797795454904
1600300,16085,11746,12189,0.10654354806523593,0.19276327234197332
1600400,16001,52099,19953,0.3864652953437827,0.38880336717395114
1600400,16027,27701,9605,0.20548331342862866,0.1871626493111713
1600400,16045,19123,7563,0.1418525469367772,0.1473723182447047
1600400,16075,25386,9684,0.18831086945233627,0.18870204018005027
1600400,16087,10500,4514,0.07788797483847518,0.08795962509012256
1600500,16027,121877,42055,0.9109574706629793,0.8991106170094497
1600500,16073,11913,4719,0.0890425293370207,0.10088938299055031
1600600,16001,69490,25231,0.4601468708820861,0.46224168254433534
1600600,16027,81527,29353,0.5398531291179138,0.5377583174556647
1600701,16001,133161,49901,1.0,1.0
1600702,16001,111336,48500,1.0,1.0
1600800,16001,128881,53316,1.0,1.0
1600900,16031,24655,8838,0.2149501748023121,0.20302772736670419
1600900,16083,90046,34693,0.785049825197688,0.7969722726332958
1601000,16013,24272,15436,0.20127705448212954,0.29156986078842484
1601000,16025,1077,691,0.008931088813334438,0.013052265729774654
1601000,16039,28666,12049,0.23771457003068247,0.22759298086549176
1601000,16047,15598,6030,0.1293473754042624,0.11390037966793223
1601000,16053,24237,8569,0.2009868148271001,0.16185942842031695
1601000,16063,5127,1948,0.04251596318102662,0.03679567820781625
1601000,16067,21613,8218,0.17922713326146447,0.1552294063202433
1601100,16011,44983,15896,0.29246773511914437,0.29209312581540214
1601100,16043,13388,8452,0.08704528461363414,0.1553076937211738
1601100,16051,30891,10134,0.20084522609798122,0.18621488028518401
1601100,16065,52913,14124,0.3440265270959982,0.25953216589184325
1601100,16081,11630,5815,0.07561522707324209,0.1068521342863968
1601200,16019,123964,45214,1.0,1.0
1601300,16005,87018,34903,0.6690501453153112,0.6610416666666666
1601300,16007,6372,3849,0.04899201919084744,0.07289772727272727
1601300,16011,3009,1009,0.023135120173455738,0.019109848484848486
1601300,16029,7027,3108,0.05402807891620919,0.05886363636363636
1601300,16041,14194,4985,0.10913256754470944,0.09441287878787878
1601300,16071,4564,2009,0.0350909566206886,0.03804924242424242
1601300,16077,7878,2937,0.06057111223877843,0.055625
1700100,17001,65737,30235,0.4684892065822388,0.46071678907749974
1700100,17009,6244,2330,0.04449924100429741,0.03550422088806266
1700100,17057,33609,15855,0.23952193960817292,0.24159631853228902
1700100,17125,13086,6626,0.09326026069542535,0.10096608051686831
1700100,17149,14739,7260,0.1050407292060121,0.11062688568555146
1700100,17169,6902,3320,0.04918862290385342,0.05058970529972877
1700701,17007,53448,20157,0.3733419017749247,0.34785835087840405
1700701,17201,89713,37789,0.6266580982250752,0.652141649121596
1701901,17019,172419,78364,1.0,1.0
1701902,17019,33446,14711,0.2256130054976559,0.21582406619524075
1701902,17053,13534,6265,0.09129481601403083,0.09191338282327396
1701902,17075,27077,12779,0.18265034233869606,0.18747982746985123
1701902,17183,74188,34407,0.5004418361496172,0.504782723511634
1702900,17023,15455,7327,0.12069221338039718,0.12217775554443888
1702900,17029,46863,22739,0.3659656548460403,0.3791729197932299
1702900,17033,18679,8471,0.1458692884977314,0.14125396031349008
1702900,17035,10450,4728,0.08160683467001945,0.07883941970985493
1702900,17041,19740,8469,0.15415492022834296,0.14122061030515257
1702900,17045,16866,8236,0.1317110883774687,0.13733533433383358
1703101,17031,128980,52623,1.0,1.0
1703102,17031,122349,44063,1.0,1.0
1703103,17031,112552,43590,1.0,1.0
1703104,17031,125661,52828,1.0,1.0
1703105,17031,129271,53393,1.0,1.0
1703106,17031,148936,58134,1.0,1.0
1703107,17031,158648,64036,1.0,1.0
1703108,17031,172153,68713,1.0,1.0
1703109,17031,121402,47035,1.0,1.0
1703110,17031,113130,42169,1.0,1.0
1703111,17031,121043,54485,1.0,1.0
1703112,17031,142518,46873,1.0,1.0
1703113,17031,156619,58829,1.0,1.0
1703114,17031,171552,70369,1.0,1.0
1703115,17031,135705,54059,1.0,1.0
1703116,17031,149150,58744,1.0,1.0
1703117,17031,157865,66938,1.0,1.0
1703118,17031,162177,65779,1.0,1.0
1703151,17031,148248,59881,1.0,1.0
1703152,17031,152730,64616,1.0,1.0
1703153,17031,169106,96766,1.0,1.0
1703154,17031,173542,100569,1.0,1.0
1703155,17031,160976,74154,1.0,1.0
1703156,17031,132383,52703,1.0,1.0
1703157,17031,170752,59463,1.0,1.0
1703158,17031,168776,71407,1.0,1.0
1703159,17031,154540,82994,1.0,1.0
1703160,17031,176574,123406,1.0,1.0
1703161,17031,142116,76596,1.0,1.0
1703162,17031,140979,58318,1.0,1.0
1703163,17031,155992,47780,1.0,1.0
1703164,17031,167262,55078,1.0,1.0
1703165,17031,141418,59695,1.0,1.0
1703166,17031,129775,55393,1.0,1.0
1703167,17031,135785,63567,1.0,1.0
1703168,17031,124876,59920,1.0,1.0
1703700,17037,100420,41311,0.6597550720067277,0.6460597719844237
1703700,17141,51788,22632,0.3402449279932724,0.3539402280155764
1704301,17043,174577,61748,1.0,1.0
1704302,17043,116589,43767,1.0,1.0
1704303,17043,128425,53543,1.0,1.0
1704304,17043,120181,46243,1.0,1.0
1704305,17043,124144,48861,1.0,1.0
1704306,17043,119040,48875,1.0,1.0
1704307,17043,149921,61933,1.0,1.0
1704900,17025,13288,6145,0.10545780656016127,0.11005050324152012
1704900,17049,34668,15314,0.27513630627842195,0.2742576739854579
1704900,17051,21488,8829,0.17053562216772616,0.15811812744009457
1704900,17079,9287,4228,0.07370459433505551,0.07571904437838031
1704900,17101,15280,6279,0.12126695396141361,0.1124503026612701
1704900,17159,15813,7364,0.12549701197590535,0.13188151438088758
1704900,17191,16179,7679,0.12840170472131615,0.13752283391238943
1707300,17067,17620,8952,0.13241847846508797,0.14204563485766875
1707300,17071,6387,3357,0.04799981963430856,0.05326711307162578
1707300,17073,49284,22211,0.3703809473707943,0.35243248389451304
1707300,17109,27238,13609,0.20470002930942485,0.2159404652343626
1707300,17131,15699,7291,0.1179817079127932,0.11568975913173178
1707300,17187,16835,7602,0.12651901730759113,0.12062454381009806
1708901,17089,132955,49200,1.0,1.0
1708902,17089,138572,49066,1.0,1.0
1708903,17089,118066,45828,1.0,1.0
1708904,17089,126929,44416,1.0,1.0
1709100,17063,52533,21174,0.32825944324678974,0.3186743724038288
1709100,17091,107502,45270,0.6717405567532102,0.6813256275961712
1709300,17093,131869,45008,1.0,1.0
1709500,17011,33244,15616,0.2301307655565324,0.23450968613905993
1709500,17095,49967,23817,0.3458953183300221,0.35766631626370327
1709500,17123,11742,5819,0.08128370380113113,0.08738549331731492
1709500,17155,5637,3057,0.039021992703711136,0.04590779396305752
1709500,17175,5400,2577,0.037381366081256015,0.03869950443009461
1709500,17203,38467,15704,0.2662868535273472,0.23583120588676978
1709701,17097,159102,61901,1.0,1.0
1709702,17097,140954,51233,1.0,1.0
1709703,17097,156052,57164,1.0,1.0
1709704,17097,119629,45372,1.0,1.0
1709705,17097,138605,53708,1.0,1.0
1709900,17099,109658,49812,0.7538031112302627,0.7578044179395119
1709900,17105,35815,15920,0.24619688876973733,0.24219558206048805
1711101,17111,137984,51444,1.0,1.0
1711102,17111,172245,68264,1.0,1.0
1711300,17113,170954,74855,1.0,1.0
1711500,17021,34032,15184,0.24655509671810477,0.23392029085979263
1711500,17115,103998,49727,0.7534449032818953,0.7660797091402074
1711700,17013,4437,2282,0.03315970016516326,0.036842700075881106
1711700,17017,13042,5676,0.0974687422930041,0.0916385476032871
1711700,17061,11985,5785,0.08956930504383179,0.0933983435315391
1711700,17083,21512,9754,0.1607688685943187,0.15747751820339367
1711700,17117,44967,21023,0.3360586516400487,0.3394145853178127
1711700,17137,32915,15031,0.24598862540823724,0.2426742440142721
1711700,17171,4949,2388,0.0369861068553962,0.038554061253814234
1711901,17119,139441,65376,1.0,1.0
1711902,17119,126418,53203,1.0,1.0
1712100,17005,16725,6858,0.0970183885376182,0.0900177200236267
1712100,17027,36899,15574,0.21404373803584895,0.20442344293496095
1712100,17081,37113,16632,0.21528510934508963,0.21831069108092144
1712100,17121,37729,17358,0.21885840245953941,0.2278401260090569
1712100,17157,30163,13373,0.17496954579732002,0.17553324145172935
1712100,17189,13761,6390,0.0798248158245838,0.08387477849970466
1713500,17039,15516,7309,0.1138563367259332,0.11995929688654007
1713500,17107,27987,11984,0.20536847743933312,0.1966879482676558
1713500,17129,12297,5591,0.09023532951268373,0.09176254328808942
1713500,17135,28288,12511,0.207577214056664,0.20533735987789065
1713500,17139,14526,6159,0.10659172127358248,0.1010848692740731
1713500,17147,16673,7360,0.12234639741115522,0.12079633671978861
1713500,17173,20990,10015,0.15402452358064825,0.16437164568596235
1714300,17143,181830,85074,1.0,1.0
1716100,17161,144672,66729,1.0,1.0
1716301,17163,166213,76709,1.0,1.0
1716302,17133,34962,14540,0.27714845143441486,0.27734330294128867
1716302,17163,91187,37886,0.7228515485655851,0.7226566970587113
1716500,17003,5240,2946,0.04007464284621738,0.04634115648398666
1716500,17047,6245,3041,0.04776071461347854,0.04783552507393192
1716500,17059,4946,2497,0.037826180060570834,0.03927829862203486
1716500,17065,7993,3806,0.06112912600568999,0.05986912477191216
1716500,17069,3649,2196,0.027906941172871607,0.03454350972126093
1716500,17087,13308,5526,0.10177735629722537,0.08692506134776316
1716500,17127,14169,6797,0.10836214016947597,0.10691814006166236
1716500,17151,3763,2355,0.028778794089754964,0.03704461083495879
1716500,17153,5193,2831,0.039715194713818104,0.04453218398036871
1716500,17165,23768,11576,0.18177368533757532,0.1820927452337507
1716500,17181,17244,7841,0.13187922542751385,0.12334046435537659
1716500,17185,11361,5409,0.08688702621677016,0.08508462845277795
1716500,17193,13877,6751,0.1061289730490379,0.10619455106021519
1716700,17167,196343,92982,1.0,1.0
1717900,17179,131343,58550,1.0,1.0
1719500,17015,15702,8159,0.09118308043413878,0.09739066080977846
1719500,17085,22035,13408,0.127959443215275,0.16004583651642476
1719500,17103,34145,14985,0.1982834213108947,0.1788698433919022
1719500,17177,44630,21369,0.25917086229624337,0.25507305194805197
1719500,17195,55691,25855,0.32340319274344814,0.3086206073338426
1719701,17197,176242,58172,1.0,1.0
1719702,17197,141080,49233,1.0,1.0
1719703,17197,134906,51482,1.0,1.0
1719704,17197,128787,45875,1.0,1.0
1719705,17197,115340,45916,1.0,1.0
1719900,17055,37804,18480,0.21134193519533084,0.21201413427561838
1719900,17077,52974,27743,0.29614928777477134,0.31828507181864074
1719900,17145,20945,9123,0.11709228739461974,0.10466476985911614
1719900,17199,67153,31818,0.3754164896352781,0.3650360240466248
1720101,17201,195637,87194,1.0,1.0
1800101,18089,108808,45651,1.0,1.0
1800102,18089,119070,58693,1.0,1.0
1800103,18089,121541,51468,1.0,1.0
1800104,18089,149281,58963,1.0,1.0
1800200,18127,173215,71483,1.0,1.0
1800300,18091,112417,49780,1.0,1.0
1800401,18141,117392,49508,1.0,1.0
1800402,18141,155520,68615,1.0,1.0
1800501,18039,107003,43258,1.0,1.0
1800502,18039,100044,36336,1.0,1.0
1800600,18033,43265,18096,0.2612573443717807,0.25193868600943936
1800600,18087,40446,14845,0.2442347058930092,0.20667715483035629
1800600,18113,47457,20049,0.2865708954547925,0.27912901833572334
1800600,18151,34435,18837,0.20793705428041762,0.26225514082448104
1800700,18049,20480,9532,0.1986170511962604,0.2071993739674811
1800700,18073,32918,13515,0.319241996644458,0.29377880184331795
1800700,18111,13830,6018,0.13412469814669342,0.13081471176419443
1800700,18131,12514,5816,0.12136200091162123,0.12642378923571862
1800700,18149,23371,11123,0.2266542531009669,0.24178332318928789
1800800,18085,80240,38133,0.6351367396208494,0.659888902348279
1800800,18099,46095,19654,0.3648632603791507,0.340111097651721
1800900,18001,35809,13172,0.26556265851885913,0.2345274553094509
1800900,18069,36662,16217,0.2718885807092746,0.2887436792251264
1800900,18179,28180,11938,0.20898533097996172,0.2125560857488783
1800900,18183,34191,14837,0.2535634297919046,0.2641727797165444
1801001,18003,134471,60556,1.0,1.0
1801002,18003,126299,55312,1.0,1.0
1801003,18003,124640,46563,1.0,1.0
1801100,18007,8719,3783,0.06984195643989459,0.06749812653891446
1801100,18015,20306,9483,0.16265750286368844,0.16920029975377368
1801100,18023,33190,13450,0.2658624308108844,0.23998144381400993
1801100,18107,37936,16464,0.3038793966629018,0.29375869821218287
1801100,18181,24688,12866,0.19775871322263075,0.2295614316811191
1801200,18157,186251,77797,1.0,1.0
1801300,18017,37870,16379,0.2766515447047565,0.26089103391153373
1801300,18067,83658,39605,0.611146420039887,0.6308437266051831
1801300,18159,15359,6797,0.1122020352553566,0.10826523948328316
1801400,18053,66674,29810,0.4990120647846002,0.5078451080938347
1801400,18103,35962,14852,0.26915247133491005,0.25301964258334897
1801400,18169,30976,14037,0.23183546388048978,0.2391352493228164
1801500,18009,12112,5857,0.11425768352734751,0.12437092561527191
1801500,18065,48914,20952,0.46142671169556443,0.44490688637377107
1801500,18075,20478,8890,0.19317774465596288,0.18877540186439598
1801500,18135,24502,11394,0.23113786012112522,0.24194678614656107
1801600,18021,26466,11632,0.25497846758576836,0.24922865958176207
1801600,18045,16479,7760,0.15876181392525796,0.1662667123757285
1801600,18121,16156,7536,0.15564997061572108,0.16146726088447036
1801600,18153,20817,8788,0.20055492933321772,0.18829276654096674
1801600,18165,15439,7297,0.14874225651993794,0.15634641755227974
1801600,18171,8440,3659,0.08131256202009692,0.0783981830647926
1801700,18167,106153,46932,1.0,1.0
1801801,18011,70812,28103,0.49559429743216477,0.4988107916222932
1801801,18057,72071,28237,0.5044057025678352,0.5011892083777068
1801901,18057,133816,54969,1.0,1.0
1801902,18057,141580,51858,1.0,1.0
1802000,18095,130129,58784,1.0,1.0
1802100,18035,111903,51464,1.0,1.0
1802200,18013,15475,8436,0.12481751236076495,0.15997572677450553
1802200,18109,71780,29351,0.5789596793057,0.556596438662697
1802200,18133,36726,14946,0.296222808333535,0.28342783456279746
1802300,18063,174788,66869,1.0,1.0
1802401,18097,109582,49376,1.0,1.0
1802402,18097,112126,55996,1.0,1.0
1802403,18097,122321,53551,1.0,1.0
1802404,18097,153342,64524,1.0,1.0
1802405,18097,153549,80885,1.0,1.0
1802406,18097,172462,70295,1.0,1.0
1802407,18097,153821,62371,1.0,1.0
1802500,18081,161765,63393,1.0,1.0
1802600,18059,79840,32125,0.6392569758597222,0.6232055559866532
1802600,18145,45055,19423,0.3607430241402778,0.3767944440133468
1802700,18041,23398,10886,0.2056243958168556,0.20843225855862754
1802700,18139,16752,7352,0.1472185605061956,0.14076740445737917
1802700,18161,7087,3238,0.062281395553212056,0.06199739603277935
1802700,18177,66553,30752,0.5848756481237367,0.5888029409512139
1802800,18027,33381,12738,0.20837729017759604,0.17945900253592562
1802800,18055,30803,14329,0.19228440338337652,0.20187376725838263
1802800,18093,45011,20484,0.2809763101220388,0.2885883347421809
1802800,18101,9812,4576,0.061250351134554765,0.06446886446886448
1802800,18117,19867,9058,0.1240176035456787,0.12761341222879685
1802800,18119,21321,9795,0.1330940416367552,0.13799661876584954
1802900,18105,139718,63606,1.0,1.0
1803000,18005,82208,35317,0.6390745980907366,0.6493766778214982
1803000,18071,46428,19069,0.36092540190926337,0.35062332217850184
1803100,18031,26472,11512,0.23717029816513763,0.23890260858737833
1803100,18077,33147,14386,0.2969735521788991,0.2985452507937826
1803100,18079,27613,11574,0.24739284690366972,0.24018926266420404
1803100,18143,24384,10715,0.2184633027522936,0.22236287795463508
1803200,18029,50679,20845,0.4289886232816415,0.4189528690583861
1803200,18047,22785,9639,0.19287092842148032,0.1937292734398553
1803200,18115,5940,2722,0.05028103203087966,0.05470806954074967
1803200,18137,28995,12259,0.24543746190830906,0.24638729775901919
1803200,18155,9737,4290,0.08242195435768944,0.08622249020198974
1803300,18051,33011,14539,0.27029173592290245,0.28133828708541353
1803300,18129,25222,11021,0.20651595418034732,0.21326289717094316
1803300,18173,63898,26118,0.5231923098967503,0.5053988157436433
1803400,18163,180136,84058,1.0,1.0
1803500,18025,10526,5871,0.07429680607023116,0.09164702393031642
1803500,18037,43637,18618,0.3080077642491618,0.2906292440018108
1803500,18083,36282,16917,0.2560931709899418,0.26407642715536755
1803500,18123,19170,8502,0.13530968766543144,0.13271725386740763
1803500,18125,12250,5581,0.0864655020292924,0.0871200886654907
1803500,18147,19810,8572,0.1398270689959414,0.13380996237960693
1803600,18043,80484,34344,0.5426375404530744,0.5440806045340051
1803600,18061,39654,16686,0.26735436893203884,0.26434104842925715
1803600,18175,28182,12093,0.19000809061488674,0.1915783470367378
1803700,18019,121093,52169,1.0,1.0
1900100,19041,16384,8109,0.13579663657988744,0.1397862437510774
1900100,19059,17703,13691,0.14672899520103438,0.23601103258058956
1900100,19063,9388,4475,0.07781120753246969,0.07714187209101879
1900100,19119,11934,4817,0.09891339483303081,0.08303740734356145
1900100,19141,14182,6524,0.11754564819189232,0.11246336838476124
1900100,19143,6192,2878,0.05132158042618793,0.049612135838648506
1900100,19147,8996,4516,0.07456216691117355,0.07784864678503706
1900100,19167,35872,13000,0.2973203703243239,0.22409929322530597
1900200,19033,43127,22603,0.38143883110450716,0.4061635220125786
1900200,19067,15627,7314,0.1382137550413925,0.13142857142857142
1900200,19081,10795,5113,0.09547689804004811,0.09187780772686432
1900200,19109,14828,7216,0.13114696101323145,0.12966756513926325
1900200,19131,10565,4847,0.09344265194933843,0.08709793351302786
1900200,19189,10679,5077,0.09445093044647279,0.09123090745732255
1900200,19195,7443,3480,0.06582997240500955,0.06253369272237197
1900301,19113,109706,45507,1.0,1.0
1900302,19113,120593,55723,1.0,1.0
1900400,19005,14061,7668,0.12002355913684785,0.13948919449901767
1900400,19017,24988,10484,0.2132955476645725,0.190715273230008
1900400,19037,12012,5534,0.10253346080305928,0.10066943171068908
1900400,19043,17043,8758,0.14547767003550943,0.15931747071236266
1900400,19065,19509,9298,0.16652724665391969,0.16914065342356108
1900400,19089,9469,4314,0.08082661841027042,0.07847631521501855
1900400,19191,20070,8916,0.1713158972958208,0.16219166120934295
1900500,19013,131144,58559,1.0,1.0
1900600,19023,14334,6536,0.11186377187095163,0.1098598177967526
1900600,19069,10019,4656,0.07818913983361689,0.07825999260429622
1900600,19075,12329,5465,0.0962165790007648,0.0918580024876458
1900600,19079,15039,7037,0.11736565265573054,0.11828083504218913
1900600,19083,16878,8032,0.13171736721347296,0.13500521060947324
1900600,19091,9597,4571,0.07489581544896907,0.07683127710357347
1900600,19187,36999,16937,0.28874338603692895,0.284684169832252
1900600,19197,12943,6260,0.10100828793956515,0.10522069452381753
1900700,19019,20565,8886,0.13115099104614678,0.1290500602698346
1900700,19055,17488,8100,0.11152776714879722,0.11763509882800587
1900700,19061,99266,42630,0.6330578301573939,0.6191091682762827
1900700,19097,19485,9241,0.12426341164766205,0.13420567262587682
1900800,19031,18505,8190,0.14362106701022925,0.14382551278449002
1900800,19045,46460,21517,0.3605855051767226,0.3778624613655521
1900800,19105,20646,8871,0.16023780326901882,0.1557846305141894
1900800,19139,43235,18366,0.3355556245440293,0.32252739533576846
1900900,19163,174669,77771,1.0,1.0
1901100,19103,152854,65916,1.0,1.0
1901200,19011,25575,11076,0.21648227934890257,0.21447243576089692
1901200,19095,16662,7341,0.14103725272771905,0.14214898437348722
1901200,19127,40105,16745,0.3394729936769399,0.32424529945975256
1901200,19157,18662,8906,0.15796646323398708,0.1724531882346107
1901200,19171,17135,7575,0.14504101101245143,0.14668009217125264
1901300,19015,26715,11921,0.2132900073451921,0.22373409406553807
1901300,19169,98537,41361,0.7867099926548079,0.7762659059344619
1901400,19099,37813,16132,0.30585618377416485,0.3159296541459402
1901400,19125,33414,14073,0.27027420528997814,0.2756061258861776
1901400,19181,52403,20857,0.423869610935857,0.4084642199678822
1901501,19153,165760,69928,1.0,1.0
1901502,19153,137794,56091,1.0,1.0
1901503,19153,188847,84165,1.0,1.0
1901600,19049,99678,41125,0.8576222187806515,0.8560930929680669
1901600,19121,16548,6913,0.14237778121934852,0.14390690703193304
1901800,19003,3704,1888,0.03337989456134817,0.03543876114500235
1901800,19007,12317,6306,0.1109989636371829,0.11836696386672924
1901800,19039,9748,4268,0.08784751948812689,0.08011262318160488
1901800,19053,7645,3653,0.06889559771098995,0.06856874706710464
1901800,19071,6605,3110,0.059523273104131934,0.05837634913186297
1901800,19117,8634,4058,0.07780831793808858,0.07617081182543407
1901800,19135,7577,3636,0.06828279187131077,0.06824964805255748
1901800,19137,10330,5007,0.09309241652773396,0.09398404504927264
1901800,19145,15211,6983,0.13707925922588204,0.13107461285781324
1901800,19159,4663,2672,0.04202225927094129,0.05015485687470671
1901800,19173,5896,2885,0.05313387104041815,0.054152979821679964
1901800,19175,12138,5784,0.1093858423827333,0.10856874706710465
1901800,19185,6497,3025,0.05854999324111206,0.05678085405912717
1901900,19021,20823,8141,0.17193176563841733,0.14633401038951702
1901900,19025,9927,4771,0.08196545346456173,0.08575845271691263
1901900,19027,20760,9490,0.17141158597001122,0.17058220840148833
1901900,19035,11658,5558,0.09625800911552942,0.09990473280247335
1901900,19047,16525,6855,0.13644395270493428,0.12321823378210774
1901900,19073,8771,4309,0.07242056939031641,0.07745402908345767
1901900,19093,7005,3352,0.057839025034678644,0.06025200869987238
1901900,19133,8751,4373,0.07225543298764779,0.07860442543094925
1901900,19151,7078,3666,0.05844177290441905,0.06589614077975302
1901900,19161,9814,5118,0.08103243278948412,0.09199575791346863
1902000,19149,25698,10818,0.19521570355289847,0.2021338216334386
1902000,19193,105941,42701,0.8047842964471016,0.7978661783665614
1902100,19001,7496,3585,0.043734210818032776,0.046807066104372574
1902100,19009,5674,2787,0.033104043780885536,0.03638808737319006
1902100,19029,13127,6398,0.07658737798936983,0.08353461895000718
1902100,19077,10623,5773,0.061978191237988554,0.07537439124701335
1902100,19085,14582,6665,0.08507634233571958,0.08702066822472614
1902100,19129,14484,6110,0.08450457703953931,0.07977438602446763
1902100,19155,93667,39852,0.5464851020134307,0.5203222310715359
1902100,19165,11746,5421,0.06853015478503376,0.07077855100468723
1902200,19051,9110,3579,0.07454930810713496,0.06577955852891985
1902200,19101,15663,7689,0.128174073861916,0.14131853186053778
1902200,19107,10033,4654,0.08210243778692482,0.08553731919351577
1902200,19123,22190,9680,0.18158607540036498,0.17791174254259406
1902200,19177,7203,3500,0.05894387116308377,0.06432759286147513
1902200,19179,35437,15734,0.2899894436215743,0.2891800988806999
1902200,19183,22565,9573,0.18465479005900115,0.17594515613225753
1902300,19057,38910,18782,0.37491328143066366,0.39334031413612563
1902300,19087,20482,8398,0.19735219301626455,0.17587434554973821
1902300,19111,33555,15858,0.3233157326755569,0.3321047120418848
1902300,19115,10837,4712,0.10441879287751483,0.09868062827225131
2000100,20023,2616,1464,0.024366163074458373,0.027246333655921984
2000100,20039,2764,1640,0.025744676887539352,0.030521849177398943
2000100,20051,28934,13166,0.26949945045733126,0.2450308940668503
2000100,20063,2718,1319,0.02531621989158175,0.024547755527432442
2000100,20065,2415,1422,0.022493992287774073,0.026464676542842253
2000100,20071,1284,638,0.011959538756729568,0.011873743765353979
2000100,20101,1574,895,0.014660680687766622,0.01665674086205613
2000100,20109,2762,1369,0.025726048322497717,0.025478299709670214
2000100,20135,2687,1548,0.02502747713343641,0.02880964788208144
2000100,20137,5459,2461,0.0508466682811423,0.04580138464974317
2000100,20141,3500,2044,0.03259998882286098,0.03804064616988015
2000100,20147,4981,2794,0.046394441236191575,0.051998808903446735
2000100,20153,2561,1364,0.023853877535813417,0.025385245291446437
2000100,20163,4919,2638,0.045816955719900895,0.049095511054864885
2000100,20167,6691,3675,0.062321864346789366,0.06839499739447628
2000100,20171,5151,2260,0.047977869264730535,0.042060597037147325
2000100,20179,2447,1152,0.02279204932844023,0.02143973795875828
2000100,20181,5927,2934,0.05520575250088486,0.054604332613712496
2000100,20183,3570,2026,0.033251988599318195,0.03770565026427455
2000100,20193,7930,3573,0.07386226039008215,0.06649668726271124
2000100,20195,2808,1611,0.02615450531845532,0.029982133551701033
2000100,20199,1512,740,0.01408319517147594,0.013772053897119035
2000100,20203,2152,999,0.02004433598479909,0.0185922727611107
2000200,20027,8117,3933,0.05631057184679528,0.05761455525606469
2000200,20029,9032,4503,0.06265825858325182,0.0659644908004219
2000200,20041,18402,8778,0.12766134570958812,0.1285890073831009
2000200,20053,6376,3080,0.04423262364114411,0.045118949958982774
2000200,20089,2932,1763,0.020340347006874926,0.025826204148599555
2000200,20105,2939,1672,0.020388908544749458,0.02449314426344779
2000200,20117,10038,4762,0.06963724531207725,0.06975858431969999
2000200,20123,5796,3124,0.04020895336011155,0.04576350638696824
2000200,20131,10273,4490,0.07126752551215079,0.06577405367397164
2000200,20143,5735,2681,0.03978577424434778,0.03927399507793273
2000200,20157,4674,2676,0.03242523257507961,0.03920075002929802
2000200,20169,54303,24076,0.3767195987429499,0.3526895581858666
2000200,20201,5530,2726,0.03836361492087938,0.03993320051564514
2000300,20061,36739,15928,0.2740775554660341,0.2830587691706207
2000300,20149,25348,9866,0.18909926443161304,0.17533009898526772
2000300,20161,71959,30477,0.536823180102353,0.5416111318441116
2000400,20209,169245,68475,1.0,1.0
2000501,20177,131988,62013,1.0,1.0
2000601,20005,16348,6814,0.12151936371069649,0.11955224928065128
2000601,20013,9508,4482,0.0706756857206571,0.07863709734016422
2000601,20043,7510,3364,0.055823979781461384,0.059021685732332095
2000601,20085,13232,5583,0.09835724373745633,0.09795424240297565
2000601,20087,18368,7911,0.136534601947521,0.13879921397992842
2000601,20139,15766,7233,0.11719319110978964,0.12690364236086743
2000601,20177,46921,18499,0.3487772244109121,0.3245666362551758
2000601,20197,6877,3110,0.05111870958150598,0.05456523264790512
2000700,20045,118785,52846,1.0,1.0
2000801,20091,125546,51823,1.0,1.0
2000802,20091,154945,72543,1.0,1.0
2000803,20091,158255,64365,1.0,1.0
2000804,20091,171117,62950,1.0,1.0
2000900,20103,81881,31219,0.6515919562639759,0.6225248758699077
2000900,20107,9591,5065,0.07632318184350206,0.10099902291172307
2000900,20121,34191,13865,0.27208486189252207,0.27647610121836924
2001000,20001,12526,6054,0.08073997679515277,0.08482080309356348
2001000,20003,7836,3556,0.050509217480984914,0.0498220640569395
2001000,20011,14360,6770,0.09256155730308109,0.09485246728500575
2001000,20021,19362,9113,0.12480340337759444,0.12767954717404098
2001000,20037,38972,17997,0.2512053628980276,0.2521506430913218
2001000,20059,25996,11149,0.16756478019853036,0.15620534088043264
2001000,20099,20184,9524,0.130101843496197,0.13343794659119568
2001000,20133,15904,7211,0.10251385845043187,0.10103118782750022
2001101,20017,2572,1397,0.01903507278769085,0.020895031260282988
2001101,20019,3379,1976,0.02500758590575715,0.029555176643034493
2001101,20031,8360,3959,0.061871387443660775,0.05921505279846839
2001101,20035,19696,8863,0.1457678046758783,0.13256453977085764
2001101,20049,2483,1491,0.01837639414146049,0.022300996141075113
2001101,20073,6016,3666,0.04452371613170612,0.05483263035089294
2001101,20111,32179,14957,0.2381530354724354,0.2237129438511472
2001101,20115,11823,5671,0.08750064757732073,0.084821562116725
2001101,20125,31486,15569,0.23302422309223722,0.23286667264949595
2001101,20127,5386,2996,0.03986115942243504,0.044811391306949055
2001101,20205,8624,4485,0.06382522073135533,0.06708247330162434
2001101,20207,3115,1828,0.023053752618062598,0.027341529809446888
2001201,20015,55803,22399,0.33106897492791626,0.3177749088484401
2001201,20173,112751,48088,0.6689310250720837,0.6822250911515598
2001301,20079,34024,14569,0.20230224040336775,0.2149707843947353
2001301,20173,134160,53203,0.7976977595966322,0.7850292156052647
2001401,20173,120404,57168,1.0,1.0
2001501,20015,11577,4502,0.0688754566114965,0.06460686250591967
2001501,20173,156509,65181,0.9311245433885035,0.9353931374940804
2001600,20113,30223,13019,0.29762279907039035,0.28497318594724746
2001600,20155,61898,28289,0.6095442549336274,0.6192185618912116
2001600,20159,9427,4377,0.0928329459959822,0.09580825216154099
2001701,20007,4228,2574,0.03864540011882455,0.04813734290843806
2001701,20009,25493,12370,0.23301494447237328,0.231336026331538
2001701,20033,1689,938,0.015438051277363923,0.01754189108318372
2001701,20035,14853,6695,0.13576161967003336,0.12520571514063436
2001701,20047,2907,1550,0.02657099766921073,0.028987133453022142
2001701,20077,5485,3027,0.050134820163612266,0.05660906642728905
2001701,20095,7470,3647,0.06827841506329692,0.06820391980849791
2001701,20097,2460,1153,0.022485261185503404,0.021562687013764213
2001701,20145,6253,3055,0.057154609021525526,0.05713270496708558
2001701,20151,9157,4388,0.08369818564051003,0.08206163973668462
2001701,20165,2956,1663,0.027018874822905718,0.031100388988629563
2001701,20185,4072,2088,0.03721950550706092,0.03904847396768402
2001701,20191,22382,10324,0.20457931538777935,0.19307301017354878
2001800,20025,1991,1042,0.014660079080486853,0.01974868752724447
2001800,20055,38470,14185,0.2832612969494371,0.26884369728787216
2001800,20057,34287,12550,0.25246114085015203,0.23785607338475825
2001800,20067,7352,2930,0.05413405394261142,0.05553133824839376
2001800,20069,5653,2327,0.04162402161827834,0.0441028751208233
2001800,20075,2518,1106,0.018540471684915065,0.020961658738130887
2001800,20081,3780,1545,0.02783279704883993,0.0292818831378049
2001800,20083,1723,842,0.012686748496071747,0.01595815249322442
2001800,20093,3983,1581,0.02932752133479615,0.02996417944392851
2001800,20119,4055,1900,0.02985766985001215,0.036010082823190494
2001800,20129,2701,1316,0.019887932494422396,0.02494172052385194
2001800,20175,21964,8268,0.16172474983616938,0.15670071830638896
2001800,20187,2084,931,0.015344854245974185,0.01764494058336334
2001800,20189,5250,2240,0.03865666256783324,0.04245399238102458
2100100,21007,7728,3684,0.03925313395233548,0.039174402654161486
2100100,21035,37103,17874,0.18845872528901442,0.19006603502727534
2100100,21039,4826,2293,0.02451289136309149,0.024382981890877384
2100100,21075,6515,3177,0.033091895406245554,0.033783137142310266
2100100,21083,36649,16472,0.18615270525610028,0.17515764400633765
2100100,21105,4521,2150,0.022963692882829803,0.022862368541380886
2100100,21145,67875,32040,0.3447601535992198,0.34070245956550865
2100100,21157,31659,16351,0.16080680225116317,0.1738709711721483
2100200,21033,12649,6082,0.11834989427197365,0.12316477997610417
2100200,21055,8990,4331,0.084114597952806,0.08770579777647274
2100200,21107,45423,20888,0.4249985965306237,0.422996699135295
2100200,21139,8888,4589,0.08316023877692322,0.09293047933415687
2100200,21177,30928,13491,0.2893766724676734,0.2732022437779713
2100300,21047,72748,29206,0.6752682582705232,0.6263484097879002
2100300,21143,8680,4780,0.08057030408792187,0.10251131270239551
2100300,21219,12243,5117,0.11364311439498014,0.10973857470672757
2100300,21221,14061,7526,0.13051832324657484,0.1614017028029767
2100400,21003,20588,9208,0.11598350496879013,0.11475001246199093
2100400,21009,44485,19794,0.25060842328233096,0.24667264842231196
2100400,21031,12371,5416,0.06969263357144467,0.067494142864264
2100400,21061,12126,6358,0.06831241408837911,0.0792333383181297
2100400,21099,19288,8816,0.10865989138517701,0.10986491201834406
2100400,21141,27432,12461,0.15453951371205804,0.1552888689497034
2100400,21169,10286,4691,0.057946684093111295,0.05845919944170281
2100400,21171,11338,5237,0.06387317754692746,0.06526344648821096
2100400,21213,19594,8263,0.11038375735178133,0.1029734310353422
2100500,21227,134554,56881,1.0,1.0
2100600,21001,18903,8600,0.17984701158830133,0.16948150483810576
2100600,21045,15941,7366,0.15166593724430574,0.14516287960901011
2100600,21053,9253,4841,0.08803493615968641,0.09540232150247324
2100600,21057,5888,3379,0.056019637318516544,0.06659046567999527
2100600,21087,11107,5270,0.10567427168762963,0.10385668959265318
2100600,21207,17991,10088,0.17117005689494416,0.19880574660544312
2100600,21217,26023,11199,0.24758814910661617,0.22070039217231935
2100700,21147,16888,6892,0.16642194783054287,0.14195966961214443
2100700,21199,65034,31552,0.6408742867841974,0.6499001009289583
2100700,21231,19555,10105,0.1927037653852597,0.2081402294588972
2100800,21051,20345,8581,0.1817329164805717,0.17733369154146603
2100800,21109,12955,5954,0.11572130415364001,0.1230444935832524
2100800,21125,62613,26533,0.5592943278249218,0.5483270991341007
2100800,21203,16037,7321,0.14325145154086646,0.15129471574118084
2100900,21013,24097,11517,0.2045012857179228,0.21458515772018408
2100900,21095,26831,12962,0.2277036144373817,0.24150844962829088
2100900,21121,30193,13723,0.2562355197610177,0.25568742896536306
2100900,21235,36712,15469,0.31155958008367773,0.288218963686162
2101000,21025,13718,6551,0.12879420904883063,0.13083421541411197
2101000,21119,14251,6639,0.13379838702105887,0.13259171975794373
2101000,21129,7395,3211,0.0694294486015529,0.06412893690958839
2101000,21131,10513,4872,0.09870342030400615,0.09730183139941283
2101000,21133,21548,10520,0.20230774286223957,0.21010165564897845
2101000,21189,4051,2044,0.03803363032926177,0.040822032713546764
2101000,21193,28473,13213,0.26732450169466065,0.26388528289828445
2101000,21237,6562,3021,0.06160866013838946,0.06033432525813345
2101100,21071,35942,17333,0.25633491423884747,0.2598144289718646
2101100,21115,22680,10493,0.16175159576364867,0.1572856864479187
2101100,21153,11637,5402,0.08299397354063402,0.08097372326233268
2101100,21159,11287,4792,0.08049780693934315,0.07183007809572348
2101100,21195,58669,28693,0.41842170951752666,0.4300960832221606
2101200,21027,20432,10704,0.12014017922242867,0.14147875968172566
2101200,21085,26420,13275,0.15534962485593998,0.17546062544608634
2101200,21123,14867,6474,0.08741797398687584,0.08556927225144731
2101200,21155,19581,8350,0.11513629842180775,0.11036506383991118
2101200,21163,30003,11943,0.17641766822682692,0.15785508472336038
2101200,21179,46738,19716,0.27481948397111744,0.26059372439134
2101200,21229,12027,5196,0.07071877131500341,0.06867746966612916
2101300,21093,110702,46669,1.0,1.0
2101400,21091,9095,3894,0.08013427667691657,0.07814726364165446
2101400,21101,44793,20047,0.39466241398451063,0.4023159204479319
2101400,21149,9152,4161,0.08063649259451791,0.08350558911477252
2101400,21183,23772,10159,0.20945047005647727,0.20387726022998656
2101400,21225,13668,5863,0.12042609055745968,0.11766240542655883
2101400,21233,13017,5705,0.11469025613011798,0.11449156113909571
2101500,21059,103312,43863,1.0,1.0
2101600,21029,82217,32704,0.8083711052336614,0.8148701848806498
2101600,21215,19490,7430,0.1916288947663386,0.18512981511935017
2101701,21111,139656,68869,1.0,1.0
2101702,21111,102528,53455,1.0,1.0
2101703,21111,118162,52644,1.0,1.0
2101704,21111,139866,61782,1.0,1.0
2101705,21111,134847,57089,1.0,1.0
2101706,21111,147910,63048,1.0,1.0
2101800,21103,15678,6600,0.11212667353244078,0.12618055290024088
2101800,21185,67607,23064,0.48351499027348666,0.4409436775895691
2101800,21211,48065,18801,0.3437535759240188,0.35944251137536803
2101800,21223,8474,3841,0.06060476027005378,0.073433258134822
2101901,21067,113590,54692,1.0,1.0
2101902,21067,107462,45773,1.0,1.0
2101903,21067,101518,45677,1.0,1.0
2102000,21005,23852,10044,0.19096113045914895,0.17977769424904688
2102000,21073,51541,24000,0.4126416076217926,0.429576330344198
2102000,21167,22641,10338,0.18126576197910413,0.1850400042957633
2102000,21239,26871,11487,0.21513149993995437,0.2056059711109918
2102100,21021,30614,12929,0.24523964015925276,0.25063001589578565
2102100,21079,16953,7254,0.1358054360625796,0.1406195479393634
2102100,21113,52991,20626,0.4244951254876515,0.39983716512232
2102100,21137,24275,10777,0.19445979829051613,0.2089132710425309
2102200,21065,14163,6827,0.11803188519330295,0.1319660564823227
2102200,21151,92701,39319,0.772553398948272,0.7600371136411962
2102200,21197,13129,5587,0.10941471585842508,0.10799682987648117
2102300,21017,20252,9112,0.14403163404642694,0.15339550856873507
2102300,21049,36972,16116,0.2629437869822485,0.2713039964984344
2102300,21097,18692,8063,0.13293695949021392,0.13573617049930978
2102300,21181,7537,3316,0.053602924442421485,0.05582303626140534
2102300,21209,57155,22795,0.4064846950386891,0.3837412881721154
2102400,21117,169064,72585,1.0,1.0
2102500,21015,135968,51468,1.0,1.0
2102600,21037,93076,41405,0.569484639529121,0.5800319399305166
2102600,21041,10810,4658,0.06614088436664443,0.0652527176958422
2102600,21077,8690,3685,0.053169684102325636,0.05162221226045052
2102600,21081,24941,10050,0.15260127631715809,0.14078785161941051
2102600,21187,11278,5323,0.06900433800989972,0.07456853076319624
2102600,21191,14644,6263,0.08959917767485116,0.08773674773058389
2102700,21011,12750,5445,0.09027187765505522,0.08674940653528128
2102700,21023,8400,3839,0.059473237043330504,0.06116271289053165
2102700,21069,15082,6732,0.10678278108184651,0.10725381171634776
2102700,21135,13080,6023,0.09260832625318606,0.09595806713718992
2102700,21161,17120,8160,0.12121212121212122,0.13000462026223972
2102700,21165,6113,3277,0.04328094024355707,0.05220896330874504
2102700,21173,28114,12125,0.19905126026621353,0.1931747574362324
2102700,21175,13726,5610,0.09718210138770886,0.08937817643028981
2102700,21201,2193,1038,0.015526762956669498,0.01653735243041726
2102700,21205,24662,10518,0.17461059190031153,0.16757213185272515
2102800,21019,48261,21742,0.358825847416671,0.35801676299626206
2102800,21043,26627,12206,0.1979746760150784,0.20099128916991882
2102800,21063,7354,3022,0.05467779950482167,0.04976205766602447
2102800,21089,35962,16235,0.26738142858205016,0.2673352105254491
2102800,21127,16293,7524,0.12114024848137876,0.1238946796423455
2200101,22017,116543,57238,1.0,1.0
2200102,22017,121305,55085,1.0,1.0
2200200,22015,128746,55237,0.7769215450809532,0.7517999809453813
2200200,22119,36967,18236,0.2230784549190468,0.2482000190546187
2200300,22013,12981,6816,0.07651680823347028,0.08335983171489372
2200300,22027,14170,6775,0.08352539655406162,0.08285840080228946
2200300,22031,26812,12355,0.1580439613555046,0.1511019250055035
2200300,22061,48396,20370,0.28527135438464124,0.2491255534085072
2200300,22069,37515,18513,0.22113304528762326,0.22641440207421176
2200300,22081,7620,3567,0.044916268295126995,0.0436244893965707
2200300,22085,22155,13370,0.130593165889572,0.16351539759802364
2200400,22073,160368,70028,1.0,1.0
2200500,22021,9645,4583,0.06763532324004404,0.06938052561463001
2200500,22035,7459,2791,0.052306052467339395,0.042252028581809375
2200500,22041,19774,8883,0.13866468447367866,0.1344768075572242
2200500,22049,15031,7182,0.10540451463152949,0.10872592951435146
2200500,22065,10017,4357,0.07024396401197731,0.06595918614508901
2200500,22067,25629,11863,0.17972272673085418,0.17959004481046384
2200500,22083,20043,8628,0.14055104030069493,0.13061644665132616
2200500,22107,4147,2779,0.029080734626901257,0.04207036453917888
2200500,22111,21107,10334,0.14801231390643957,0.1564430180452949
2200500,22123,9751,4656,0.06837864561054115,0.07048564854063219
2200600,22009,39693,18126,0.3363785052669045,0.3422389215112437
2200600,22025,8906,4412,0.07547393666155372,0.08330343824934389
2200600,22029,18687,8964,0.1583630647197905,0.16925023129354455
2200600,22043,22169,8971,0.18787128922636248,0.1693823990332874
2200600,22059,14791,6151,0.12534639536953077,0.11613768102260068
2200600,22127,13755,6339,0.116566808755858,0.1196873288899798
2200700,22079,130023,57935,0.7273078149384974,0.7252027838974564
2200700,22115,48750,21953,0.27269218506150256,0.27479721610254354
2200801,22003,22750,9484,0.1526866132431308,0.15075265056985265
2200801,22011,36549,15771,0.2452985946120082,0.2506874791371938
2200801,22019,89699,37656,0.602014792144861,0.5985598702929535
2200901,22019,127086,55576,0.7704376398125526,0.7542171617788755
2200901,22023,5617,4175,0.03405212393833395,0.056658569354160165
2200901,22053,32250,13936,0.19551023624911337,0.18912426886696432
2201000,22039,32350,14416,0.2815736791713813,0.2818983554625628
2201000,22097,82540,36723,0.7184263208286187,0.7181016445374372
2201100,22001,57576,24840,0.500944011832775,0.4910934936043178
2201100,22113,57359,25741,0.49905598816722496,0.5089065063956821
2201201,22055,116664,51816,1.0,1.0
2201202,22055,125089,56106,1.0,1.0
2201300,22045,69929,30924,0.5746203655009203,0.5680486415988537
2201300,22099,51767,23515,0.4253796344990797,0.43195135840114623
2201400,22037,19539,8063,0.17283961538121312,0.1655103046227112
2201400,22047,30241,13198,0.26750820455208896,0.2709171524755727
2201400,22077,20758,10923,0.18362274098383857,0.22421791608506444
2201400,22121,27199,11496,0.24059904287597195,0.23597996551441006
2201400,22125,15310,5036,0.1354303962068874,0.10337466130224156
2201501,22033,105573,41963,1.0,1.0
2201502,22033,104308,46492,1.0,1.0
2201503,22033,140545,68733,1.0,1.0
2201504,22033,106355,47171,1.0,1.0
2201600,22005,126500,49690,1.0,1.0
2201700,22063,142282,57480,0.9287215571598282,0.9164102482343001
2201700,22091,10920,5243,0.0712784428401718,0.08358975176569998
2201800,22105,133157,56685,0.7454764304109283,0.7264886063619819
2201800,22117,45463,21341,0.2545235695890718,0.2735113936380181
2201900,22089,52549,20445,0.45608325088093876,0.4374478464599782
2201900,22093,20192,8554,0.17525039490357408,0.1830241564499219
2201900,22095,42477,17738,0.36866635421548716,0.37952799709009993
2202000,22007,21039,9935,0.17740058686633614,0.19530942832429032
2202000,22057,97557,40933,0.8225994131336639,0.8046905716757097
2202100,22101,49406,22407,0.3107569219931315,0.3213486691142726
2202100,22109,109580,47321,0.6892430780068686,0.6786513308857274
2202201,22103,143803,60449,1.0,1.0
2202202,22103,120767,49921,1.0,1.0
2202301,22051,105437,47724,1.0,1.0
2202302,22051,143507,67299,1.0,1.0
2202303,22051,136519,56907,1.0,1.0
2202401,22071,147175,63710,1.0,1.0
2202402,22071,118167,63828,1.0,1.0
2202403,22071,118655,66302,1.0,1.0
2202501,22051,55318,21948,0.45121821904288034,0.4475803984746212
2202501,22075,23515,9447,0.19180730360449277,0.192650447621184
2202501,22087,43764,17642,0.3569744773526269,0.3597691539041948
2300100,23003,67105,38303,0.5634908638989655,0.5204211956521739
2300100,23019,20888,13703,0.17539970442026065,0.1861820652173913
2300100,23029,31095,21594,0.2611094316807739,0.2933967391304348
2300200,23007,29456,20856,0.19064138243479387,0.20578600465722066
2300200,23017,57777,36130,0.37393696200893145,0.3564944547499704
2300200,23021,16800,14577,0.10873082648372273,0.14383115601689228
2300200,23025,50477,29785,0.3266908290725519,0.29388838457591665
2300300,23019,131311,61175,1.0,1.0
2300400,23011,123642,62607,1.0,1.0
2300500,23009,55478,40133,0.3245675104868103,0.3651209549023354
2300500,23013,40607,24255,0.23756647496913924,0.22066650290673873
2300500,23015,35237,23608,0.206149921897396,0.21478024327447073
2300500,23027,39607,21921,0.23171609264665446,0.19943229891645514
2300600,23001,111139,49837,1.0,1.0
2300700,23005,72279,36670,0.6632439574960084,0.659437491008488
2300700,23023,36699,18938,0.3367560425039916,0.340562508991512
2300800,23005,25497,16701,0.1373938440315558,0.16434433488811478
2300800,23031,160079,84921,0.8626061559684441,0.8356556651118853
2300900,23005,89753,38402,0.6336430255707891,0.5846922151677096
2300900,23031,51893,27277,0.36635697442921084,0.41530778483229036
2301000,23005,115540,57679,1.0,1.0
2400101,24001,68106,32911,0.6131698357821953,0.5742126842885806
2400101,24023,28806,18407,0.25934528954191877,0.3211550205007415
2400101,24043,14160,5997,0.1274848746758859,0.10463229521067784
2400201,24043,140545,57793,1.0,1.0
2400301,24021,137046,54356,1.0,1.0
2400302,24021,134671,49137,1.0,1.0
2400400,24013,172891,65793,1.0,1.0
2400501,24005,107655,43414,1.0,1.0
2400502,24005,160221,65362,1.0,1.0
2400503,24005,111139,46508,1.0,1.0
2400504,24005,107851,46668,1.0,1.0
2400505,24005,106794,42890,1.0,1.0
2400506,24005,138801,57712,1.0,1.0
2400507,24005,122074,47609,1.0,1.0
2400601,24025,141687,54313,1.0,1.0
2400602,24025,119237,48971,1.0,1.0
2400700,24015,103725,43941,1.0,1.0
2400801,24510,132471,65096,1.0,1.0
2400802,24510,115604,62605,1.0,1.0
2400803,24510,116697,52464,1.0,1.0
2400804,24510,106489,52938,1.0,1.0
2400805,24510,114447,60146,1.0,1.0
2400901,24027,123055,43194,1.0,1.0
2400902,24027,104102,42585,1.0,1.0
2400903,24027,105160,37423,1.0,1.0
2401001,24031,111693,38264,1.0,1.0
2401002,24031,169702,59359,1.0,1.0
2401003,24031,167322,67309,1.0,1.0
2401004,24031,124267,49874,1.0,1.0
2401005,24031,145818,52464,1.0,1.0
2401006,24031,120896,42892,1.0,1.0
2401007,24031,118754,49545,1.0,1.0
2401008,24031,103609,44716,1.0,1.0
2401101,24033,129416,42845,1.0,1.0
2401102,24033,149620,56862,1.0,1.0
2401103,24033,119450,40968,1.0,1.0
2401104,24033,120691,48132,1.0,1.0
2401105,24033,194550,71402,1.0,1.0
2401106,24033,131061,47106,1.0,1.0
2401107,24033,122413,52642,1.0,1.0
2401201,24003,124290,48156,1.0,1.0
2401202,24003,122564,47900,1.0,1.0
2401203,24003,111081,41831,1.0,1.0
2401204,24003,113767,45386,1.0,1.0
2401205,24003,116559,49857,1.0,1.0
2401300,24011,33293,13434,0.19309020890605608,0.16602607674720385
2401300,24019,32531,16383,0.18867081926900278,0.20247172959278256
2401300,24029,19198,10286,0.11134310006843674,0.12712105295680654
2401300,24035,49874,21274,0.2892554314414634,0.2629178767842798
2401300,24041,37526,19538,0.217640440315041,0.24146326391892728
2401400,24039,24620,10895,0.1362720570327894,0.0982948394081559
2401400,24045,103588,43682,0.5733610822060354,0.39409960303139663
2401400,24047,52460,56263,0.2903668607611752,0.5076055575604475
2401501,24009,92783,35663,0.8930200773835878,0.8816781626245396
2401501,24037,11115,4786,0.10697992261641225,0.11832183737546045
2401601,24037,102662,40774,1.0,1.0
2401700,24017,166617,62123,1.0,1.0
2500100,25003,129026,69759,1.0,1.0
2500201,25011,71029,34345,0.5983556150858838,0.6127346035823877
2500201,25015,47678,21707,0.40164438491411625,0.3872653964176122
2500301,25015,114630,44538,1.0,1.0
2500401,25013,152745,66513,1.0,1.0
2500402,25013,155929,62782,1.0,1.0
2500403,25013,157151,67738,1.0,1.0
2500501,25027,110872,47456,1.0,1.0
2500502,25027,118467,48010,1.0,1.0
2500503,25027,152133,58950,1.0,1.0
2500504,25027,105624,43881,1.0,1.0
2500505,25027,100894,40400,1.0,1.0
2500506,25027,116691,47688,1.0,1.0
2500507,25027,157430,65379,1.0,1.0
2500601,25017,127922,49809,1.0,1.0
2500602,25017,115554,43482,1.0,1.0
2500603,25017,106078,39949,1.0,1.0
2500604,25017,120342,47231,1.0,1.0
2500605,25017,114155,46580,1.0,1.0
2500606,25017,107936,42240,1.0,1.0
2500607,25017,140398,51454,1.0,1.0
2500608,25017,162099,67445,1.0,1.0
2500609,25017,125922,53491,1.0,1.0
2500610,25017,130120,54477,1.0,1.0
2500611,25017,118403,53907,1.0,1.0
2500612,25017,108932,48353,1.0,1.0
2500613,25017,154141,59865,1.0,1.0
2500701,25009,120846,48121,1.0,1.0
2500702,25009,125712,43549,1.0,1.0
2500703,25009,123331,52274,1.0,1.0
2500704,25009,170535,69270,1.0,1.0
2500705,25009,104587,38462,1.0,1.0
2500706,25009,164818,75509,1.0,1.0
2500801,25025,123912,50488,1.0,1.0
2500802,25025,161333,85830,1.0,1.0
2500803,25025,123203,56936,1.0,1.0
2500804,25025,139046,53950,1.0,1.0
2500805,25025,128160,54502,1.0,1.0
2500806,25025,122282,47910,1.0,1.0
2500901,25021,118204,41708,1.0,1.0
2500902,25021,117206,48273,1.0,1.0
2500903,25021,101615,47000,1.0,1.0
2500904,25021,139945,56738,1.0,1.0
2500905,25021,120019,48131,1.0,1.0
2500906,25021,128992,49639,1.0,1.0
2501001,25005,122472,49220,1.0,1.0
2501002,25005,157535,61437,1.0,1.0
2501003,25005,132068,59570,1.0,1.0
2501004,25005,167125,73237,1.0,1.0
2501101,25023,105643,37304,1.0,1.0
2501102,25023,132822,49013,1.0,1.0
2501103,25023,142849,59970,1.0,1.0
2501104,25023,149505,68483,1.0,1.0
2501201,25001,137204,81855,1.0,1.0
2501301,25001,91792,83030,0.7247862168073465,0.7365451658402008
2501301,25007,20600,17530,0.16265683356100025,0.15550568176777937
2501301,25019,14255,12169,0.11255694963165333,0.1079491523920198
2600100,26013,8158,5052,0.04760848759308107,0.05163532297628782
2600100,26043,25947,13917,0.15142160181143352,0.14224243663123468
2600100,26053,14380,10393,0.08391885898363641,0.1062244480784955
2600100,26061,37361,18632,0.21803146665421697,0.19043336058871627
2600100,26071,11631,8878,0.06787623427250869,0.09073998364677023
2600100,26083,2046,2270,0.011940054623123789,0.0232011447260834
2600100,26103,66017,33454,0.38526226102383343,0.3419255928045789
2600100,26131,5816,5244,0.03394103503816616,0.053597710547833195
2600200,26003,8842,6169,0.0678837944906796,0.0771375697101558
2600200,26033,36785,20268,0.2824140896109081,0.2534323655187936
2600200,26041,36903,19786,0.283320025796149,0.24740540675719608
2600200,26095,5339,4065,0.0409897736695022,0.050829019431315174
2600200,26097,10834,10519,0.08317722568559408,0.13153024733038238
2600200,26109,23502,13212,0.18043484936891563,0.16520369119963987
2600200,26153,8047,5955,0.06178024137825139,0.07446170005251707
2600300,26001,10167,10263,0.0763942112618908,0.10808049959455332
2600300,26007,28907,15645,0.21720541604676674,0.16475878555556725
2600300,26031,25579,17631,0.19219902919916446,0.18567351538064597
2600300,26039,12988,10174,0.09759103136317869,0.10714323325294607
2600300,26119,9153,8930,0.06877507776926198,0.09404256663542446
2600300,26135,8219,7649,0.06175705934508513,0.08055224996577398
2600300,26137,25091,14861,0.18853222728160737,0.15650241688343144
2600300,26141,12982,9804,0.0975459477330448,0.10324673273165749
2600400,26009,23431,17538,0.15593533917649957,0.18784743420841232
2600400,26029,26054,17451,0.17339163189383805,0.18691558754538737
2600400,26047,34112,21771,0.22701832145400336,0.23318659426110985
2600400,26079,17939,11570,0.11938560238518311,0.12392489530113643
2600400,26113,15052,8615,0.10017236674852424,0.09227424140184012
2600400,26165,33673,16418,0.22409673834195168,0.1758512472821139
2600500,26019,17970,12099,0.11193402308444572,0.13629911679884643
2600500,26055,95238,45776,0.5932316355323562,0.5156813266041816
2600500,26089,22301,15421,0.1389115553036296,0.17372251261715935
2600500,26101,25032,15472,0.15592278607956847,0.17429704397981255
2600600,26085,12096,13315,0.1026955894214034,0.18809950979699663
2600600,26105,29052,17392,0.24665279959247782,0.2456948309717886
2600600,26123,49978,24542,0.42431549008787195,0.34670207806518144
2600600,26127,26659,15538,0.2263361208982468,0.2195035811660333
2600700,26121,175824,74591,1.0,1.0
2600801,26139,150994,62932,1.0,1.0
2600802,26139,145206,51386,1.0,1.0
2600900,26005,120502,51789,1.0,1.0
2601001,26081,152889,60944,1.0,1.0
2601002,26081,199156,86114,1.0,1.0
2601003,26081,179540,68196,1.0,1.0
2601004,26081,126389,49748,1.0,1.0
2601100,26067,66804,24638,0.34079674323931375,0.28665503199534614
2601100,26107,39714,20884,0.20259867464532225,0.242978475858057
2601100,26117,66614,27894,0.33982746922555007,0.3245375218150087
2601100,26133,22891,12534,0.11677711288981395,0.14582897033158812
2601200,26035,30856,21818,0.22520819496244826,0.3288864770346252
2601200,26057,41761,16032,0.304800344497887,0.24166779722335277
2601200,26073,64394,28489,0.4699914605396647,0.42944572574202206
2601300,26011,15002,9504,0.13656307462632222,0.11242414564037048
2601300,26051,25386,16862,0.23108853569282867,0.199462957048393
2601300,26069,25237,19856,0.22973218999763323,0.2348794019186865
2601300,26129,20770,15246,0.18906912811549875,0.180347066964761
2601300,26143,23459,23069,0.21354707156771716,0.27288642842778904
2601400,26017,103856,48562,0.5543421403789699,0.5684486532676257
2601400,26111,83494,36867,0.44565785962103016,0.4315513467323743
2601500,26145,190124,85953,1.0,1.0
2601600,26063,31407,20319,0.2505724383880773,0.3081998543866036
2601600,26151,40611,21676,0.32400411676945295,0.3287829146948186
2601600,26157,53323,23933,0.42542344484246974,0.36301723091857785
2601701,26049,54007,23483,0.3786616745894858,0.3900312250863673
2601701,26087,88619,36725,0.6213383254105143,0.6099687749136328
2601702,26049,129704,57870,1.0,1.0
2601703,26049,104408,51024,1.0,1.0
2601704,26049,118092,50710,0.634268956849602,0.6265057263932988
2601704,26155,68094,30231,0.365731043150398,0.3734942736067012
2601801,26065,174028,70967,1.0,1.0
2601802,26065,110872,54284,1.0,1.0
2601900,26037,79128,32821,0.4202163534303755,0.408638163300879
2601900,26045,109175,47497,0.5797836465696244,0.591361836699121
2602000,26015,62423,27351,0.3172980638733715,0.3148533999470467
2602000,26025,134310,59518,0.6827019361266284,0.6851466000529532
2602101,26077,138574,59602,1.0,1.0
2602102,26077,123096,54419,1.0,1.0
2602200,26023,44862,20749,0.4240224572546573,0.4338072339535856
2602200,26149,60939,27081,0.5759775427453426,0.5661927660464143
2602300,26027,51589,25291,0.4056504371894068,0.40635292983499094
2602300,26159,75587,36948,0.5943495628105931,0.5936470701650091
2602400,26021,154316,76821,1.0,1.0
2602500,26059,45746,21396,0.31512237461165954,0.32930601942345283
2602500,26091,99423,43577,0.6848776253883405,0.6706939805765472
2602600,26075,160366,69025,1.0,1.0
2602701,26161,115367,45802,1.0,1.0
2602702,26161,124972,53677,1.0,1.0
2602703,26161,131919,57403,1.0,1.0
2602800,26093,193866,78441,1.0,1.0
2602901,26125,141074,56764,1.0,1.0
2602902,26125,139946,54709,1.0,1.0
2602903,26125,176267,71807,1.0,1.0
2602904,26125,157180,70125,1.0,1.0
2602905,26125,137228,59270,1.0,1.0
2602906,26125,158027,65764,1.0,1.0
2602907,26125,176289,82241,1.0,1.0
2602908,26125,188384,93723,1.0,1.0
2603001,26099,126387,49719,1.0,1.0
2603002,26099,176316,67787,1.0,1.0
2603003,26099,134346,53255,1.0,1.0
2603004,26099,155250,72698,1.0,1.0
2603005,26099,140979,63603,1.0,1.0
2603006,26099,147939,62342,1.0,1.0
2603100,26147,160383,72092,1.0,1.0
2603201,26163,204901,85069,1.0,1.0
2603202,26163,145039,61229,1.0,1.0
2603203,26163,173268,63410,1.0,1.0
2603204,26163,156601,70588,1.0,1.0
2603205,26163,115191,47391,1.0,1.0
2603206,26163,136749,59588,1.0,1.0
2603207,26163,123321,52980,1.0,1.0
2603208,26163,154586,69500,1.0,1.0
2603209,26163,126448,58179,1.0,1.0
2603210,26163,108909,47023,1.0,1.0
2603211,26163,122822,74089,1.0,1.0
2603212,26163,106725,52520,1.0,1.0
2603213,26163,119001,48625,1.0,1.0
2603300,26115,154809,65845,1.0,1.0
2700101,27005,35183,19620,0.23907828840521606,0.2628089210367691
2700101,27007,10142,4453,0.06891771597094339,0.05964771281226977
2700101,27029,8524,4448,0.05792295513077514,0.05958073806175072
2700101,27069,4207,2272,0.028587737240165532,0.030433326635858283
2700101,27077,3763,3391,0.025570633523827643,0.04542227580202264
2700101,27087,5411,2550,0.03676925272320791,0.034157122764717704
2700101,27089,9040,4416,0.061429318909221875,0.05915209965842877
2700101,27107,6441,3230,0.043768389722820586,0.04326568883530909
2700101,27113,13992,6639,0.09507953873648589,0.08892907373920032
2700101,27119,31192,14623,0.21195833135137707,0.19587435536802625
2700101,27125,3935,1876,0.026739421449976555,0.02512892639474918
2700101,27135,15331,7137,0.10417841683598236,0.09559975889089813
2700201,27007,36086,16818,0.24960573278366488,0.19074082475162182
2700201,27021,30066,23872,0.2079655811637108,0.2707435467041691
2700201,27057,21344,14705,0.14763578009573083,0.16677630086648823
2700201,27061,45014,25375,0.31136042940541736,0.2877897745315973
2700201,27071,12062,7402,0.08343247655147608,0.08394955314612348
2700301,27031,5600,5936,0.05386842636859471,0.0899462080460641
2700301,27075,10905,7311,0.10489914099098666,0.11078111978180165
2700301,27137,87452,52748,0.8412324326404186,0.7992726721721343
2700401,27137,102519,46075,1.0,1.0
2700501,27001,15697,13944,0.14660228631201436,0.23589518025409822
2700501,27017,36207,15688,0.33815563359234907,0.26539899511089304
2700501,27065,16032,7735,0.14973102211595934,0.13085550912689686
2700501,27115,28876,16886,0.2696876867901972,0.28566595049990695
2700501,27137,10260,4858,0.09582337118947998,0.0821843650082049
2700600,27035,66123,41568,0.47413595296142264,0.5373944745381443
2700600,27097,34010,16074,0.2438692098092643,0.20780597535907744
2700600,27153,25262,12770,0.18114154596300014,0.16509159545448668
2700600,27159,14065,6939,0.10085329126631293,0.08970795464829155
2700700,27027,65318,26844,0.49518971987415183,0.4047525707909894
2700700,27111,60081,36506,0.4554869034532429,0.5504357528421941
2700700,27167,6506,2972,0.049323376672605286,0.04481167636681644
2700800,27011,5166,2982,0.04560864498357877,0.050829256651950844
2700800,27023,12598,5627,0.11122294028322209,0.09591422776006954
2700800,27041,39006,21769,0.344369106896917,0.37106039170231986
2700800,27051,6074,3155,0.05362503090016598,0.05377810353350265
2700800,27073,6719,3471,0.059319490058975174,0.059164436565701334
2700800,27121,11308,6367,0.0998340219656037,0.10852779245572468
2700800,27149,9671,4213,0.08538157290673447,0.07181209197675013
2700800,27151,9838,4693,0.08685595225482926,0.07999386367122914
2700800,27155,3360,1877,0.02966415933891302,0.03199413639695229
2700800,27173,9528,4513,0.08411908041106049,0.07692569928579951
2700901,27009,19156,7312,0.1821033718973696,0.1670665112984669
2700901,27145,86037,36455,0.8178966281026304,0.8329334887015332
2701001,27009,22223,10003,0.21152473325020701,0.2296267389008769
2701001,27141,10583,4330,0.10073195572096211,0.09939855837656673
2701001,27145,72255,29229,0.6877433110288309,0.6709747027225563
2701101,27141,86600,31579,0.8422731649435404,0.8338790599419065
2701101,27171,16217,6291,0.15772683505645954,0.16612094005809347
2701200,27025,56621,22294,0.45583061627017674,0.43180321518497
2701200,27059,41135,16550,0.3311596828080345,0.3205500677900445
2701200,27095,26459,12786,0.21300970092178884,0.24764671702498547
2701301,27003,120073,42786,1.0,1.0
2701302,27003,141024,57722,1.0,1.0
2701303,27003,102790,37509,1.0,1.0
2701401,27163,135800,55099,1.0,1.0
2701402,27163,131768,48915,1.0,1.0
2701501,27123,132016,55316,1.0,1.0
2701502,27123,108809,45838,1.0,1.0
2701503,27123,102290,44553,1.0,1.0
2701504,27123,103003,46868,1.0,1.0
2701505,27123,106234,35971,1.0,1.0
2701601,27053,120938,48334,1.0,1.0
2701602,27053,118256,46725,1.0,1.0
2701603,27053,122526,45158,1.0,1.0
2701604,27053,116296,47838,1.0,1.0
2701605,27053,117979,51075,1.0,1.0
2701606,27053,122583,58383,1.0,1.0
2701607,27053,127421,56792,1.0,1.0
2701608,27053,112796,45141,1.0,1.0
2701609,27053,111865,57638,1.0,1.0
2701610,27053,106733,48740,1.0,1.0
2701611,27053,104172,49955,1.0,1.0
2701701,27037,102206,43437,1.0,1.0
2701702,27037,109617,43935,1.0,1.0
2701703,27037,120691,48639,1.0,1.0
2701704,27037,107368,37458,1.0,1.0
2701800,27139,150928,54658,1.0,1.0
2701900,27019,106922,40380,1.0,1.0
2702001,27171,125120,48176,1.0,1.0
2702100,27067,43732,19950,0.32767379478802955,0.33409810259072564
2702100,27085,36771,15820,0.2755166264554705,0.26493393398422455
2702100,27093,23400,10576,0.1753308057724296,0.1771138613032338
2702100,27129,14723,6913,0.11031604501655902,0.11577043524860584
2702100,27143,14836,6454,0.11116272796751135,0.1080836668732102
2702200,27033,11517,5152,0.09806960327665046,0.09775905580539268
2702200,27063,9989,4891,0.0850583717227109,0.09280658811028254
2702200,27081,5640,3051,0.04802574997658319,0.057892639608356576
2702200,27083,25269,11180,0.2151706872621065,0.21214018709322405
2702200,27101,8179,4388,0.06964585266994218,0.08326217718828864
2702200,27105,22290,8394,0.18980389485426227,0.15927591506802527
2702200,27117,9424,4337,0.08024728152115602,0.08229445361568091
2702200,27127,15425,7086,0.1313470201043964,0.13445665167643878
2702200,27133,9704,4222,0.08263153861219207,0.08011233183431055
2702300,27015,25912,11780,0.25402427308197556,0.24835554056333278
2702300,27043,13921,6916,0.1364723643707233,0.14580873671782763
2702300,27047,30895,14114,0.30287434072505537,0.297562826783606
2702300,27091,20025,9748,0.19631198164813835,0.2055152639568224
2702300,27165,11253,4874,0.1103170401741074,0.1027576319784112
2702400,27013,69112,29169,0.6673232528049746,0.6856840620592384
2702400,27103,34454,13371,0.3326767471950254,0.3143159379407616
2702500,27079,28674,12811,0.18846495119787046,0.20859724822925996
2702500,27131,67097,25018,0.44100693417463604,0.40735976552959374
2702500,27147,37406,15691,0.24585757008117257,0.25549132947976877
2702500,27161,18968,7895,0.12467054454632094,0.1285516567613775
2702600,27049,47582,20864,0.401062036412677,0.3956160643179491
2702600,27157,21387,10158,0.18026803776129469,0.19261253744927756
2702600,27169,49671,21716,0.4186699258260283,0.4117713982327733
2702700,27109,162847,69270,1.0,1.0
2702800,27039,20867,8291,0.20667148672338487,0.19045321939677945
2702800,27045,21228,9583,0.21024691235750295,0.22013185399581928
2702800,27055,18843,8731,0.18662533302960374,0.20056049433762893
2702800,27099,40029,16928,0.39645626788950844,0.38885443226977234
2800100,28033,185314,72079,1.0,1.0
2800200,28003,34740,16159,0.24497394419332774,0.24274790812264335
2800200,28009,7646,4057,0.05391683296782337,0.06094611444108943
2800200,28093,33752,14990,0.23800692470964877,0.22518665404780147
2800200,28117,25008,10972,0.17634739195125906,0.16482641549115928
2800200,28139,21815,9877,0.15383150813406576,0.1483768233509096
2800200,28141,18850,10512,0.1329233980438753,0.15791608454639686
2800300,28027,21390,10162,0.19212287241208964,0.2069232335573203
2800300,28107,33208,14586,0.2982709839673059,0.2970067196090409
2800300,28119,6176,3030,0.05547222346970854,0.06169822846670739
2800300,28135,12715,5450,0.11420487717249742,0.11097536143351659
2800300,28137,28064,11307,0.25206808281313153,0.23023824068417836
2800300,28143,9782,4575,0.08786096016526698,0.09315821624923641
2800400,28013,13266,6720,0.09197936600382728,0.09615522200123056
2800400,28017,17106,7789,0.11860387719444214,0.11145134288208107
2800400,28057,23863,10456,0.16545331003688604,0.14961294661381946
2800400,28071,55813,28208,0.38697756330254873,0.40362299140040353
2800400,28095,34180,16714,0.23698588346229582,0.23915749710246542
2800500,28081,83343,37261,0.5856687092421857,0.5885670057496682
2800500,28115,31184,13928,0.21913649651450415,0.22000379099008024
2800500,28145,27777,12119,0.1951947942433101,0.19142920326025148
2800600,28019,8246,4353,0.04699271686973569,0.05210864646803213
2800600,28025,18636,8985,0.10620376807960154,0.10755713037336749
2800600,28087,58879,26882,0.3355425875058413,0.3217975268443923
2800600,28103,10285,4705,0.05861267196279791,0.05632234818104553
2800600,28105,51788,25372,0.295132042353853,0.30372170415504507
2800600,28155,9926,5066,0.056566784822822756,0.06064378658558483
2800600,28159,17714,8174,0.1009494284053478,0.09784885739253266
2800700,28007,17889,8277,0.15269123747418017,0.14964473612843737
2800700,28015,9998,4914,0.08533774902268731,0.08884308727016325
2800700,28043,21629,10405,0.1846139401492002,0.18811809585796677
2800700,28051,17000,7485,0.1451031939773639,0.13532570374789823
2800700,28083,28339,12632,0.24188702436026563,0.22838133463506355
2800700,28097,9822,5193,0.08383550419092166,0.09388729185876227
2800700,28161,12481,6405,0.10653135082538111,0.11579975050170851
2800800,28011,30985,13628,0.269901830123431,0.2749520831231716
2800800,28053,7785,3528,0.06781299814461547,0.07117925955815596
2800800,28055,1338,439,0.011654950740847205,0.008857056390598205
2800800,28125,3800,1679,0.03310075696204737,0.033874709976798145
2800800,28133,25971,9412,0.22622625238456112,0.1898920609300918
2800800,28151,44922,20879,0.3913032116444979,0.4212448300211843
2800900,28089,109145,46033,0.8031982220652302,0.8152483839546621
2800900,28163,26743,10432,0.1968017779347698,0.18475161604533782
2801001,28029,28368,12380,0.221961410262429,0.21715107610811948
2801001,28049,54716,23179,0.42811761576138835,0.4065706618021084
2801001,28149,44722,21452,0.34992097397618266,0.37627826208977216
2801101,28049,173026,82955,1.0,1.0
2801300,28121,157031,63611,0.8581866870696251,0.8462285486231209
2801300,28127,25949,11559,0.1418133129303749,0.1537714513768791
2801400,28061,16367,8029,0.13880219817497202,0.15784920868966873
2801400,28069,8988,3909,0.07622375250178093,0.07685048658212916
2801400,28079,21275,8979,0.1804250483394959,0.17652609849601889
2801400,28099,29087,12013,0.24667559957936158,0.23617418657229922
2801400,28123,27990,11313,0.23737236676956477,0.22241226776762016
2801400,28129,14209,6622,0.1205010346348248,0.13018775189226384
2801500,28023,15615,7575,0.1420966420966421,0.1511674316503692
2801500,28075,72984,33462,0.6641550641550642,0.6677709040111754
2801500,28101,21291,9073,0.19374829374829375,0.18106166433845539
2801600,28001,29538,14885,0.1677856923758563,0.1740589590373844
2801600,28005,12720,7230,0.07225384274564603,0.08454459347264287
2801600,28021,9135,3906,0.05188984697181419,0.04567512892173486
2801600,28037,7675,4284,0.043596559990002615,0.05009530268835436
2801600,28063,7260,3346,0.04123922156709042,0.03912672334155782
2801600,28077,12016,5717,0.06825488792701907,0.06685220482477168
2801600,28085,34907,15744,0.19828340320143598,0.18410374545412023
2801600,28113,40324,19017,0.2290537700373766,0.2223768373539764
2801600,28147,13884,6834,0.07886575099689853,0.07991393524094624
2801600,28157,8587,4554,0.04877702418686025,0.05325256966451115
2801700,28031,18340,8290,0.14084290716962586,0.14658556423948793
2801700,28041,13530,5104,0.10390428211586902,0.09025002652332284
2801700,28065,11321,5641,0.08694016096332248,0.0997453761007179
2801700,28067,67246,28488,0.5164188732567426,0.5037309474130919
2801700,28153,19779,9031,0.15189377649444,0.15968808572337942
2801800,28035,78158,33490,0.4382724356817621,0.43251969520857547
2801800,28073,64222,27434,0.3601260570172487,0.3543071161048689
2801800,28091,24441,11080,0.1370533611466254,0.14309699083042748
2801800,28111,11511,5426,0.06454814615436377,0.07007619785612812
2801900,28039,24350,10280,0.16806896694528614,0.15873996294008647
2801900,28045,46053,22340,0.3178677673400929,0.3449660284126004
2801900,28109,56145,24641,0.38752493425638973,0.3804972205064855
2801900,28131,18333,7499,0.12653833145823123,0.11579678814082767
2802001,28047,104625,44563,1.0,1.0
2802002,28047,103996,46991,1.0,1.0
2802100,28059,143252,62190,1.0,1.0
2900100,29005,5305,2731,0.048236042916893984,0.05092773892773893
2900100,29061,8430,4123,0.07665030005455538,0.07688578088578088
2900100,29075,6162,2921,0.05602836879432624,0.05447086247086247
2900100,29079,9808,4844,0.08917985088197854,0.09033100233100233
2900100,29081,8157,4019,0.07416803055100928,0.07494638694638694
2900100,29087,4223,2418,0.0383978905255501,0.04509090909090909
2900100,29115,11874,5999,0.10796508456082925,0.11186946386946386
2900100,29117,14557,6350,0.1323604291689398,0.11841491841491841
2900100,29129,3538,1911,0.03216948536097472,0.03563636363636364
2900100,29147,21241,9449,0.19313511547554102,0.1762051282051282
2900100,29171,4681,2835,0.042562284051645756,0.05286713286713287
2900100,29197,4032,1887,0.03666121112929623,0.03518881118881119
2900100,29211,5999,3024,0.054546281142025824,0.056391608391608394
2900100,29227,1973,1114,0.017939625386433896,0.020773892773892775
2900200,29003,18135,7551,0.15913897347245012,0.1507998322449224
2900200,29021,84793,38258,0.7440789069561325,0.7640444950372456
2900200,29063,11029,4264,0.09678211957141729,0.08515567271783196
2900300,29001,25314,11338,0.21219131921742193,0.20355841217975187
2900300,29045,6634,3216,0.055608643900149204,0.05773891811343112
2900300,29103,3744,1934,0.03138359402504652,0.034722346900303416
2900300,29111,10032,4312,0.0840919378363426,0.0774161115998492
2900300,29121,15209,7398,0.1274874683565525,0.13282105603332195
2900300,29127,28525,12847,0.2391071099264028,0.2306504605109607
2900300,29137,8666,4466,0.07264162014451206,0.08018097272841523
2900300,29173,10355,5028,0.08679944341061879,0.09027092048331209
2900300,29199,4716,2210,0.039531257858472064,0.03967755255929191
2900300,29205,6103,2950,0.05115760532448155,0.0529632488913625
2900400,29007,24962,10542,0.16755606570141698,0.1683380173735309
2900400,29113,59574,23366,0.3998872309148392,0.3731157383750639
2900400,29139,11322,5758,0.07599830846372259,0.09194557996934083
2900400,29163,17587,7603,0.11805177980493634,0.12140712825753705
2900400,29219,35532,15355,0.2385066151150849,0.24519353602452734
2900501,29019,42237,17493,0.2578587170861849,0.2526356835446694
2900501,29027,44283,18538,0.2703496358341626,0.2677276797319546
2900501,29051,77279,33211,0.4717916470796525,0.479636636723376
2900601,29019,141373,62343,1.0,1.0
2900700,29033,8495,4364,0.06330764759363867,0.07399494718280007
2900700,29041,7408,3792,0.055206951544870556,0.06429625108092986
2900700,29053,17103,7281,0.12745740986392023,0.12345490614985503
2900700,29089,10151,4368,0.07564872639470585,0.0740627702324635
2900700,29159,42980,18563,0.3203016708151372,0.31474981772555405
2900700,29175,24716,10773,0.18419209157438182,0.18266442850602777
2900700,29195,23333,9836,0.17388550221334564,0.16677687912236974
2900800,29025,8815,4218,0.06289510110307234,0.07070063694267516
2900800,29049,21184,8934,0.1511480228891077,0.14974857525980556
2900800,29101,54013,22601,0.3853832213136978,0.37883003687562855
2900800,29107,32984,14065,0.23534112476276095,0.2357525980556487
2900800,29177,23158,9842,0.16523252993136123,0.16496815286624203
2900901,29047,117393,45490,1.0,1.0
2900902,29047,135942,60129,1.0,1.0
2901000,29165,106718,45307,1.0,1.0
2901101,29095,183021,97536,1.0,1.0
2901102,29095,134039,61824,1.0,1.0
2901103,29095,141808,55923,1.0,1.0
2901104,29095,112860,44779,1.0,1.0
2901105,29095,145476,69517,1.0,1.0
2901200,29013,16042,7189,0.1295109230943116,0.14197969743650513
2901200,29037,107824,43445,0.8704890769056884,0.8580203025634949
2901300,29011,11637,5290,0.0951263773992087,0.09261853070943343
2901300,29039,14188,6930,0.11597946571624759,0.12133202605224455
2901300,29057,7569,3775,0.0618726089657653,0.06609356397506828
2901300,29083,21946,10693,0.1793970506490534,0.18721549128090204
2901300,29109,38001,16219,0.3106382630873361,0.28396596400308144
2901300,29185,9284,5288,0.07589183533335513,0.09258351425169829
2901300,29217,19707,8921,0.1610943988490338,0.15619090972757196
2901400,29015,19394,13551,0.1726950544068672,0.24242370031128127
2901400,29059,17071,7588,0.15200975939876404,0.13574725392679524
2901400,29085,8279,5464,0.07372085982440206,0.09774947225303231
2901400,29105,36039,15908,0.32091147085537214,0.2845897885434184
2901400,29167,31519,13387,0.2806628555145946,0.23948978496547282
2901500,29029,42745,39473,0.4112231350893733,0.5389614822703751
2901500,29131,24722,12476,0.23783502972697362,0.17034640014200084
2901500,29135,15473,6180,0.14885613684028245,0.08438127227296932
2901500,29141,21006,15110,0.2020856983433706,0.20631084531465477
2901600,29073,14794,7577,0.10950974513853419,0.13104235485377286
2901600,29125,8432,4263,0.06241626139030149,0.07372753843759187
2901600,29151,13274,6492,0.09825823691827111,0.11227754622023141
2901600,29161,44638,20174,0.3304242262737522,0.3489043773023642
2901600,29169,53955,19315,0.39939153027914104,0.3340481831860397
2901700,29055,23056,11378,0.18049444957647684,0.20083667237392547
2901700,29071,104682,45275,0.8195055504235231,0.7991633276260746
2901801,29183,115485,45329,1.0,1.0
2901802,29183,153169,57475,1.0,1.0
2901803,29183,136608,58340,1.0,1.0
2901901,29189,123853,54656,1.0,1.0
2901902,29189,117067,53294,1.0,1.0
2901903,29189,164138,79752,1.0,1.0
2901904,29189,107956,43529,1.0,1.0
2901905,29189,103323,47914,1.0,1.0
2901906,29189,119912,47906,1.0,1.0
2901907,29189,161375,72489,1.0,1.0
2901908,29189,106501,45113,1.0,1.0
2902001,29510,126144,76078,1.0,1.0
2902002,29510,175434,97401,1.0,1.0
2902101,29099,112870,45979,1.0,1.0
2902102,29099,113869,46406,1.0,1.0
2902200,29157,18956,8464,0.14824315130092047,0.15081967213114755
2902200,29186,18479,8301,0.144512829335815,0.1479151817533856
2902200,29187,66922,28636,0.5233555692846698,0.510263720598717
2902200,29221,23514,10719,0.18388845007859483,0.1910014255167498
2902300,29031,81710,35696,0.682229959338393,0.6806757942107471
2902300,29201,38059,16746,0.3177700406616069,0.3193242057892529
2902400,29017,10567,5037,0.09418507228550546,0.09597027722206344
2902400,29069,28283,13409,0.25209012959694815,0.2554825188148995
2902400,29133,12577,5283,0.11210046883077526,0.10065733066590454
2902400,29143,16434,7870,0.14647842130595218,0.14994760407735544
2902400,29155,15661,7484,0.13958856979874146,0.14259312184433648
2902400,29207,28672,13402,0.2555573381820775,0.2553491473754406
2902500,29023,42130,19287,0.3549403518231448,0.3352570008169793
2902500,29035,5202,2675,0.04382624519781627,0.046498287820055974
2902500,29065,14421,6819,0.12149524836557256,0.11853152323176137
2902500,29093,9537,4688,0.0803481161959965,0.08148933581324201
2902500,29123,12626,5832,0.1063725820583676,0.10137495871647344
2902500,29179,6096,3461,0.051358091258340635,0.06016096229727615
2902500,29181,10679,5145,0.08996933342319877,0.08943315545203288
2902500,29203,7031,3513,0.059235357552065784,0.06106485424742304
2902500,29223,10974,6109,0.09245467412549707,0.10618992160475586
2902600,29067,11578,5346,0.10412713259166659,0.10263794493721921
2902600,29091,39750,18048,0.3574929625599194,0.3465038590024191
2902600,29149,8635,4316,0.0776591630617586,0.08286295741658027
2902600,29153,8553,5025,0.0769216933025155,0.09647506047690359
2902600,29215,24487,11004,0.22022465847055966,0.2112659831816611
2902600,29229,18188,8347,0.16357439001358023,0.16025419498521676
2902701,29043,88842,35134,0.523240199773841,0.5217946623498136
2902701,29077,41865,16979,0.24656638710893328,0.2521646146763103
2902701,29225,39085,15220,0.23019341311722577,0.22604072297387612
2902702,29077,124577,58939,1.0,1.0
2902703,29077,132473,60532,1.0,1.0
2902800,29009,34534,16990,0.2382000151746115,0.2233293022766707
2902800,29119,23303,9760,0.1607336234902986,0.12829275987170724
2902800,29209,31076,19935,0.21434828492402347,0.2620405909879594
2902800,29213,56066,29391,0.3867180764110664,0.38633734686366267
2902900,29097,122761,52739,0.6767084323269518,0.6821844804615246
2902900,29145,58648,24570,0.3232915676730482,0.3178155195384755
3000100,30029,104357,49875,0.7572417496299306,0.7537403657246486
3000100,30035,13778,5342,0.09997677996110643,0.08073144929726463
3000100,30053,19677,10953,0.14278147040896294,0.16552818497808675
3000200,30047,31134,16390,0.18756438602092884,0.20412229902235507
3000200,30061,4535,2563,0.02732075835436861,0.03191979575316022
3000200,30063,117922,54542,0.7104120102897145,0.6792701911700604
3000200,30089,12400,6800,0.07470284533498804,0.08468771405442431
3000300,30001,9371,4918,0.08010976516751156,0.08115511551155115
3000300,30023,9421,5493,0.0805371996204382,0.09064356435643564
3000300,30039,3309,2601,0.02828761209468528,0.042920792079207924
3000300,30057,8623,6379,0.07371534575172897,0.10526402640264027
3000300,30077,6946,2900,0.05937919420056934,0.04785478547854786
3000300,30081,44174,21062,0.3776297904716312,0.34755775577557757
3000300,30093,35133,17247,0.30034109269343545,0.2846039603960396
3000400,30031,118960,52835,1.0,1.0
3000500,30013,84414,38937,0.5432500788354239,0.5367955222234476
3000500,30049,70973,33599,0.4567499211645762,0.4632044777765523
3000600,30005,7044,2824,0.05399066430591644,0.04300420296034598
3000600,30007,6774,3172,0.05192117546965899,0.04830358774441128
3000600,30009,10473,6359,0.08027317252638598,0.09683559724675642
3000600,30015,5895,2843,0.04518383959162087,0.04329353718706219
3000600,30027,11446,6013,0.0877309971103804,0.0915666686970823
3000600,30037,823,474,0.006308108563851395,0.00721812755070963
3000600,30041,16309,7223,0.12500479048341726,0.10999269050374612
3000600,30043,12085,5375,0.09262878735618969,0.08185112992629591
3000600,30045,2023,1248,0.015505836724995593,0.01900469026009624
3000600,30051,1959,933,0.015015291223067903,0.014207833343485412
3000600,30059,1927,1352,0.014770018472104057,0.020588414448437595
3000600,30067,17191,9554,0.13176512068185825,0.14548943168666625
3000600,30069,496,333,0.0038017276399396017,0.005070963026131449
3000600,30071,4217,2229,0.03232234971295423,0.03394347322896997
3000600,30073,5898,2759,0.04520683391202373,0.04201437534263264
3000600,30095,8963,4659,0.06869936459027953,0.07094779801425352
3000600,30097,3678,1949,0.028191036813906965,0.02967960041420479
3000600,30099,6226,2935,0.04772087960940315,0.04469452396905647
3000600,30101,4971,2320,0.03810158890753984,0.03532923189376865
3000600,30107,2069,1114,0.015858416304506122,0.01696412255588719
3000700,30003,13124,4522,0.08836698829090273,0.06718469104253644
3000700,30011,1415,817,0.009527528835082852,0.012138410566508684
3000700,30017,11867,5776,0.07990331073210474,0.08581573981903814
3000700,30019,1661,1043,0.01118390487284284,0.015496159389068002
3000700,30021,8940,4382,0.06019512917713124,0.06510466964803066
3000700,30025,3049,1526,0.020529636337927645,0.022672233200112916
3000700,30033,1173,795,0.00789808574102628,0.011811550061657777
3000700,30055,1729,1025,0.011641764915800885,0.01522872806691726
3000700,30065,4730,2633,0.031848205929287554,0.039119259512383556
3000700,30075,1694,971,0.011406101658396008,0.014426434100465034
3000700,30079,1088,671,0.007325760687328723,0.009969245397952665
3000700,30083,11491,5566,0.07737161402398379,0.08269570772727948
3000700,30085,10794,4065,0.07267854858366382,0.0603949069190426
3000700,30087,8329,3780,0.056081122026434685,0.056160577651655844
3000700,30091,3539,2128,0.023828921941595912,0.031616325196487736
3000700,30103,762,448,0.005130725775500448,0.006656068462418471
3000700,30105,7578,4229,0.05102446184611863,0.06283150340974936
3000700,30109,937,518,0.006309042062524829,0.007696079159671357
3000700,30111,54617,22412,0.3677491465623464,0.33298171066902404
3000800,30111,110114,49392,1.0,1.0
3100100,31007,674,327,0.006385236272689378,0.006206229004156466
3100100,31013,10842,5234,0.10271325173367692,0.09933762265368483
3100100,31015,1810,1226,0.017147296221910645,0.02326861394218907
3100100,31017,2903,1642,0.027501989465307516,0.031164000075917176
3100100,31031,5455,2979,0.051678729773769375,0.05653931560667312
3100100,31033,9468,4891,0.08969646443593922,0.09282772495207728
3100100,31045,8199,4002,0.07767440979195878,0.0759551329499516
3100100,31049,1838,1048,0.01741255826291258,0.019890299683045797
3100100,31069,1874,1181,0.017753609458486492,0.02241454573060791
3100100,31089,10127,4893,0.09593959604380613,0.09286568353925867
3100100,31103,769,496,0.007285232483231649,0.009413729620983507
3100100,31105,3434,1805,0.032532494600022735,0.03425762493120006
3100100,31123,4555,2272,0.04315244988442154,0.043120955038053486
3100100,31149,1262,795,0.011955739133729963,0.01508853840460058
3100100,31157,36084,16494,0.3418469816969192,0.313044468484883
3100100,31161,5127,2699,0.04857137443631816,0.05122511340127921
3100100,31165,1135,705,0.010752586304899768,0.01338040198143825
3100200,31003,6295,3112,0.034056481281107984,0.039701473496204634
3100200,31011,5379,2554,0.029100843973165983,0.03258276455954583
3100200,31021,6722,3324,0.036366587318762175,0.042406072590419085
3100200,31027,8380,3900,0.045336507249513096,0.049754417299228165
3100200,31037,10582,3976,0.05724951309240424,0.05072399055941826
3100200,31039,9013,4123,0.0487610906730145,0.05259934936531224
3100200,31043,21582,7765,0.11676044146288682,0.09906232059705301
3100200,31051,5606,2520,0.030328933131356848,0.03214900810103974
3100200,31107,8391,4502,0.04539601817788357,0.05743445812336544
3100200,31119,35585,15094,0.19251785327851115,0.19256235249091025
3100200,31125,3380,1610,0.018286085262930102,0.020539644064553168
3100200,31139,7317,3118,0.03958558753516555,0.03977801875358806
3100200,31141,34296,14094,0.18554425449037004,0.17980480959367226
3100200,31167,5842,2460,0.03160571304912357,0.03138355552720546
3100200,31173,6773,2283,0.03664250162302532,0.029125470434394337
3100200,31179,9697,3950,0.05246158840077905,0.05039229444409007
3100300,31009,431,299,0.003923782125397158,0.006187145635889583
3100300,31041,10545,5310,0.09600065548100471,0.10987874022265447
3100300,31071,1813,1053,0.01650537585462888,0.02178951289161114
3100300,31077,2188,1189,0.0199193394208097,0.0246037329801763
3100300,31079,62895,25159,0.5725899693198474,0.520610023589786
3100300,31081,9429,4088,0.08584069990805059,0.08459214501510574
3100300,31093,6475,2865,0.05894777090938885,0.05928485701278815
3100300,31115,607,419,0.005526069025791357,0.008670281008152961
3100300,31121,7668,3548,0.06980872700126545,0.07341803583992054
3100300,31163,2959,1789,0.02693844851287747,0.03701940984149319
3100300,31175,4059,2104,0.036952741640341215,0.04353764019368456
3100300,31183,774,503,0.007046420800597216,0.010408475768737326
3100400,31005,434,226,0.004242880466130278,0.004513861148837581
3100400,31029,3893,1850,0.03805883330563404,0.036949748342254535
3100400,31047,24111,9792,0.23571449520476298,0.19557401933370616
3100400,31057,1654,1008,0.016169871638201567,0.02013261963729328
3100400,31063,2519,1395,0.024626303903645553,0.027862107533754094
3100400,31065,4636,2518,0.045322566453870894,0.050291603419349684
3100400,31073,1893,1148,0.018506388761254877,0.02292881680913957
3100400,31075,611,362,0.0059732718083078335,0.007230166972916833
3100400,31085,856,442,0.008368446264994282,0.008827993928257569
3100400,31087,2616,1571,0.025574597464047943,0.03137732683550371
3100400,31091,711,408,0.006950894035526792,0.008148917472237756
3100400,31101,8335,5342,0.08148481263870015,0.10669489494287769
3100400,31111,34676,16526,0.3390002835104459,0.33007110329951267
3100400,31113,716,367,0.0069997751468877396,0.0073300311576256294
3100400,31117,399,232,0.0039007126866036426,0.004633698170488136
3100400,31135,2858,1345,0.02794044325391782,0.026863465686666133
3100400,31145,10702,5157,0.10462513075697288,0.10299992010865223
3100400,31171,669,379,0.006540292700094829,0.00756970520092674
3100500,31001,31205,13806,0.2678517780963254,0.2648328249985613
3100500,31019,50084,20947,0.4299018892541695,0.4018146592238783
3100500,31035,6104,2817,0.05239440004806826,0.05403694538758128
3100500,31061,2889,1527,0.02479807040282916,0.029291592334695287
3100500,31083,3073,1915,0.026377455987502255,0.03673438069478813
3100500,31099,6688,2966,0.057407232555943724,0.056895129577410754
3100500,31129,4095,2216,0.03514991287628432,0.04250829640712819
3100500,31137,8968,4149,0.07697788001819728,0.0795879610980031
3100500,31181,3395,1788,0.029141380760680166,0.034298210277953614
3100600,31023,8369,4028,0.06072016774408869,0.06425677184698338
3100600,31059,5551,2718,0.040274543093253234,0.043358963723957505
3100600,31067,21704,10327,0.15747048879408543,0.16474172861563985
3100600,31095,7240,3665,0.052528858222870366,0.05846600516861819
3100600,31097,5290,2093,0.03838089226505307,0.03338863542098714
3100600,31127,7074,3312,0.051324467274666434,0.05283476374310053
3100600,31131,15912,6941,0.11544740221578913,0.11072647800146763
3100600,31133,2544,1402,0.018457654049583178,0.02236544044922311
3100600,31143,5214,2524,0.03782948436105609,0.040264173818715505
3100600,31147,7871,4083,0.05710699489947689,0.06513416073764478
3100600,31151,14292,5714,0.103693707420064,0.09115272947707623
3100600,31159,17609,7061,0.1277597602826691,0.11264078103563795
3100600,31169,5034,2498,0.036523518272642184,0.03984940816131194
3100600,31185,14125,6320,0.1024820611047022,0.10081995979963629
3100701,31025,26598,11623,0.24879335503423505,0.25061451550304026
3100701,31053,37167,16191,0.3476540576944663,0.34910949156927856
3100701,31155,22278,9987,0.20838477943652486,0.21533916943378326
3100701,31177,20865,8577,0.19516780783477383,0.18493682349389798
3100702,31153,190604,73081,1.0,1.0
3100801,31109,171287,73025,1.0,1.0
3100802,31109,151321,62459,1.0,1.0
3100901,31055,196880,82699,1.0,1.0
3100902,31055,159143,64961,1.0,1.0
3100903,31055,114458,47987,1.0,1.0
3100904,31055,114045,49403,1.0,1.0
3200101,32031,157689,61297,1.0,1.0
3200102,32031,195423,88015,1.0,1.0
3200103,32031,133380,57897,1.0,1.0
3200200,32001,25516,10772,0.1408206628218218,0.13316520793156308
3200200,32007,53702,21770,0.29637683159027567,0.2691242644513673
3200200,32009,729,537,0.004023289825878198,0.006638480937546358
3200200,32011,1855,962,0.010237589337454124,0.011892399742867033
3200200,32013,17285,7658,0.09539446452716686,0.09466943579093112
3200200,32015,5734,2798,0.03164546483070725,0.034589328981852345
3200200,32017,4499,2203,0.024829603465879303,0.0272338426544034
3200200,32021,4554,2586,0.025133143850547754,0.03196855066013945
3200200,32023,51591,25191,0.284726399735092,0.311415220293725
3200200,32027,6650,2278,0.03670079196445818,0.028161004796518816
3200200,32033,9080,4137,0.05011175805071884,0.05114226375908619
3200300,32005,49488,24309,0.28861698529154467,0.32299597401044366
3200300,32019,59235,24401,0.34546207411381846,0.3242183866810167
3200300,32029,4104,1987,0.023934774240957392,0.02640145626552929
3200300,32510,58639,24564,0.34198616635367945,0.3263841830430103
3200401,32003,141403,50793,1.0,1.0
3200402,32003,162012,58281,1.0,1.0
3200403,32003,215691,69849,1.0,1.0
3200404,32003,154784,60331,1.0,1.0
3200405,32003,159900,70994,1.0,1.0
3200406,32003,141840,54780,1.0,1.0
3200407,32003,132429,50971,1.0,1.0
3200408,32003,160272,62059,1.0,1.0
3200409,32003,158332,85696,1.0,1.0
3200410,32003,107325,44950,1.0,1.0
3200411,32003,135714,57400,1.0,1.0
3200412,32003,163143,67759,1.0,1.0
3200413,32003,113706,48857,1.0,1.0
3200414,32003,125552,55513,1.0,1.0
3200415,32003,193358,79423,1.0,1.0
3300100,33007,31268,20444,0.1889887518208028,0.21963666054296796
3300100,33009,91118,50840,0.5507316454013019,0.5461909519665668
3300100,33019,43063,21797,0.2602796027778953,0.2341723874904653
3300201,33001,63705,38252,0.47214419649143613,0.43680129720347594
3300201,33003,50107,39670,0.3713637744854625,0.4529935025635755
3300201,33013,21115,9651,0.1564920290231014,0.11020520023294851
3300301,33015,19300,8781,0.12850475068080885,0.13616697939119513
3300301,33017,130889,55706,0.8714952493191912,0.8638330206088048
3300401,33013,117822,50129,1.0,1.0
3300501,33005,76458,35612,0.7007487924919118,0.7073592213725296
3300501,33011,32651,14733,0.29925120750808826,0.29264077862747045
3300601,33011,115644,51438,1.0,1.0
3300602,33011,105194,41046,1.0,1.0
3300603,33011,112349,47651,1.0,1.0
3300701,33011,57099,20703,0.3399235605086441,0.3265405908424157
3300701,33013,14871,5785,0.0885305043577654,0.09124461759278245
3300701,33015,96006,36913,0.5715459351335905,0.5822147915648018
3300801,33015,198870,89644,1.0,1.0
3400101,34001,145982,79973,1.0,1.0
3400102,34001,118083,46476,1.0,1.0
3400301,34003,109278,43015,1.0,1.0
3400302,34003,125216,51315,1.0,1.0
3400303,34003,136342,59283,1.0,1.0
3400304,34003,129504,49037,1.0,1.0
3400305,34003,126560,45993,1.0,1.0
3400306,34003,104617,39188,1.0,1.0
3400307,34003,117748,41570,1.0,1.0
3400308,34003,106467,37982,1.0,1.0
3400501,34031,143175,48279,1.0,1.0
3400502,34031,114166,42964,1.0,1.0
3400503,34031,159732,52885,1.0,1.0
3400504,34031,107045,41239,1.0,1.0
3400601,34017,165889,80390,1.0,1.0
3400602,34017,126560,50602,1.0,1.0
3400603,34017,146205,65746,1.0,1.0
3400604,34017,150471,61335,1.0,1.0
3400605,34017,135729,54633,1.0,1.0
3400800,34019,128947,51687,1.0,1.0
3400901,34023,131871,54187,1.0,1.0
3400902,34023,118048,44149,1.0,1.0
3400903,34023,118725,41850,1.0,1.0
3400904,34023,115411,42872,1.0,1.0
3400905,34023,114925,41603,1.0,1.0
3400906,34023,153990,51404,1.0,1.0
3400907,34023,110192,39456,1.0,1.0
3401001,34035,111214,43007,1.0,1.0
3401002,34035,113861,43742,1.0,1.0
3401003,34035,120286,45073,1.0,1.0
3401101,34025,103643,53466,1.0,1.0
3401102,34025,111349,40651,1.0,1.0
3401103,34025,114319,52302,1.0,1.0
3401104,34025,107026,45243,1.0,1.0
3401105,34025,100778,39260,1.0,1.0
3401106,34025,106500,37990,1.0,1.0
3401201,34029,124032,74312,1.0,1.0
3401202,34029,159890,83327,1.0,1.0
3401203,34029,135158,34726,1.0,1.0
3401204,34029,114367,52508,1.0,1.0
3401205,34029,103782,49556,1.0,1.0
3401401,34013,121470,49024,1.0,1.0
3401402,34013,105344,40559,1.0,1.0
3401403,34013,113124,43890,1.0,1.0
3401404,34013,108182,39313,1.0,1.0
3401405,34013,104059,43947,1.0,1.0
3401406,34013,156404,58317,1.0,1.0
3401407,34013,155145,59846,1.0,1.0
3401501,34027,132976,52564,1.0,1.0
3401502,34027,131809,50412,1.0,1.0
3401503,34027,118299,45140,1.0,1.0
3401504,34027,126201,49606,1.0,1.0
3401600,34037,144221,62709,1.0,1.0
3401700,34041,109632,46457,1.0,1.0
3401901,34039,104578,37780,1.0,1.0
3401902,34039,102153,39471,1.0,1.0
3401903,34039,118360,40152,1.0,1.0
3401904,34039,112956,44066,1.0,1.0
3401905,34039,137298,48439,1.0,1.0
3402001,34005,164141,65605,1.0,1.0
3402002,34005,161555,67558,1.0,1.0
3402003,34005,136164,51612,1.0,1.0
3402101,34007,127071,48892,1.0,1.0
3402102,34007,106579,47950,1.0,1.0
3402103,34007,169465,67909,1.0,1.0
3402104,34007,120370,48008,1.0,1.0
3402201,34015,131681,53402,1.0,1.0
3402202,34015,170613,63806,1.0,1.0
3402301,34021,128135,49959,1.0,1.0
3402302,34021,115487,43174,1.0,1.0
3402303,34021,143718,57309,1.0,1.0
3402401,34011,113103,42694,1.0,1.0
3402501,34011,41049,14425,0.3876716468654969,0.3419218735185361
3402501,34033,64837,27763,0.6123283531345032,0.6580781264814639
3402601,34001,10469,5589,0.09901448946392767,0.053129901611293315
3402601,34009,95263,99606,0.9009855105360723,0.9468700983887067
3500100,35006,27172,11099,0.22429690531025318,0.2558611309619862
3500100,35031,72902,25057,0.6017846677067598,0.5776297286705548
3500100,35045,21069,7223,0.17391842698298704,0.1665091403674589
3500200,35045,100592,40521,1.0,1.0
3500300,35028,19419,8634,0.15453481987251413,0.12941229371824273
3500300,35033,4189,2866,0.03333572070889138,0.04295756703688715
3500300,35039,40363,19545,0.32120546549844425,0.29295381986600116
3500300,35047,27201,14768,0.21646334184830615,0.2213528785766746
3500300,35055,34489,20904,0.2744606520718441,0.3133234408021943
3500400,35005,65157,26658,0.39537734303415717,0.3452840452814548
3500400,35007,12387,9503,0.07516520325005917,0.12308628863041733
3500400,35009,48430,21102,0.2938767089206721,0.273320726368417
3500400,35011,1698,1125,0.0103035856235247,0.014571406367380774
3500400,35019,4452,2187,0.027015054885707872,0.028326813978188224
3500400,35021,657,600,0.003986723059278992,0.007771416729269746
3500400,35037,8746,5471,0.05307135445426798,0.07086236820972464
3500400,35041,19191,8483,0.11645236260368817,0.10987488019065876
3500400,35059,4079,2077,0.024751664168643845,0.02690205424448877
3500500,35043,0,0,0.0,0.0
3500500,35049,144474,72321,1.0,1.0
3500600,35043,148834,58603,1.0,1.0
3500701,35001,129990,52012,1.0,1.0
3500702,35001,100999,50097,1.0,1.0
3500703,35001,100928,47973,1.0,1.0
3500704,35001,102247,49486,1.0,1.0
3500705,35001,105290,48976,1.0,1.0
3500706,35001,112750,39545,1.0,1.0
3500800,35001,24240,11362,0.19262708699210895,0.2143126603289573
3500800,35049,10349,4556,0.08224000508586368,0.08593632111060812
3500800,35057,15045,7169,0.11955752985958248,0.13522332880639806
3500800,35061,76205,29929,0.6055753780624449,0.5645276897540366
3500900,35003,3579,3231,0.02014658200486355,0.03331752186107903
3500900,35017,28185,14584,0.1586564442042691,0.15038772479788814
3500900,35023,4178,2190,0.02351841844546519,0.022582907111037782
3500900,35027,20269,17624,0.11409641538322976,0.18173568718033328
3500900,35029,25427,11508,0.14313136089345221,0.11866853654512456
3500900,35035,67839,32210,0.3818731423939476,0.3321440356376836
3500900,35051,11576,8056,0.06516256867513284,0.08307210031347963
3500900,35053,16595,7573,0.09341506799963974,0.07809148655337403
3501001,35013,103761,38814,1.0,1.0
3501002,35013,115800,50990,1.0,1.0
3501100,35015,62314,26277,0.45561494198246677,0.48457410515057076
3501100,35025,74455,27950,0.5443850580175332,0.5154258948494292
3600100,36089,108505,51612,1.0,1.0
3600200,36019,79843,37315,0.469979868853231,0.39039777363938816
3600200,36031,37381,25123,0.22003578870536714,0.2628423761796154
3600200,36033,47555,25318,0.27992300719305885,0.26488250925906554
3600200,36041,5107,7826,0.030061335248343007,0.08187734092193091
3600300,36113,65737,39928,0.5174552696416062,0.5792879319850274
3600300,36115,61302,28998,0.4825447303583939,0.4207120680149726
3600401,36043,54200,29647,0.4935933046162813,0.5216327966921791
3600401,36065,55607,27188,0.5064066953837187,0.4783672033078209
3600402,36065,164365,72436,1.0,1.0
3600403,36043,5939,2688,0.05585441549891846,0.04953012714206744
3600403,36065,12153,5295,0.11429511896924668,0.09756771697070205
3600403,36077,58524,29838,0.550399699050127,0.5498065229408513
3600403,36095,29714,16449,0.2794507664817079,0.3030956329463792
3600500,36045,116721,61604,0.814504930113117,0.7993460320755696
3600500,36049,26582,15464,0.18549506988688305,0.20065396792443038
3600600,36075,117525,54470,1.0,1.0
3600701,36067,148626,66797,1.0,1.0
3600702,36067,128516,55683,1.0,1.0
3600703,36067,164828,72766,1.0,1.0
3600704,36011,76248,36660,0.6881961117027998,0.694884091210645
3600704,36067,34546,16097,0.3118038882972002,0.30511590878935496
3600800,36099,33814,16096,0.22562070046907007,0.22546575150581313
3600800,36117,91283,42257,0.6090771396734525,0.5919176355231826
3600800,36123,24774,13037,0.16530215985747743,0.18261661297100434
3600901,36055,136023,60237,1.0,1.0
3600902,36055,105871,52871,1.0,1.0
3600903,36055,105242,47107,1.0,1.0
3600904,36055,126093,56324,1.0,1.0
3600905,36055,104966,44068,1.0,1.0
3600906,36055,181248,75655,1.0,1.0
3601000,36037,58388,26013,0.41926728037799255,0.41682156133828996
3601000,36073,40343,18209,0.28969137309531673,0.291773490578131
3601000,36121,40531,18186,0.2910413465266907,0.29140494808357903
3601101,36063,105708,52399,1.0,1.0
3601102,36063,106958,47757,1.0,1.0
3601201,36029,109154,51307,1.0,1.0
3601202,36029,129595,54435,1.0,1.0
3601203,36029,113381,48625,1.0,1.0
3601204,36029,155326,73175,1.0,1.0
3601205,36029,157444,74588,1.0,1.0
3601206,36029,120905,61762,1.0,1.0
3601207,36029,168431,74855,1.0,1.0
3601300,36051,61834,27113,0.3547724508296422,0.3401967427037065
3601300,36069,112458,52585,0.6452275491703577,0.6598032572962935
3601500,36023,46809,20814,0.4076551273677335,0.4052175605957364
3601500,36053,68016,30551,0.5923448726322665,0.5947824394042636
3601600,36035,53324,28087,0.5184335381504239,0.5513308731155779
3601600,36057,49532,22857,0.48156646184957613,0.4486691268844221
3601700,36093,158061,70794,1.0,1.0
3601801,36091,115247,54520,1.0,1.0
3601802,36091,120262,55399,1.0,1.0
3601900,36083,161130,74197,1.0,1.0
3602001,36001,107800,52220,1.0,1.0
3602002,36001,207048,93911,1.0,1.0
3602100,36021,61570,33226,0.5622779700642003,0.5345926116617326
3602100,36039,47931,28926,0.4377220299357997,0.46540738833826745
3602201,36007,129527,60612,1.0,1.0
3602204,36007,69156,31957,0.4303851036817605,0.37107524384579654
3602204,36017,47220,24210,0.2938687112593662,0.28111936832326984
3602204,36025,44308,29953,0.2757461850588733,0.34780538783093357
3602300,36109,105740,46884,1.0,1.0
3602403,36015,70487,32994,0.5451894592734108,0.546222104496391
3602403,36101,24629,12030,0.19049571115872194,0.19915899609297397
3602403,36107,34173,15380,0.26431482956786734,0.25461889941063504
3602404,36015,13661,5991,0.11900240426495697,0.10452578686579664
3602404,36097,17898,9621,0.15591135579636922,0.1678588875706609
3602404,36101,68955,35297,0.6006742395205408,0.615831530462698
3602404,36107,14282,6407,0.12441200041813304,0.11178379510084444
3602500,36003,46456,23454,0.37616803510988034,0.3687387982265824
3602500,36009,77042,40152,0.6238319648901197,0.6312612017734176
3602600,36013,127657,66247,1.0,1.0
3602701,36105,78624,49125,0.6972685349414686,0.7096117178020455
3602701,36111,34136,20103,0.3027314650585314,0.2903882821979546
3602702,36111,147715,65750,1.0,1.0
3602803,36027,114933,48740,1.0,1.0
3602804,36027,143259,58922,1.0,1.0
3602805,36027,37719,14347,0.2786013428172572,0.2724717500712183
3602805,36079,97668,38308,0.7213986571827428,0.7275282499287817
3602901,36071,124926,48846,1.0,1.0
3602902,36071,129612,50166,1.0,1.0
3602903,36071,146772,47867,1.0,1.0
3603001,36087,106384,36834,1.0,1.0
3603002,36087,109337,38836,1.0,1.0
3603003,36087,122608,32398,1.0,1.0
3603102,36119,152473,56889,1.0,1.0
3603103,36119,139687,53000,1.0,1.0
3603110,36119,146109,55583,1.0,1.0
3603111,36119,113650,43312,1.0,1.0
3603112,36119,211569,85528,1.0,1.0
3603113,36119,121612,49250,1.0,1.0
3603114,36119,119357,45401,1.0,1.0
3603201,36059,118149,43410,1.0,1.0
3603202,36059,114990,41506,1.0,1.0
3603203,36059,106221,35987,1.0,1.0
3603204,36059,119490,40319,1.0,1.0
3603205,36059,118668,38524,1.0,1.0
3603206,36059,154180,43787,1.0,1.0
3603207,36059,114103,38462,1.0,1.0
3603208,36059,108486,38215,1.0,1.0
3603209,36059,105022,36154,1.0,1.0
3603210,36059,109227,39281,1.0,1.0
3603211,36059,115026,37888,1.0,1.0
3603212,36059,112212,43199,1.0,1.0
3603301,36103,101400,36987,1.0,1.0
3603302,36103,102727,36086,1.0,1.0
3603303,36103,116296,41415,1.0,1.0
3603304,36103,118528,42376,1.0,1.0
3603305,36103,161127,99096,1.0,1.0
3603306,36103,133185,50461,1.0,1.0
3603307,36103,125701,48250,1.0,1.0
3603308,36103,108795,37653,1.0,1.0
3603309,36103,102493,38776,1.0,1.0
3603310,36103,130712,33014,1.0,1.0
3603311,36103,106733,39556,1.0,1.0
3603312,36103,101006,36429,1.0,1.0
3603313,36103,117217,38841,1.0,1.0
3604103,36061,163141,82589,1.0,1.0
3604104,36061,129265,82889,1.0,1.0
3604107,36061,224344,127870,1.0,1.0
3604108,36061,231983,138922,1.0,1.0
3604109,36061,110458,44900,1.0,1.0
3604110,36061,130440,61629,1.0,1.0
3604111,36061,125771,54738,1.0,1.0
3604112,36061,188800,78300,1.0,1.0
3604121,36061,170835,100395,1.0,1.0
3604165,36061,219214,141694,1.0,1.0
3604204,36005,151523,54431,1.0,1.0
3604205,36005,135880,46946,1.0,1.0
3604207,36005,141945,51354,1.0,1.0
3604208,36005,101619,42911,1.0,1.0
3604209,36005,186667,68000,1.0,1.0
3604210,36005,132351,55318,1.0,1.0
3604211,36005,121824,45628,1.0,1.0
3604212,36005,160741,59856,1.0,1.0
3604221,36005,159561,56296,1.0,1.0
3604263,36005,180543,66290,1.0,1.0
3604301,36047,204125,89974,1.0,1.0
3604302,36047,127650,65710,1.0,1.0
3604303,36047,173842,72623,1.0,1.0
3604304,36047,120747,47292,1.0,1.0
3604305,36047,201682,72938,1.0,1.0
3604306,36047,116586,54684,1.0,1.0
3604307,36047,133706,45939,1.0,1.0
3604308,36047,108805,49731,1.0,1.0
3604309,36047,100103,40871,1.0,1.0
3604310,36047,134319,55045,1.0,1.0
3604311,36047,198527,71001,1.0,1.0
3604312,36047,210432,64309,1.0,1.0
3604313,36047,113451,48820,1.0,1.0
3604314,36047,162410,61732,1.0,1.0
3604315,36047,163346,64571,1.0,1.0
3604316,36047,102095,38649,1.0,1.0
3604317,36047,160243,61364,1.0,1.0
3604318,36047,204005,72401,1.0,1.0
3604401,36081,193031,90546,1.0,1.0
3604402,36081,137718,60696,1.0,1.0
3604403,36081,178855,58912,1.0,1.0
3604404,36081,181730,58072,1.0,1.0
3604405,36081,179294,69946,1.0,1.0
3604406,36081,119706,56120,1.0,1.0
3604407,36081,270930,103229,1.0,1.0
3604408,36081,157986,58218,1.0,1.0
3604409,36081,151876,50622,1.0,1.0
3604410,36081,130378,43508,1.0,1.0
3604411,36081,122366,47439,1.0,1.0
3604412,36081,257759,84633,1.0,1.0
3604413,36081,199648,66410,1.0,1.0
3604414,36081,124187,47982,1.0,1.0
3604501,36085,189663,69066,1.0,1.0
3604502,36085,141591,51980,1.0,1.0
3604503,36085,164493,62646,1.0,1.0
3700100,37009,26577,16935,0.20158219687201348,0.20338189198602089
3700100,37011,17806,13827,0.13505559685077592,0.166056180719853
3700100,37121,14903,8638,0.11303681679586171,0.1037385759064215
3700100,37189,54086,32637,0.41023346126424054,0.39195599697359096
3700100,37199,18470,11230,0.14009192821710836,0.13486735441411363
3700200,37005,10888,7666,0.07346035515733794,0.10552397208418793
3700200,37171,71359,33436,0.4814527446429535,0.46025300425344473
3700200,37193,65969,31545,0.44508690019970854,0.4342230236623673
3700300,37157,91096,43431,0.6717201510146296,0.6724001795915839
3700300,37169,44520,21160,0.32827984898537044,0.327599820408416
3700400,37033,22736,10444,0.18510889476898026,0.19727248687242643
3700400,37077,60992,24214,0.49657642987991046,0.4573684409353632
3700400,37145,39097,18284,0.3183146753511093,0.34535907219221035
3700500,37069,68573,29358,0.6169355201482668,0.6036517662540609
3700500,37181,42578,19276,0.38306447985173325,0.3963482337459391
3700600,37083,48622,24735,0.457459519978925,0.43843167839481006
3700600,37091,21552,9803,0.20277174066442744,0.17375968236524453
3700600,37131,17471,10570,0.16437569975632016,0.18735487530354325
3700600,37185,18642,11309,0.17539303960032743,0.20045376393640216
3700700,37029,10355,4119,0.08910286196155369,0.073185032514836
3700700,37041,13708,7131,0.11795480751028276,0.12670125439749833
3700700,37053,28100,15989,0.24179530865472318,0.2840872747947834
3700700,37073,10478,4767,0.09016125423787151,0.08469848264098646
3700700,37139,40568,17410,0.3490801452492815,0.3093351337905547
3700700,37143,13005,6866,0.11190562238628737,0.1219928218613411
3700800,37013,44652,24090,0.29252186445674605,0.24926276579233275
3700800,37015,17934,8936,0.11748828982279144,0.09246210357493921
3700800,37055,36915,34237,0.24183563169445446,0.3542552641109214
3700800,37095,4589,3146,0.03006321857905598,0.03255212375187542
3700800,37117,22031,11080,0.14432834354220578,0.11464638625898908
3700800,37137,12276,7118,0.08042189393691244,0.07365099073930363
3700800,37177,3245,1999,0.02125847554783976,0.02068394640177971
3700800,37187,11003,6039,0.0720822824199941,0.06248641936985876
3700900,37065,48900,23059,0.3398901786334886,0.348254874420431
3700900,37127,94970,43154,0.6601098213665114,0.651745125579569
3701001,37079,20451,7846,0.13761153054221,0.12261099217077402
3701001,37101,49379,19893,0.33226344758905624,0.31087184135269025
3701001,37195,78784,36252,0.5301250218687338,0.5665171664765357
3701101,37101,166620,64447,1.0,1.0
3701201,37183,149142,65908,1.0,1.0
3701202,37183,139995,68652,1.0,1.0
3701203,37183,136364,51575,1.0,1.0
3701204,37183,138612,52732,1.0,1.0
3701205,37183,132443,52499,1.0,1.0
3701206,37183,137026,55918,1.0,1.0
3701207,37183,139671,60084,1.0,1.0
3701208,37183,156157,55214,1.0,1.0
3701301,37063,178198,83753,1.0,1.0
3701302,37063,146635,60806,1.0,1.0
3701400,37135,148696,61211,1.0,1.0
3701500,37037,76285,33947,0.5465716128107759,0.5608293408227325
3701500,37105,63285,26583,0.45342838718922407,0.4391706591772675
3701600,37001,171415,73385,1.0,1.0
3701701,37081,138383,63681,1.0,1.0
3701702,37081,121736,53145,1.0,1.0
3701703,37081,138684,54481,1.0,1.0
3701704,37081,142496,60970,1.0,1.0
3701801,37067,110407,49328,1.0,1.0
3701802,37067,131768,60206,1.0,1.0
3701803,37067,140415,60642,1.0,1.0
3701900,37059,42712,18753,0.4067344684417019,0.4021314920444311
3701900,37097,25086,10935,0.23888698434464634,0.23448556846935711
3701900,37197,37214,16946,0.35437854721365175,0.36338293948621175
3702000,37003,36444,15960,0.3112318097970896,0.3017526611332741
3702000,37027,80652,36931,0.6887681902029105,0.6982473388667259
3702100,37023,87570,39525,0.6626661016436117,0.6504352691427914
3702100,37111,44578,21242,0.3373338983563883,0.3495647308572087
3702201,37021,135734,66961,1.0,1.0
3702202,37021,133718,62180,1.0,1.0
3702300,37075,8030,5212,0.0761650020392871,0.08761578159934104
3702300,37087,62089,34889,0.5889176602263134,0.5864978902953587
3702300,37115,21193,11045,0.20101679803469633,0.18567081883436717
3702300,37173,14117,8341,0.1339005396997031,0.14021550927093315
3702400,37039,28774,17863,0.23981131131965397,0.2268173449304806
3702400,37043,11089,7295,0.09241911556348241,0.09262903942606819
3702400,37099,43109,26649,0.3592835830846932,0.33837851564980004
3702400,37113,37014,26948,0.3084859900321704,0.3421750999936512
3702500,37089,116281,56434,0.7790134457046769,0.747876330192555
3702500,37175,32986,19025,0.22098655429532316,0.2521236698074451
3702600,37045,51067,22150,0.37872573958572814,0.33884563019168107
3702600,37149,19328,10775,0.14334131816462597,0.16483348376141596
3702600,37161,64444,32444,0.4779329422496459,0.49632088604690294
3702700,37045,48452,21480,0.35820851384720026,0.3662404092071611
3702700,37109,86810,37170,0.6417914861527998,0.6337595907928388
3702800,37035,160610,70744,1.0,1.0
3702900,37097,161607,68437,1.0,1.0
3703001,37071,107816,45770,1.0,1.0
3703002,37071,120127,52366,1.0,1.0
3703101,37119,128081,66839,1.0,1.0
3703102,37119,130264,51047,1.0,1.0
3703103,37119,123675,49477,1.0,1.0
3703104,37119,157590,68682,1.0,1.0
3703105,37119,120328,57740,1.0,1.0
3703106,37119,176108,72141,1.0,1.0
3703107,37119,134831,54246,1.0,1.0
3703108,37119,144605,58794,1.0,1.0
3703200,37025,168013,65952,1.0,1.0
3703300,37025,57791,21458,0.48041065713454423,0.43664407952302464
3703300,37167,62504,27685,0.5195893428654558,0.5633559204769754
3703400,37159,146875,63200,1.0,1.0
3703500,37057,168930,74536,1.0,1.0
3703600,37151,144171,62024,1.0,1.0
3703700,37123,25751,14773,0.20522322638231402,0.23445484843675607
3703700,37125,99727,48237,0.794776773617686,0.7655451515632439
3703800,37085,133568,52876,1.0,1.0
3703900,37061,48715,23704,0.45210717301927594,0.481935549456135
3703900,37163,59036,25481,0.5478928269807241,0.518064450543865
3704000,37191,117333,52551,1.0,1.0
3704101,37103,9172,4635,0.08243975659958475,0.09111818825194622
3704101,37107,55122,26577,0.4954474774620923,0.5224699221514508
3704101,37133,46963,19656,0.422112765938323,0.386411889596603
3704200,37147,170243,80515,1.0,1.0
3704300,37031,67686,50846,0.4019215467382397,0.5207176945292178
3704300,37049,100720,46800,0.5980784532617602,0.4792823054707822
3704501,37133,157613,64524,1.0,1.0
3704601,37129,58604,26026,0.49327059853375643,0.46514038568083926
3704601,37141,60203,29927,0.5067294014662436,0.5348596143191607
3704701,37129,167098,87342,1.0,1.0
3704800,37019,136693,88330,1.0,1.0
3704900,37017,29606,15131,0.1504683394406355,0.1739395332796873
3704900,37047,50623,23433,0.25728429195106706,0.2693757903207265
3704900,37155,116530,48426,0.5922473686082974,0.5566846763995862
3705001,37051,108866,53134,1.0,1.0
3705002,37051,115389,43690,1.0,1.0
3705003,37051,110473,45351,1.0,1.0
3705200,37093,52082,20083,0.4031052150895497,0.37165963431786214
3705200,37153,42946,19605,0.3323942353833532,0.3628136797690429
3705200,37165,34174,14348,0.2645005495270971,0.265526685913095
3705301,37007,22055,9834,0.19039520709957009,0.21626971036484793
3705301,37179,93783,35637,0.8096047929004299,0.7837302896351521
3705401,37179,144484,48151,1.0,1.0
3800100,38001,2200,1364,0.019493522834003792,0.02437106918238994
3800100,38007,945,567,0.008373354126424357,0.010130789022298456
3800100,38011,2993,1633,0.02652005174644243,0.029177387078330473
3800100,38023,2195,1397,0.01944921937301742,0.024960691823899372
3800100,38025,4095,2105,0.03628453454783888,0.03761077758719268
3800100,38033,1736,899,0.015382161654468447,0.01606275014293882
3800100,38037,2301,1649,0.02038845274592851,0.029463264722698685
3800100,38041,2489,1399,0.022054262879016108,0.024996426529445396
3800100,38053,14704,7661,0.13028761806872352,0.13688178959405375
3800100,38085,3898,1277,0.03453897818497581,0.022816609491137792
3800100,38087,706,409,0.006255648691275762,0.007307747284162378
3800100,38089,33646,15381,0.2981268496694962,0.2748177530017153
3800100,38105,40950,20227,0.36284534547838876,0.361402944539737
3800200,38009,6379,3931,0.054429256471953444,0.06695850650677931
3800200,38013,2201,1378,0.018780183962183655,0.023472099202834367
3800200,38049,5345,2818,0.04560658031707026,0.04800027253525925
3800200,38055,9771,5728,0.08337172989300158,0.0975676228112012
3800200,38057,8350,4657,0.07124694960664858,0.07932479389521019
3800200,38061,9809,5018,0.08369596750797795,0.08547387068201949
3800200,38065,1877,912,0.016015631666069386,0.015534509777202426
3800200,38075,2282,1282,0.019471322036212223,0.021836887647339376
3800200,38083,1265,808,0.01079369955118688,0.01376303059208285
3800200,38101,69919,32176,0.5965886789876961,0.5480684063500716
3800300,38015,98458,42692,0.7473149701326006,0.7386286959982007
3800300,38059,33291,15107,0.2526850298673994,0.26137130400179936
3800400,38003,10853,5671,0.09514500122733809,0.10096136727790636
3800400,38005,5964,2542,0.05228460216712838,0.04525547445255475
3800400,38021,4999,2383,0.043824736122313,0.0424247819120527
3800400,38027,2347,1240,0.020575446225058736,0.022075841196368167
3800400,38029,3301,2047,0.02893887856366378,0.03644294107174648
3800400,38031,3397,1773,0.02978048181786303,0.03156489229125868
3800400,38039,2306,1378,0.02021601150191114,0.024532668684351076
3800400,38043,2394,1631,0.020987481151593785,0.029036852412319743
3800400,38045,4093,2064,0.03588210541080759,0.036745593733309594
3800400,38047,1876,1078,0.01644633025914367,0.0191917393626491
3800400,38051,2530,1704,0.022179752428376057,0.030336478547267225
3800400,38069,3990,2040,0.03497913525265631,0.03631831938757344
3800400,38073,5703,2536,0.04999649331977417,0.045148655866120706
3800400,38077,16529,7501,0.1449047936318687,0.13354103614028842
3800400,38079,12187,4581,0.10683977978048181,0.08155599074238917
3800400,38081,3862,1999,0.033856997580390645,0.03558839238027417
3800400,38093,21593,10374,0.18929936529087912,0.18468933594445433
3800400,38095,2162,1290,0.018953606620612268,0.022965996083318497
3800400,38103,3982,2338,0.034909001648139704,0.0416236425137974
3800500,38019,3704,2097,0.031205769360382826,0.03704946996466431
3800500,38035,73170,33428,0.6164487430073465,0.590600706713781
3800500,38063,3015,1791,0.02540102446586237,0.031643109540636045
3800500,38067,6844,3499,0.057659904293320755,0.06181978798586572
3800500,38071,11605,5843,0.09777077576329446,0.10323321554770318
3800500,38091,1798,1091,0.015147940958414773,0.019275618374558302
3800500,38097,7997,3649,0.06737379524162566,0.06446996466431096
3800500,38099,10563,5202,0.08899204690975264,0.09190812720848057
3800600,38017,184525,85397,1.0,1.0
3900100,39039,38286,16539,0.23112168207035189,0.22965092060318254
3900100,39107,42528,17888,0.256729428383428,0.24838234885723015
3900100,39125,18806,8490,0.11352646797824367,0.11788719486794969
3900100,39161,28931,12540,0.17464821041574857,0.17412313588269598
3900100,39171,37102,16561,0.22397421115222785,0.22995639978894164
3900200,39051,42713,17689,0.40746570507316887,0.40618613515809776
3900200,39069,27662,12036,0.26388491404804154,0.2763783324530988
3900200,39137,34451,13824,0.3286493808787896,0.3174355323888034
3900301,39095,138675,58659,1.0,1.0
3900302,39095,156151,75560,1.0,1.0
3900303,39095,113519,55587,1.0,1.0
3900401,39095,22934,10341,0.18768515639065747,0.15808059190412133
3900401,39123,40364,28596,0.33032718464081706,0.43714076067017243
3900401,39143,58896,26479,0.48198765896852547,0.40477864742570624
3900500,39043,75622,38262,0.5635568274124915,0.6000846912689575
3900500,39077,58565,25499,0.4364431725875085,0.3999153087310425
3900601,39093,133254,61604,1.0,1.0
3900602,39093,179710,72737,1.0,1.0
3900701,39035,105921,46428,1.0,1.0
3900702,39035,143132,71416,1.0,1.0
3900703,39035,106275,51789,1.0,1.0
3900704,39035,125088,58004,1.0,1.0
3900705,39035,118968,50816,1.0,1.0
3900706,39035,105506,50276,1.0,1.0
3900707,39035,116999,62816,1.0,1.0
3900708,39035,150888,85164,1.0,1.0
3900709,39035,144593,72426,1.0,1.0
3900710,39035,147447,66690,1.0,1.0
3900801,39085,106775,50175,1.0,1.0
3900802,39085,125828,55140,1.0,1.0
3900900,39007,97574,46237,0.5056407439459816,0.5527039303815626
3900900,39055,95397,37419,0.4943592560540185,0.44729606961843743
3901001,39099,40501,18832,0.3122186247301881,0.31952763119941635
3901001,39155,89219,40105,0.6877813752698119,0.6804723688005837
3901002,39155,112758,54289,1.0,1.0
3901003,39099,188113,89157,1.0,1.0
3901100,39133,161791,70672,1.0,1.0
3901201,39153,120557,49444,1.0,1.0
3901202,39153,111908,51499,1.0,1.0
3901203,39153,192570,93633,1.0,1.0
3901204,39153,115393,51897,1.0,1.0
3901300,39103,182470,75169,1.0,1.0
3901400,39169,116894,46555,1.0,1.0
3901500,39005,52447,22471,0.39350399903963024,0.42093925032313656
3901500,39031,36612,16324,0.2746957578667787,0.3057902328456625
3901500,39075,44223,14588,0.331800243093591,0.27327051683120096
3901600,39139,124936,54522,1.0,1.0
3901700,39033,42025,19865,0.3531690673479335,0.3703531078712853
3901700,39147,55069,23934,0.4627880397330958,0.4462135053506842
3901700,39175,21900,9839,0.1840428929189707,0.1834333867780305
3901800,39173,132248,56863,1.0,1.0
3901900,39063,74920,33655,0.7093622178457809,0.7231724612144914
3901900,39065,30696,12883,0.29063778215421904,0.27682753878550864
3902000,39003,102206,44563,1.0,1.0
3902100,39011,46422,19873,0.3535944426671542,0.3290667638097761
3902100,39021,38714,16862,0.2948829273494508,0.27920916677705654
3902100,39091,46150,23657,0.351522629983395,0.3917240694131673
3902200,39037,51881,22599,0.36766352490964493,0.37199387664400585
3902200,39135,40999,18093,0.29054638225497836,0.297822258069826
3902200,39149,48230,20059,0.34179009283537665,0.3301838652861681
3902300,39109,108774,46766,1.0,1.0
3902400,39023,136001,60987,1.0,1.0
3902500,39097,43824,16216,0.2653635851695762,0.2626966255730694
3902500,39129,58539,22372,0.3544660211811295,0.3624228482560871
3902500,39159,62784,23141,0.3801703936492943,0.37488052617084355
3902600,39083,62721,25797,0.3847206035698951,0.3815164825413727
3902600,39101,65359,27348,0.4009016745384285,0.40445450108700476
3902600,39117,34950,14472,0.21437772189167636,0.21402901637162253
3902701,39151,141087,61943,1.0,1.0
3902702,39151,136231,63787,1.0,1.0
3902703,39019,26721,13395,0.21504796549060004,0.24594227379553465
3902703,39151,97535,41069,0.7849520345094,0.7540577262044653
3902800,39029,101877,46091,0.6095819920299654,0.5969099668462495
3902800,39081,65249,31125,0.39041800797003456,0.4030900331537505
3902900,39067,14483,7379,0.13441798303417296,0.15310399203253383
3902900,39157,93263,40817,0.865582016965827,0.8468960079674662
3903000,39013,66497,31618,0.5021104692868199,0.49783502070507474
3903000,39059,38438,19009,0.2902404953373353,0.29930248303443496
3903000,39111,13385,7133,0.1010684486729339,0.11231125316874242
3903000,39121,14115,5751,0.10658058670291086,0.09055124309174789
3903100,39115,13802,7232,0.10176965049402743,0.11943453560576034
3903100,39119,86410,38358,0.6371479132871258,0.6334720570749108
3903100,39127,35408,14962,0.2610824362188468,0.24709340731932883
3903200,39089,178519,72709,1.0,1.0
3903301,39041,100545,39587,1.0,1.0
3903302,39041,113579,42267,1.0,1.0
3903401,39049,120960,52073,1.0,1.0
3903402,39049,124289,49967,1.0,1.0
3903403,39049,111193,55886,1.0,1.0
3903404,39049,115442,49174,1.0,1.0
3903405,39049,131555,54276,1.0,1.0
3903406,39049,109590,57605,1.0,1.0
3903407,39049,106942,47100,1.0,1.0
3903408,39049,128653,55817,1.0,1.0
3903409,39049,161930,71213,1.0,1.0
3903410,39049,107237,44377,1.0,1.0
3903411,39049,106016,43415,1.0,1.0
3903500,39045,158921,62466,1.0,1.0
3903600,39057,167966,71336,1.0,1.0
3903701,39113,129251,58772,1.0,1.0
3903702,39113,109224,49795,1.0,1.0
3903703,39113,166954,82416,1.0,1.0
3903704,39113,131880,60540,1.0,1.0
3903801,39017,128807,51477,1.0,1.0
3903802,39017,136815,56720,1.0,1.0
3903803,39017,124735,45544,1.0,1.0
3903901,39165,117669,46235,1.0,1.0
3903902,39165,124668,47041,1.0,1.0
3904000,39027,42018,17906,0.36765658085854785,0.36137235116044397
3904000,39047,28951,12663,0.25332061669845823,0.2555600403632694
3904000,39071,43317,18981,0.3790228024429939,0.38306760847628657
3904100,39073,28050,12987,0.23782674681837837,0.2547669491525424
3904100,39141,77093,32066,0.6536462528509535,0.629041117388575
3904100,39163,12800,5923,0.1085270003306682,0.11619193345888261
3904200,39009,62431,26386,0.43231171924770795,0.4058011134692873
3904200,39105,22210,10649,0.15379608342796997,0.16377533757805052
3904200,39167,59771,27987,0.4138921973243221,0.43042354895266216
3904300,39053,29220,13430,0.2432709198837761,0.24719307933002024
3904300,39079,32653,14399,0.27185233904739703,0.2650285293576293
3904300,39087,58240,26501,0.48487674106882683,0.48777839131235046
3904400,39001,27477,12692,0.21370738802081307,0.219664584018415
3904400,39131,27088,11979,0.21068186944381792,0.207324460444106
3904400,39145,74008,33108,0.575610742535369,0.573010955537479
3904501,39015,43676,19324,0.38412692828622186,0.4062907363020899
3904501,39025,70026,28238,0.6158730717137781,0.5937092636979101
3904602,39025,138575,58125,1.0,1.0
3904701,39061,107204,41880,1.0,1.0
3904702,39061,108132,48839,1.0,1.0
3904703,39061,150223,64049,1.0,1.0
3904704,39061,117223,46756,1.0,1.0
3904705,39061,111149,53666,1.0,1.0
3904706,39061,126935,66413,1.0,1.0
3904707,39061,109773,57412,1.0,1.0
4020100,40003,5699,2479,0.05172914586548062,0.048465298142717494
4020100,40007,5049,2460,0.04582917309612417,0.04809384164222874
4020100,40011,8735,4590,0.07928655713896705,0.08973607038123167
4020100,40025,2296,1359,0.020840519197603703,0.02656891495601173
4020100,40043,4484,2176,0.04070073522737588,0.04254154447702835
4020100,40045,3749,2128,0.03402922755741127,0.04160312805474096
4020100,40059,3272,1714,0.029699555232822004,0.03350928641251222
4020100,40073,15184,6394,0.13782336389216665,0.12500488758553274
4020100,40093,7782,3713,0.07063628937097213,0.07259042033235581
4020100,40129,3442,1852,0.031242625034038303,0.03620723362658847
4020100,40139,21384,8443,0.19410002723064354,0.16506353861192571
4020100,40151,8624,4456,0.07827902332758464,0.08711632453567937
4020100,40153,20470,9386,0.18580375782881003,0.18349951124144673
4020200,40047,62846,27846,0.5166599528111872,0.49697488890078706
4020200,40053,4169,2160,0.03427354713537599,0.03855008834395245
4020200,40071,43700,20968,0.35925977688077015,0.37422141314629404
4020200,40103,10924,5057,0.08980672317266666,0.09025360960896646
4020300,40113,45818,19602,0.4025266635039446,0.3874602201972683
4020300,40117,15553,7276,0.1366383778750022,0.14382004704394064
4020300,40147,52455,23713,0.46083495862105317,0.4687197327587911
4020400,40105,9320,4351,0.0891354246365723,0.1032290208545873
4020400,40131,95240,37798,0.9108645753634277,0.8967709791454127
4020500,40035,14107,6369,0.11391771308596116,0.10201499231163506
4020500,40041,40397,24086,0.32621633625388624,0.3857957457713993
4020500,40097,39046,18263,0.31530665805305447,0.2925262685802153
4020500,40115,30285,13714,0.24455929260709816,0.21966299333675038
4020600,40001,19495,8059,0.18416876074593308,0.1674701799592702
4020600,40021,47078,22033,0.444744648289153,0.45785711317069117
4020600,40135,39281,18030,0.3710865909649139,0.3746727068700387
4020700,40101,66339,29278,0.45030545750746676,0.47370038992347147
4020700,40145,80981,32529,0.5496945424925332,0.5262996100765286
4020801,40143,127576,52191,1.0,1.0
4020802,40143,113372,55815,1.0,1.0
4020803,40143,147910,66472,1.0,1.0
4020804,40143,159683,68830,1.0,1.0
4020805,40143,120738,49067,1.0,1.0
4020900,40037,71754,31053,0.6615710861146966,0.6513203431423957
4020900,40111,36706,16624,0.33842891388530333,0.34867965685760427
4021000,40063,13367,5766,0.12048095036368717,0.10472782752420219
4021000,40091,18941,11755,0.17072115514615085,0.21350600286975316
4021000,40107,11310,4778,0.10194056621630147,0.08678278874620847
4021000,40121,43773,22046,0.394539735188874,0.400421381477378
4021000,40133,23556,10712,0.21231759308498652,0.1945619993824582
4021100,40083,49555,19307,0.377702913849742,0.34467553333928413
4021100,40119,81646,36708,0.622297086150258,0.6553244666607159
4021200,40081,33458,14456,0.31590376916685553,0.3253730671408314
4021200,40125,72454,29973,0.6840962308331445,0.6746269328591685
4021301,40027,143749,57165,1.0,1.0
4021302,40027,151779,64374,1.0,1.0
4021401,40109,170164,77047,1.0,1.0
4021402,40109,161564,67669,1.0,1.0
4021403,40109,120282,52571,1.0,1.0
4021404,40109,111237,57839,1.0,1.0
4021405,40109,112912,47407,1.0,1.0
4021406,40109,120133,50011,1.0,1.0
4021500,40017,154405,60434,1.0,1.0
4021600,40009,22410,10123,0.16353725015142337,0.15778726853295094
4021600,40015,26945,11544,0.19663146833244546,0.17993640501278135
4021600,40039,28513,12932,0.20807396758445046,0.20157117027246088
4021600,40055,5491,2615,0.04007063991885167,0.040760022445289604
4021600,40057,2488,1345,0.018156210547824247,0.02096452397281626
4021600,40065,24785,12017,0.18086884181182636,0.18730905916827734
4021600,40075,8509,4681,0.06209453197405004,0.07296277822806908
4021600,40141,6968,3778,0.05084906555355279,0.058887711203940395
4021600,40149,10924,5121,0.07971802412557559,0.07982106116341418
4021700,40031,121125,52603,0.9563607365063324,0.9513672864067134
4021700,40033,5527,2689,0.04363926349366769,0.04863271359328655
4021800,40049,25656,12054,0.21010048070230034,0.2340627973358706
4021800,40051,54795,23024,0.4487237231089237,0.44707664226489835
4021800,40087,41662,16421,0.34117579618877597,0.31886056039923105
4021900,40019,48003,21561,0.39923318751143566,0.3862455662641969
4021900,40067,5337,2728,0.04438696585106206,0.04886962129626312
4021900,40085,10146,4703,0.08438264109516126,0.08424993730070582
4021900,40099,13904,6508,0.11563731931668857,0.1165848590161585
4021900,40137,42848,20322,0.35635988622565246,0.3640500161226756
4022000,40005,14143,5981,0.1095295256534366,0.10016244368897895
4022000,40013,46067,20366,0.35676282671829623,0.3410647597675548
4022000,40029,5266,2569,0.04078218780251694,0.04302245742133204
4022000,40069,10272,4682,0.07955082284607938,0.07840838678344748
4022000,40095,15312,8709,0.11858276863504356,0.14584763786780097
4022000,40123,38065,17406,0.2947918683446273,0.29149431447088575
4022100,40023,14204,7066,0.11366473544380781,0.12188432546185293
4022100,40061,11561,5646,0.09251464421753465,0.09739016438686975
4022100,40077,9444,4669,0.07557376524439038,0.08053749159091302
4022100,40079,48129,21032,0.38514292116129445,0.3627895744570748
4022100,40089,30814,13888,0.24658301590858167,0.2395597950770186
4022100,40127,10812,5672,0.08652091802439102,0.09783864902627085
4100301,41003,95184,40150,0.8932516258598523,0.9011738827912823
4100301,41043,11375,4403,0.1067483741401477,0.0988261172087177
4100501,41005,104100,40579,1.0,1.0
4100502,41005,100886,40928,1.0,1.0
4100503,41005,107911,43049,1.0,1.0
4100504,41005,108504,45538,1.0,1.0
4101701,41017,111822,49407,1.0,1.0
4101702,41013,24738,11159,0.1823381562751067,0.16878932720232334
4101702,41017,86431,44703,0.6370631896278497,0.6761707405614714
4101702,41031,24502,10250,0.1805986540970436,0.15503993223620524
4101900,41019,111201,49774,1.0,1.0
4102901,41029,115210,47785,1.0,1.0
4102902,41029,108049,48454,1.0,1.0
4103903,41039,157989,67098,1.0,1.0
4103904,41039,112050,48981,1.0,1.0
4103905,41039,112932,50147,1.0,1.0
4104301,41043,117235,47518,1.0,1.0
4104703,41047,110241,40166,1.0,1.0
4104704,41047,114953,44510,1.0,1.0
4104705,41047,120726,43865,1.0,1.0
4105101,41051,123331,55367,1.0,1.0
4105102,41051,129838,49530,1.0,1.0
4105103,41051,118112,51316,1.0,1.0
4105105,41051,124397,61961,1.0,1.0
4105114,41051,149913,82624,1.0,1.0
4105116,41051,169837,63198,1.0,1.0
4105901,41001,16668,8609,0.16324531849878554,0.18885184047733952
4105901,41059,51849,21002,0.5078057666692783,0.46071162198920723
4105901,41061,26196,11649,0.25656193684870326,0.2555389812661782
4105901,41063,7391,4326,0.07238697798323278,0.09489755626727504
4106501,41021,1995,1095,0.019255269863331016,0.024889191953631096
4106501,41023,7233,4112,0.06981121148946028,0.09346516649619276
4106501,41027,23977,10126,0.2314203536406455,0.23016251846800773
4106501,41049,12186,4717,0.11761640027797081,0.10721672917376975
4106501,41055,1870,918,0.018048799320515792,0.02086600750085237
4106501,41059,28226,10096,0.2724307003320207,0.22948062279804524
4106501,41065,26670,11996,0.2574125550150568,0.27266734856233665
4106501,41069,1451,935,0.01400471006099915,0.02125241504716445
4106720,41067,122946,49292,1.0,1.0
4106721,41067,123390,44648,1.0,1.0
4106722,41067,122408,48366,1.0,1.0
4106723,41067,117615,44666,1.0,1.0
4106724,41067,114013,49706,1.0,1.0
4107100,41071,107722,40123,1.0,1.0
4109000,41007,41072,23017,0.3392950078892368,0.36171483349834205
4109000,41009,52589,21697,0.4344367250167285,0.3409708798893656
4109000,41057,27390,18919,0.22626826709403475,0.29731428661229237
4109100,41011,64929,31378,0.36794265151729805,0.3773934378908881
4109100,41015,23446,13018,0.13286487405434505,0.15657173097277013
4109100,41033,88090,38748,0.4991924744283569,0.46603483113634175
4109200,41025,7495,3694,0.06425809549121649,0.07072022054600452
4109200,41035,69413,32730,0.5951096974425364,0.6266033617949994
4109200,41037,8160,4195,0.06995944752612762,0.08031167438832944
4109200,41045,31571,11615,0.2706727595401195,0.2223647432706666
4109300,41041,50395,32066,0.3656368807499202,0.48663004218897016
4109300,41053,87433,33828,0.6343631192500798,0.5133699578110298
4200111,42049,155946,71943,1.0,1.0
4200112,42049,114930,47848,1.0,1.0
4200200,42039,83938,42063,0.6850683533972659,0.6608483896307934
4200200,42123,38587,21587,0.31493164660273415,0.3391516103692066
4200300,42023,4547,3932,0.026294332290504086,0.04339620559117949
4200300,42033,80562,38078,0.46587288277712563,0.42025450572251594
4200300,42047,30990,16836,0.17920856777715452,0.1858134581213372
4200300,42083,40432,19416,0.23380964221897102,0.21428807928747226
4200300,42105,16396,12345,0.09481457493624477,0.1362477512774951
4200400,42015,59967,29363,0.4127514006855444,0.3779070515708053
4200400,42113,5840,5574,0.040196577784507796,0.0717383750112614
4200400,42115,38434,21259,0.26454028605646795,0.2736071249308228
4200400,42117,41045,21503,0.2825117354734799,0.2767474484871105
4200500,42103,58535,39676,0.5336402589114778,0.5542424496409912
4200500,42127,51155,31910,0.4663597410885222,0.44575755035900877
4200600,42089,168327,79114,1.0,1.0
4200701,42069,111120,51347,1.0,1.0
4200702,42069,104776,48468,0.800764263059345,0.7908365558764502
4200702,42131,26069,12819,0.19923573694065497,0.20916344412354987
4200801,42079,127296,61331,1.0,1.0
4200802,42079,136702,60104,1.0,1.0
4200803,42037,64727,29654,0.5123928342423787,0.5033609451385117
4200803,42079,61596,29258,0.4876071657576213,0.4966390548614883
4200900,42035,37450,18603,0.24696975692108838,0.26117538046835514
4200900,42081,114188,52625,0.7530302430789116,0.7388246195316449
4201000,42093,18136,8083,0.16519861909403094,0.15730883755327638
4201000,42097,91647,43300,0.834801380905969,0.8426911624467236
4201100,42067,23509,10431,0.15459429601036373,0.1634850479593756
4201100,42087,46143,21313,0.3034346250715136,0.3340386182684471
4201100,42109,39736,15978,0.2613024350788129,0.25042317096106825
4201100,42119,42681,16082,0.2806686438393098,0.252053162811109
4201200,42027,158172,65408,1.0,1.0
4201300,42031,37241,18829,0.26761281977579765,0.2546558649697724
4201300,42053,6973,6949,0.05010778959471112,0.09398287777762751
4201300,42065,44492,22005,0.31971830985915495,0.29761019218545015
4201300,42121,50454,26156,0.36256108077033633,0.35375106506714993
4201400,42085,110652,50828,1.0,1.0
4201511,42007,29083,12956,0.25255963804677256,0.24702562538133008
4201511,42073,86070,39492,0.7474403619532275,0.7529743746186699
4201512,42007,139132,65988,1.0,1.0
4201600,42019,193763,85019,1.0,1.0
4201701,42003,194421,100869,1.0,1.0
4201702,42003,111944,58591,1.0,1.0
4201801,42003,115889,53364,1.0,1.0
4201802,42003,164836,70024,1.0,1.0
4201803,42003,129211,61697,1.0,1.0
4201804,42003,172587,88167,1.0,1.0
4201805,42003,109856,55942,1.0,1.0
4201806,42003,131221,61621,1.0,1.0
4201807,42003,120613,51820,1.0,1.0
4201900,42005,65558,32106,0.4405661138141448,0.46041989330579935
4201900,42063,83246,37626,0.5594338861858552,0.5395801066942006
4202011,42129,113457,52720,1.0,1.0
4202012,42129,122618,57202,1.0,1.0
4202013,42129,118588,57854,1.0,1.0
4202100,42021,133472,64395,1.0,1.0
4202200,42013,122822,55700,0.7358400134200846,0.7280379573110957
4202200,42061,44092,20807,0.2641599865799154,0.2719620426889043
4202301,42041,95424,40030,0.6754916257273512,0.6685929983965794
4202301,42099,45842,19842,0.3245083742726488,0.3314070016034206
4202302,42041,164045,69095,1.0,1.0
4202401,42043,172086,76978,1.0,1.0
4202402,42043,114315,49536,1.0,1.0
4202500,42075,143257,59084,1.0,1.0
4202600,42107,143049,67128,1.0,1.0
4202701,42011,129440,51224,1.0,1.0
4202702,42011,151071,59369,1.0,1.0
4202703,42011,148338,60149,1.0,1.0
4202801,42025,64749,34152,0.48889677511911145,0.5618214121208133
4202801,42077,67690,26636,0.5111032248808886,0.4381785878791867
4202802,42077,161250,65555,1.0,1.0
4202803,42077,125845,48533,1.0,1.0
4202901,42077,19772,9106,0.1110100499691202,0.12419700214132762
4202901,42095,158338,64213,0.8889899500308798,0.8758029978586723
4202902,42095,154613,63371,1.0,1.0
4203011,42017,107394,43629,1.0,1.0
4203012,42017,117519,45691,1.0,1.0
4203013,42017,138899,54072,1.0,1.0
4203014,42017,135982,53999,1.0,1.0
4203015,42017,146744,58241,1.0,1.0
4203111,42091,122068,48864,1.0,1.0
4203112,42091,105712,39100,1.0,1.0
4203113,42091,105278,42926,1.0,1.0
4203114,42091,149136,62703,1.0,1.0
4203115,42091,141988,56234,1.0,1.0
4203116,42091,108246,46759,1.0,1.0
4203117,42091,124125,50291,1.0,1.0
4203216,42101,140234,69682,1.0,1.0
4203221,42101,144439,58468,1.0,1.0
4203222,42101,188302,71941,1.0,1.0
4203223,42101,105079,39265,1.0,1.0
4203224,42101,141920,61072,1.0,1.0
4203225,42101,131905,55252,1.0,1.0
4203227,42101,151109,72499,1.0,1.0
4203228,42101,174661,81019,1.0,1.0
4203229,42101,128308,56033,1.0,1.0
4203230,42101,151916,94098,1.0,1.0
4203231,42101,145924,67468,1.0,1.0
4203311,42045,161827,60850,1.0,1.0
4203312,42045,162324,64603,1.0,1.0
4203313,42045,148392,61827,1.0,1.0
4203314,42045,104287,41928,1.0,1.0
4203411,42029,101500,38604,1.0,1.0
4203412,42029,104903,43236,1.0,1.0
4203413,42029,121781,50340,1.0,1.0
4203414,42029,101284,38654,1.0,1.0
4203415,42029,104945,37406,1.0,1.0
4203501,42071,122271,50393,1.0,1.0
4203502,42071,114820,46919,1.0,1.0
4203503,42071,176865,63646,1.0,1.0
4203504,42071,139028,55544,1.0,1.0
4203601,42133,173037,71266,1.0,1.0
4203602,42133,131663,53961,1.0,1.0
4203603,42133,151738,61960,1.0,1.0
4203701,42001,103852,43007,0.8007093292212799,0.7880059365666856
4203701,42055,25848,11570,0.19929067077872012,0.2119940634333144
4203702,42055,130084,54798,1.0,1.0
4203800,42009,47577,23489,0.34915823927433914,0.3438991537583087
4203800,42057,14556,7100,0.10682361920418018,0.10395010395010396
4203800,42111,74129,37713,0.5440181415214806,0.5521507422915873
4203900,42051,128804,61800,1.0,1.0
4204011,42125,134970,60694,1.0,1.0
4204012,42059,35954,16138,0.3258680539820362,0.3089499377811812
4204012,42125,74379,36097,0.6741319460179638,0.6910500622188188
4400103,44007,190934,75257,1.0,1.0
4400105,44007,177865,74679,1.0,1.0
4400106,44007,145326,64219,1.0,1.0
4400107,44007,146616,62615,1.0,1.0
4400200,44003,170363,76084,1.0,1.0
4400300,44001,50793,21504,0.3722844410566126,0.33120783661399134
4400300,44005,85643,43422,0.6277155589433874,0.6687921633860087
4400400,44009,129839,65694,1.0,1.0
4500101,45073,78607,40788,0.7593852039337674,0.8264040846097739
4500101,45077,24907,8568,0.2406147960662326,0.17359591539022612
4500201,45077,106497,47817,1.0,1.0
4500301,45045,103447,43718,1.0,1.0
4500302,45045,100817,42117,1.0,1.0
4500303,45045,100440,50615,1.0,1.0
4500304,45045,108194,46526,1.0,1.0
4500305,45045,112636,43239,1.0,1.0
4500401,45083,112848,45838,1.0,1.0
4500402,45083,108517,43879,1.0,1.0
4500403,45083,106632,47292,1.0,1.0
4500501,45021,56216,24713,0.48214760495733094,0.5029817027252559
4500501,45091,60379,24420,0.5178523950426691,0.49701829727474406
4500601,45091,113521,44511,1.0,1.0
4500602,45091,108190,45725,1.0,1.0
4500700,45023,32294,14601,0.2163636120006968,0.2196663106109615
4500700,45039,20948,10838,0.14034758605903871,0.16305345348959666
4500700,45057,96016,41030,0.6432888019402645,0.6172802358994418
4500800,45059,67539,31276,0.5097206079908227,0.4969176993962504
4500800,45071,37719,18213,0.28466740124677364,0.2893708293612965
4500800,45087,27244,13451,0.20561199076240358,0.21371147124245313
4500901,45007,123746,52659,1.0,1.0
4501001,45001,24295,11540,0.23300756711135834,0.2403966336138655
4501001,45007,79972,36464,0.7669924328886416,0.7596033663861345
4501100,45037,25657,11022,0.20792408181788713,0.19339556428972488
4501100,45047,69351,31323,0.5620198385685111,0.5496034531162268
4501100,45065,9526,5380,0.07719861259684269,0.09439921392476137
4501100,45081,18862,9267,0.15285746701675906,0.1626017686692869
4501200,45003,168808,76923,1.0,1.0
4501301,45063,156341,69272,1.0,1.0
4501302,45063,137650,58615,1.0,1.0
4501401,45079,122193,51607,1.0,1.0
4501402,45079,119781,59459,1.0,1.0
4501403,45079,102223,43814,1.0,1.0
4501501,45055,65403,28874,0.47616724789411224,0.5119322009857806
4501501,45079,71950,27528,0.5238327521058878,0.4880677990142194
4501600,45025,43273,20408,0.32574052467160974,0.33014106380225183
4501600,45031,62905,29379,0.473521773495427,0.47526530348129936
4501600,45069,26667,12029,0.20073770183296322,0.1945936327164488
4501700,45061,16531,7549,0.1354034418078911,0.1390188206695886
4501700,45085,105556,46753,0.8645965581921089,0.8609811793304114
4501800,45011,20589,9854,0.17311718559500888,0.1696771416272062
4501800,45017,14119,7024,0.11871589408985042,0.12094705122686182
4501800,45075,84223,41197,0.7081669203151407,0.709375807145932
4501901,45005,8039,4040,0.052000388110870335,0.05480195333695062
4501901,45009,13311,6558,0.08610239658462435,0.08895822029300055
4501901,45013,76080,34714,0.4921245835893787,0.4708898534997287
4501901,45029,38604,19824,0.24971053397587245,0.26890938686923493
4501901,45049,18561,8584,0.12006209773925418,0.11644058600108519
4502001,45013,111037,63354,0.7940970334982979,0.8312427836674714
4502001,45053,28791,12862,0.2059029665017021,0.1687572163325286
4502100,45035,161540,64608,1.0,1.0
4502201,45015,102316,42314,1.0,1.0
4502202,45015,127545,51309,1.0,1.0
4502301,45019,151114,81168,1.0,1.0
4502302,45019,148638,68903,1.0,1.0
4502303,45019,108483,51813,1.0,1.0
4502400,45027,31144,15816,0.24801312373580517,0.23794550843250237
4502400,45043,63404,35916,0.5049134374950228,0.5403421143691044
4502400,45089,31026,14737,0.24707343876917195,0.22171237719839323
4502500,45041,137059,60594,1.0,1.0
4502601,45033,28292,12779,0.2648245392341318,0.2653557041405374
4502601,45051,49358,21126,0.4620108019057782,0.4386810083475227
4502601,45067,29183,14253,0.27316465886009006,0.29596328751193984
4502701,45051,140041,95389,1.0,1.0
4502702,45051,161630,87187,1.0,1.0
4600100,46019,10243,4673,0.05461506059749719,0.05333683357492609
4600100,46033,8318,4837,0.04435107625207279,0.05520870190496844
4600100,46063,1311,720,0.006990173234727991,0.008217958522137126
4600100,46081,25768,14163,0.13739342785085498,0.1616540924292057
4600100,46093,29852,12357,0.1591690704829138,0.14104071313617841
4600100,46103,109222,49153,0.582365141909581,0.5610240489425086
4600100,46105,2835,1710,0.015116049672352291,0.019517651490075675
4600200,46007,3381,1177,0.033634428284355665,0.029001576976148236
4600200,46017,1948,570,0.01937884244245041,0.014044943820224719
4600200,46023,9373,3625,0.09324327012992181,0.08932091464616598
4600200,46031,3902,1362,0.038817373311314934,0.033560023654642224
4600200,46041,5239,1923,0.052117944330594294,0.04738320520402129
4600200,46047,6973,4081,0.06936789956427449,0.10055686970234576
4600200,46053,3994,2186,0.03973259584966475,0.053863591563177604
4600200,46055,1872,931,0.01862278904120491,0.02294007490636704
4600200,46065,17765,7922,0.17672748254113527,0.1952000788488074
4600200,46069,1262,626,0.012554465689102883,0.015424797949931008
4600200,46071,2806,1064,0.027914287419669327,0.026217228464419477
4600200,46075,917,504,0.00912238117029108,0.012418687167356593
4600200,46085,3718,1546,0.03698692823461531,0.038093830080820026
4600200,46095,1918,775,0.019080400310379816,0.019096195545042383
4600200,46102,13672,3454,0.13601002765563758,0.08510743150009856
4600200,46117,2980,1427,0.029645251785678756,0.03516164005519416
4600200,46119,1446,892,0.01438491076580251,0.021979105066035877
4600200,46121,9319,2875,0.09270607429219474,0.0708407254090282
4600200,46123,5624,2762,0.05594795169216689,0.06805637689729943
4600200,46137,2413,882,0.024004695489544578,0.02173270254287404
4600300,46013,38301,17885,0.2889333132166566,0.27861727318045865
4600300,46021,1377,900,0.010387748943874472,0.014020438683948155
4600300,46025,3837,1603,0.02894538322269161,0.024971959122632104
4600300,46029,28325,13211,0.2136768255884128,0.20580446161515453
4600300,46037,5449,3395,0.04110591430295715,0.05288821036889332
4600300,46039,4295,2132,0.03240042245021123,0.03321286141575274
4600300,46045,3986,1940,0.030069402534701268,0.030221834496510468
4600300,46049,2125,1022,0.01603047676523838,0.01592098703888335
4600300,46051,7556,3426,0.05700060350030175,0.05337113659022931
4600300,46057,6164,2759,0.046499698249849127,0.04298043369890329
4600300,46089,2411,1258,0.018187990343995174,0.019597457627118644
4600300,46091,4306,2394,0.03248340374170187,0.037294366899302094
4600300,46107,2472,1569,0.018648159324079663,0.02444229810568295
4600300,46109,10280,4788,0.0775497887748944,0.07458873379860419
4600300,46115,6361,2983,0.04798581774290887,0.04646996510468594
4600300,46129,5315,2927,0.04009505129752565,0.04559758225324028
4600400,46003,2747,1260,0.02046670342278979,0.02067064768029398
4600400,46005,19149,8396,0.14267087871969483,0.1377386967648796
4600400,46009,7003,2810,0.05217631018194281,0.04609882538224293
4600400,46011,34375,14849,0.2561131889910444,0.24360194238467092
4600400,46015,5247,2344,0.03909311716759302,0.0384539667957215
4600400,46035,19956,9484,0.1486834850765173,0.15558763698405406
4600400,46043,2835,1341,0.021122353186606862,0.021999475031170026
4600400,46059,3145,1705,0.023432028490962466,0.02797099547214384
4600400,46061,3461,1279,0.025786407188305594,0.020982347923092066
4600400,46067,7427,3212,0.055335349953061434,0.05269374630881291
4600400,46073,1663,952,0.01239029042304311,0.015617822691777675
4600400,46077,5187,2615,0.038646083237717746,0.04289979657457838
4600400,46079,11059,5658,0.08239580384151157,0.09282105125008203
4600400,46097,2298,1189,0.01712139951422313,0.019505873088785354
4600400,46101,6336,2728,0.047206782994829305,0.044753592755430144
4600400,46111,2330,1134,0.017359817610156612,0.018603582912264584
4600501,46027,14967,6180,0.10452545568824638,0.10616003023327722
4600501,46083,28834,10869,0.20136881067113624,0.18670766482289483
4600501,46087,5682,2448,0.0396815420071234,0.042051740131239905
4600501,46099,44913,17259,0.3136601717997067,0.29647507472429313
4600501,46125,8673,3871,0.06056987219777917,0.06649603188236507
4600501,46127,16811,7215,0.1174034499615895,0.12393925859758821
4600501,46135,23310,10372,0.16279069767441862,0.17817019960834163
4600601,46083,36327,15358,0.19258540619632292,0.1877138945927447
4600601,46099,152301,66458,0.8074145938036771,0.8122861054072553
4700100,47045,36801,16218,0.3423508070142797,0.33803697605102445
4700100,47095,7005,2500,0.065165821666124,0.05210830189465786
4700100,47131,30787,14314,0.2864040187915717,0.29835129332805305
4700100,47183,32902,14945,0.30607935252802454,0.3115034287262647
4700200,47005,15864,8485,0.13508979588361023,0.14639406487232573
4700200,47017,28440,13084,0.24218064768846917,0.22574189095928227
4700200,47079,32199,16937,0.2741903894135379,0.29221877156659765
4700200,47083,8283,3936,0.07053383631517546,0.06790890269151138
4700200,47085,18990,8849,0.1617092299438829,0.15267425810904073
4700200,47161,13657,6669,0.11629610075532432,0.11506211180124223
4700301,47125,105777,42207,1.0,1.0
4700302,47125,114292,43507,1.0,1.0
4700401,47147,72803,28459,0.48741020439588395,0.4882061310963581
4700401,47165,76564,29834,0.512589795604116,0.511793868903642
4700501,47165,119717,49161,1.0,1.0
4700600,47015,14506,6355,0.14091977695311741,0.14137302011033992
4700600,47041,20080,9867,0.19506887641104353,0.21950080085424453
4700600,47087,11617,5819,0.1128543395053333,0.12944919024737497
4700600,47111,25216,10649,0.2449629874293264,0.2368971347214807
4700600,47159,19904,8513,0.1933591093668033,0.18937978287951593
4700600,47169,11615,3749,0.11283491033437604,0.08340007118704396
4700700,47027,7581,3941,0.06595213446196943,0.07448919802672614
4700700,47133,22511,10329,0.19583808189861415,0.19522936473434518
4700700,47137,5001,3342,0.04350700757740524,0.06316744476156275
4700700,47141,79854,35295,0.6947027760620111,0.6671139924773659
4700800,47013,39272,19941,0.32828160395890627,0.3420294329525574
4700800,47025,32043,15321,0.2678531125396016,0.26278686837501286
4700800,47067,6662,3669,0.055688837990788186,0.06293094576515386
4700800,47151,21850,9802,0.18264802012889853,0.16812459263833146
4700800,47173,19802,9569,0.16552842538180543,0.16412816026894447
4700900,47059,70152,32154,0.552930883639545,0.5430776766260746
4700900,47073,56721,27053,0.44706911636045493,0.45692232337392535
4701000,47163,158163,75476,1.0,1.0
4701101,47019,56356,27779,0.5328567916643029,0.5407841457716867
4701101,47091,17948,8723,0.16970178324918211,0.16981389191714685
4701101,47171,17928,8702,0.16951267941226528,0.16940507709079583
4701101,47179,13530,6164,0.12792874567424972,0.11999688522037066
4701201,47179,119471,54382,1.0,1.0
4701300,47057,23527,11644,0.1648599597782901,0.18237063024683622
4701300,47063,64499,27376,0.45196168426658445,0.4287683247713319
4701300,47089,54683,24828,0.38317835595512545,0.3888610449818318
4701400,47029,35999,17808,0.2678915604372707,0.24049265341400172
4701400,47155,98380,56240,0.7321084395627293,0.7595073465859983
4701501,47093,133547,62895,1.0,1.0
4701502,47093,103187,43940,1.0,1.0
4701503,47093,123449,54200,1.0,1.0
4701504,47093,118788,49937,1.0,1.0
4701600,47009,135280,59776,1.0,1.0
4701700,47001,77123,35143,0.5088544622002876,0.5091786319709065
4701700,47129,21035,8502,0.13878808672358506,0.12318347121807038
4701700,47145,53404,25374,0.35235745107612726,0.36763789681102305
4701800,47035,61145,30479,0.5715287189792961,0.590472315858809
4701800,47049,18489,9201,0.17281861943263074,0.17825177263745204
4701800,47185,27351,11938,0.2556526615880731,0.231275911503739
4701900,47189,147737,58152,1.0,1.0
4702001,47149,133107,55456,1.0,1.0
4702002,47149,105532,38182,1.0,1.0
4702003,47149,102847,37578,1.0,1.0
4702101,47187,133848,51146,1.0,1.0
4702102,47187,113878,39987,1.0,1.0
4702200,47119,100974,43143,1.0,1.0
4702300,47021,41072,16785,0.3413790810559213,0.337095575683329
4702300,47043,54315,22551,0.45145122681029326,0.452894985238889
4702300,47081,24925,10457,0.2071696921337855,0.21000943907778202
4702401,47037,146254,77134,1.0,1.0
4702402,47037,125789,52721,1.0,1.0
4702403,47037,100069,47641,1.0,1.0
4702404,47037,102733,44921,1.0,1.0
4702405,47037,103501,40502,1.0,1.0
4702406,47037,137538,65390,1.0,1.0
4702501,47157,129770,70263,1.0,1.0
4702502,47157,127323,57887,1.0,1.0
4702503,47157,111045,45471,1.0,1.0
4702504,47157,111526,41551,1.0,1.0
4702505,47157,109250,44388,1.0,1.0
4702506,47157,129295,49914,1.0,1.0
4702507,47157,104135,45153,1.0,1.0
4702508,47157,107400,45562,1.0,1.0
4702600,47047,41990,17554,0.4078282828282828,0.42299814453360324
4702600,47167,60970,23945,0.5921717171717171,0.5770018554663968
4702700,47033,13911,6071,0.12958908958797172,0.12841339340482688
4702700,47053,50429,22313,0.46977558758046334,0.4719631110265034
4702700,47075,17864,8240,0.16641359330023195,0.17429193899782136
4702700,47097,25143,10653,0.23422172953133297,0.2253315565708484
4702800,47023,17341,7212,0.14928032781240316,0.14177872139655578
4702800,47113,98823,43656,0.8507196721875968,0.8582212786034442
4702900,47039,11435,6557,0.09737218570114786,0.11421355164605469
4702900,47069,25462,10655,0.2168159678463163,0.18559484410381466
4702900,47071,26831,15063,0.22847338124595523,0.26237589270161993
4702900,47077,27842,12867,0.23708232569229198,0.22412471694826686
4702900,47109,25866,12268,0.22025613951428863,0.21369099460024385
4703000,47055,30346,13915,0.2717106146752026,0.27698156773756916
4703000,47099,44159,18658,0.39538881676142723,0.37139217325530477
4703000,47101,12582,5690,0.11265613108295652,0.11326087821967434
4703000,47135,8366,4797,0.07490710480368895,0.0954854890720172
4703000,47181,16232,7178,0.14533733267672472,0.14287989171543453
4703100,47003,50237,19685,0.41908170245424364,0.39413354690159175
4703100,47103,35319,15958,0.2946343660843886,0.31951146260886976
4703100,47117,34318,14302,0.28628393146136777,0.2863549904895385
4703200,47031,57889,24946,0.5403924424031963,0.5273884273059766
4703200,47051,42774,19395,0.3992942757925395,0.4100336145113211
4703200,47127,6461,2960,0.060313281804264214,0.06257795818270227
4703300,47061,13529,6196,0.1284646719778185,0.1299278644522731
4703300,47115,28837,13578,0.27382184535622384,0.2847257171615501
4703300,47153,15826,6925,0.15027584438768243,0.14521472907230332
4703300,47175,6168,2901,0.058568267925137446,0.06083291394061399
4703300,47177,40953,18088,0.3888693703531378,0.3792987753732595
4703401,47065,119392,55905,1.0,1.0
4703402,47065,115794,53996,1.0,1.0
4703403,47065,131021,52367,1.0,1.0
4703500,47007,14913,5870,0.13102612087825194,0.11507773138073674
4703500,47107,53276,23934,0.46808473250920335,0.4692113156501794
4703500,47121,12758,6042,0.1120922182099335,0.11844968534964417
4703500,47143,32870,15163,0.28879692840261123,0.2972612676194397
4703600,47011,108620,44781,0.8609428997178276,0.8395073300588655
4703600,47139,17544,8561,0.1390571002821724,0.16049266994113456
4703700,47105,54886,24559,0.5426949849707324,0.5356963681971861
4703700,47123,46250,21286,0.4573050150292675,0.4643036318028138
4800100,48011,1848,842,0.010555174777244688,0.010896291119910965
4800100,48045,1435,874,0.008196253141421065,0.011310401946320884
4800100,48065,5807,2776,0.03316769476810601,0.03592411419106038
4800100,48069,7371,3016,0.042100753941055516,0.03902994538913477
4800100,48075,6664,2824,0.0380625999543066,0.03654528043067526
4800100,48087,2652,1481,0.01514736120630569,0.019165566684784016
4800100,48111,7115,3039,0.040638565227324654,0.039327587545616896
4800100,48117,18583,6974,0.10614005026273704,0.0902502782307115
4800100,48129,3258,1942,0.018608636052090472,0.025131350777751894
4800100,48179,21227,9996,0.12124171807173863,0.12935786939979813
4800100,48191,2825,1744,0.016135480923006627,0.02256904003934053
4800100,48195,5285,2280,0.030186200594014164,0.029505396381706656
4800100,48205,5382,1930,0.03074023303632625,0.024976059217848175
4800100,48211,3382,1631,0.01931688371030386,0.021106711183580505
4800100,48233,20617,10166,0.1177575965273018,0.1315578331651008
4800100,48295,3059,1558,0.017472012794151247,0.02016202086083288
4800100,48341,21358,8188,0.1219899474525931,0.10596060770763775
4800100,48357,10015,4332,0.05720242175005712,0.05606025312524264
4800100,48359,1758,732,0.01004112405757368,0.009472785154126874
4800100,48369,9869,3737,0.05636851724925748,0.048360379946683234
4800100,48393,827,430,0.004723554946310258,0.005564614229883273
4800100,48421,2782,1150,0.015889878912497143,0.014882107824106426
4800100,48437,6971,3034,0.03981608407585104,0.039262882728990346
4800100,48483,4990,2598,0.02850125656842586,0.03362062271915522
4800200,48375,118525,48692,1.0,1.0
4800300,48381,140753,60599,1.0,1.0
4800400,48017,6904,2746,0.056998968008255935,0.05262149317798559
4800400,48079,2547,1242,0.021027863777089782,0.02380039858960601
4800400,48107,5133,2652,0.042377708978328175,0.05082017476621187
4800400,48125,1770,1165,0.014613003095975232,0.022324850528897745
4800400,48153,5402,2603,0.04459855521155831,0.049881189636670244
4800400,48169,5816,2126,0.04801651186790506,0.040740456845009966
4800400,48189,32522,13396,0.268499484004128,0.256707036639583
4800400,48219,21537,9173,0.17780804953560372,0.1757818488425571
4800400,48269,265,171,0.002187822497420021,0.003276866472481987
4800400,48279,13045,5882,0.10769865841073271,0.1127165414686494
4800400,48305,5596,2527,0.04620020639834881,0.048424804537789364
4800400,48345,1063,703,0.008776057791537667,0.013471562164648168
4800400,48445,11831,4789,0.09767595459236326,0.09177142419132302
4800400,48501,7694,3009,0.06352115583075335,0.05766135213858654
4800501,48303,156648,69333,1.0,1.0
4800502,48303,153991,62876,1.0,1.0
4800600,48009,8560,3865,0.054840156320071755,0.05555156306144449
4800600,48023,3465,2094,0.022198731501057084,0.03009701760689903
4800600,48077,10218,5129,0.06546223332692677,0.07371900826446282
4800600,48101,1380,891,0.008841053238516241,0.012806324110671936
4800600,48155,1095,571,0.007015183547953104,0.008206970894717931
4800600,48197,3549,1804,0.022736882567749375,0.025928853754940712
4800600,48237,8472,3785,0.0542763790121084,0.054401724757455985
4800600,48337,19965,10248,0.12790697674418605,0.14729428674092707
4800600,48487,12887,5836,0.0825613428150426,0.0838807042759612
4800600,48497,68632,26813,0.43969504772887436,0.3853826805605462
4800600,48503,17867,8539,0.11446601319751426,0.12273086597197269
4800700,48485,129350,55519,1.0,1.0
4800800,48097,41668,17716,0.19574112264119922,0.19483547422136197
4800800,48147,35662,14640,0.16752711710738327,0.16100651064578567
4800800,48181,135543,58572,0.6367317602514175,0.6441580151328523
4800900,48231,99956,40570,0.48107808927926843,0.5149195953749889
4800900,48397,107819,38219,0.5189219107207316,0.4850804046250111
4801000,48119,5230,2420,0.033254700485149835,0.034690366972477064
4801000,48159,10359,5089,0.06586719738540481,0.07295011467889909
4801000,48223,36787,15671,0.23390834928244877,0.22464162844036697
4801000,48277,50088,22644,0.3184821104971673,0.32459862385321103
4801000,48343,11973,5789,0.07612973784105144,0.08298451834862386
4801000,48387,11587,6134,0.07367537562551266,0.08793004587155963
4801000,48449,31247,12013,0.19868252888326518,0.1722047018348624
4801100,48037,92893,39536,0.7655154227133757,0.7402913530314946
4801100,48067,28454,13870,0.2344845772866243,0.25970864696850543
4801200,48203,68839,29223,0.5762707607822127,0.5607944732297064
4801200,48315,9725,5540,0.0814107286364854,0.10631356745346382
4801200,48459,40892,17347,0.3423185105813019,0.3328919593168298
4801300,48063,12464,5774,0.09661116795336867,0.09744160928851087
4801300,48379,12164,5816,0.09428580287105076,0.09815039827190496
4801300,48467,59541,25537,0.46151520788763833,0.43096057783178077
4801300,48499,44843,22129,0.3475878212879422,0.37344741460780345
4801400,48257,145310,51228,1.0,1.0
4801501,48423,113973,46297,1.0,1.0
4801502,48423,119506,51242,1.0,1.0
4801600,48183,124239,53212,1.0,1.0
4801700,48073,50412,20838,0.4029188679396085,0.39557310452181177
4801700,48365,22491,10733,0.17975974487879345,0.20374729488591062
4801700,48401,52214,21107,0.417321387181598,0.4006796005922776
4801800,48001,57922,20131,0.4135159061054315,0.3312436239181229
4801800,48213,82150,40643,0.5864840938945685,0.6687563760818771
4801901,48085,134556,64650,1.0,1.0
4801902,48085,120540,48685,1.0,1.0
4801903,48085,107033,41262,1.0,1.0
4801904,48085,151305,51547,1.0,1.0
4801905,48085,157125,60565,1.0,1.0
4801907,48085,189499,64256,1.0,1.0
4801908,48085,101147,32940,1.0,1.0
4801909,48085,103260,39576,1.0,1.0
4802001,48121,132680,59013,1.0,1.0
4802002,48121,117263,48877,1.0,1.0
4802003,48121,152796,53537,1.0,1.0
4802004,48121,187002,65679,1.0,1.0
4802005,48121,126464,52375,1.0,1.0
4802006,48121,190217,68794,1.0,1.0
4802101,48139,192455,68531,1.0,1.0
4802102,48251,179927,65625,1.0,1.0
4802200,48143,42545,18325,0.30012627242393675,0.27911900446285776
4802200,48221,61598,28321,0.4345323335002857,0.43137404231337484
4802200,48363,28409,15079,0.20040632914071263,0.22967724247178348
4802200,48425,9205,3928,0.06493506493506493,0.059829710751983914
4802301,48113,115131,39230,1.0,1.0
4802302,48113,105855,37580,1.0,1.0
4802303,48113,128587,44379,1.0,1.0
4802304,48113,122212,38564,1.0,1.0
4802305,48113,137067,43881,1.0,1.0
4802306,48113,129335,53180,1.0,1.0
4802307,48113,126484,59648,1.0,1.0
4802308,48113,114899,42465,1.0,1.0
4802309,48113,113717,45464,1.0,1.0
4802310,48113,114977,59228,1.0,1.0
4802311,48113,113225,50268,1.0,1.0
4802312,48113,114098,54203,1.0,1.0
4802313,48113,134056,87405,1.0,1.0
4802314,48113,125989,44076,1.0,1.0
4802315,48113,109022,40753,1.0,1.0
4802316,48113,103887,37048,1.0,1.0
4802317,48113,116056,41662,1.0,1.0
4802318,48113,113002,39966,1.0,1.0
4802319,48113,114627,37903,1.0,1.0
4802320,48113,115317,39630,1.0,1.0
4802321,48113,117195,50035,1.0,1.0
4802322,48113,128801,52088,1.0,1.0
4802400,48367,148222,57427,1.0,1.0
4802501,48439,121237,47801,1.0,1.0
4802502,48439,136414,65641,1.0,1.0
4802503,48439,136796,49856,1.0,1.0
4802504,48439,116980,37778,1.0,1.0
4802505,48439,125152,44208,1.0,1.0
4802506,48439,134859,46182,1.0,1.0
4802507,48439,121038,50092,1.0,1.0
4802508,48439,119054,40227,1.0,1.0
4802509,48439,146410,60127,1.0,1.0
4802510,48439,125530,47297,1.0,1.0
4802511,48439,130477,44486,1.0,1.0
4802512,48439,114919,42710,1.0,1.0
4802513,48439,131615,50322,1.0,1.0
4802514,48439,147878,67186,1.0,1.0
4802515,48439,121165,52253,1.0,1.0
4802516,48439,181116,62198,1.0,1.0
4802600,48049,38095,18897,0.20143934346478842,0.20593043023407873
4802600,48059,13708,6487,0.07248537918927207,0.07069221045290092
4802600,48083,7684,4875,0.04063157672091966,0.05312540865698967
4802600,48093,13594,6912,0.07188256818638493,0.07532365633581797
4802600,48133,17725,9341,0.09372653531732182,0.10179373174665446
4802600,48151,3672,2109,0.01941685967194391,0.02298286909899307
4802600,48207,5416,3073,0.028638810452954303,0.03348807811342139
4802600,48253,19663,7037,0.10397432236640333,0.07668584630138181
4802600,48263,753,522,0.0039817253085440525,0.005688505296194586
4802600,48275,3353,1801,0.017730046427022854,0.019626433023843773
4802600,48335,8990,3684,0.04753746417504785,0.04014646266509742
4802600,48353,14738,7123,0.07793182947851561,0.07762303299768973
4802600,48399,9900,4986,0.052349376566515435,0.05433503334641036
4802600,48415,16932,6889,0.08953329737618579,0.07507301338215422
4802600,48417,3105,1570,0.01641866810495257,0.017109105967481802
4802600,48429,9101,4654,0.048124411730490604,0.050717056797872806
4802600,48433,1245,840,0.006583330689425426,0.00915391656858899
4802600,48447,1440,964,0.007614454773311336,0.010505209014428316
4802700,48441,143208,60817,1.0,1.0
4802900,48451,120003,51406,1.0,1.0
4803000,48329,169983,70309,1.0,1.0
4803100,48135,165171,66086,1.0,1.0
4803305,48141,133123,52274,1.0,1.0
4803306,48141,145558,57384,1.0,1.0
4803307,48141,136933,40262,1.0,1.0
4803308,48141,183228,63921,1.0,1.0
4803309,48141,121068,42750,1.0,1.0
4803310,48141,145747,61303,1.0,1.0
4803400,48053,49130,23436,0.25390049663826025,0.27002799829475405
4803400,48099,83093,28717,0.4294189694110108,0.33087532117385443
4803400,48193,8222,4331,0.042490736481982004,0.049901487481420884
4803400,48281,21627,9704,0.11176686425393151,0.11180882810429653
4803400,48299,21243,15242,0.10978237838564142,0.17561728750676914
4803400,48333,4456,2529,0.023028304763282877,0.02913896602182254
4803400,48411,5730,2832,0.029612250065891133,0.032630111417082414
4803501,48027,181451,72209,1.0,1.0
4803502,48027,189196,75390,1.0,1.0
4803600,48051,17642,9351,0.115006518904824,0.1296409261056426
4803600,48185,29268,12029,0.19079530638852674,0.1667683349507833
4803600,48289,15719,8895,0.10247066492829204,0.12331900734784416
4803600,48313,13455,5054,0.08771186440677967,0.07006793289893248
4803600,48331,24754,11541,0.16136897001303782,0.160002772771385
4803600,48395,16757,8422,0.10923728813559322,0.11676140302232081
4803600,48477,35805,16838,0.23340938722294655,0.23343962290309164
4803700,48035,18235,9284,0.11032659333744751,0.1260300006787484
4803700,48145,16968,7420,0.10266090681380913,0.10072626077513067
4803700,48161,19435,9030,0.11758691206543967,0.12258195886784769
4803700,48217,35874,16178,0.2170472283733256,0.2196158284124075
4803700,48293,22146,10368,0.13398918212509528,0.14074526572999388
4803700,48349,52624,21385,0.3183891772848828,0.29030068553587185
4803801,48309,108500,46085,1.0,1.0
4803802,48309,152079,59732,1.0,1.0
4803900,48225,22066,10758,0.11638615349722828,0.1251468655119063
4803900,48373,50123,24622,0.2643715748999172,0.2864255551807173
4803900,48407,27402,13778,0.14453065250299327,0.16027825925107314
4803900,48455,13602,8173,0.07174315507429072,0.09507578842059956
4803900,48471,76400,28632,0.40296846402557057,0.33307353163570375
4804000,48005,86395,36480,0.5719704994438853,0.558165154459354
4804000,48347,64653,28877,0.4280295005561146,0.441834845540646
4804100,48241,32980,16172,0.308717670295519,0.29049757499550927
4804100,48351,12217,6376,0.11436033286841588,0.11453206394826657
4804100,48403,9894,7563,0.0926153010886557,0.1358541404706305
4804100,48405,7918,4733,0.07411845098241114,0.08501886114603915
4804100,48419,24022,11420,0.22486403504666336,0.20513741692114246
4804100,48457,19798,9406,0.1853242097183349,0.16895994251841207
4804200,48199,56231,24003,0.39869114216635115,0.3914638919694696
4804200,48361,84808,37313,0.6013088578336488,0.6085361080305304
4804301,48245,115008,51837,1.0,1.0
4804302,48245,141518,56493,1.0,1.0
4804400,48071,46571,16933,0.3369850722508846,0.33788286940037915
4804400,48291,91628,33182,0.6630149277491154,0.6621171305996209
4804501,48339,173848,64571,1.0,1.0
4804502,48339,169385,66791,1.0,1.0
4804503,48339,118570,50512,1.0,1.0
4804504,48339,158640,56615,1.0,1.0
4804601,48201,120759,57492,1.0,1.0
4804602,48201,113181,46034,1.0,1.0
4804603,48201,133134,67875,1.0,1.0
4804604,48201,153502,91291,1.0,1.0
4804605,48201,116402,41364,1.0,1.0
4804606,48201,112087,38622,1.0,1.0
4804607,48201,129639,44426,1.0,1.0
4804608,48201,103320,32767,1.0,1.0
4804609,48201,129596,48785,1.0,1.0
4804610,48201,114161,37006,1.0,1.0
4804611,48201,109145,41444,1.0,1.0
4804612,48201,107527,45022,1.0,1.0
4804613,48201,120576,66538,1.0,1.0
4804614,48201,110884,50220,1.0,1.0
4804615,48201,105200,40857,1.0,1.0
4804616,48201,111447,45590,1.0,1.0
4804617,48201,110607,39653,1.0,1.0
4804618,48201,120157,44448,1.0,1.0
4804619,48201,106098,37613,1.0,1.0
4804620,48201,115337,44597,1.0,1.0
4804621,48201,113742,48768,1.0,1.0
4804622,48201,119715,41385,1.0,1.0
4804623,48201,125250,47627,1.0,1.0
4804624,48201,133081,48912,1.0,1.0
4804625,48201,145350,49747,1.0,1.0
4804626,48201,138807,50751,1.0,1.0
4804627,48201,139765,50659,1.0,1.0
4804628,48201,113802,43044,1.0,1.0
4804629,48201,127122,52004,1.0,1.0
4804630,48201,170352,59592,1.0,1.0
4804631,48201,131582,48975,1.0,1.0
4804633,48201,111541,36725,1.0,1.0
4804634,48201,123401,40224,1.0,1.0
4804635,48201,120317,45016,1.0,1.0
4804636,48201,120753,50740,1.0,1.0
4804637,48201,127234,57297,1.0,1.0
4804638,48201,107815,37065,1.0,1.0
4804639,48201,107261,34649,1.0,1.0
4804640,48201,111496,37859,1.0,1.0
4804701,48167,174342,89162,1.0,1.0
4804702,48167,176340,67029,1.0,1.0
4804801,48039,136993,48662,1.0,1.0
4804802,48039,130360,46482,1.0,1.0
4804803,48039,104678,46349,1.0,1.0
4804901,48157,119965,41470,1.0,1.0
4804902,48157,130960,49152,1.0,1.0
4804903,48157,122983,43039,1.0,1.0
4804904,48157,175880,55893,1.0,1.0
4804906,48157,155550,49283,1.0,1.0
4804907,48157,117441,39073,1.0,1.0
4805000,48015,30167,13779,0.16276309329189664,0.1742743312464428
4805000,48089,20557,9992,0.11091327970303708,0.1263770315563144
4805000,48321,36255,18476,0.1956103009015717,0.23368114842218426
4805000,48473,56794,19522,0.30642646336791785,0.24691076961993297
4805000,48481,41570,17296,0.22428686273557674,0.21875671915512554
4805100,48021,97216,36683,0.5254578081421746,0.49542164118632165
4805100,48055,45883,16379,0.24800012972131538,0.22120630976176328
4805100,48149,24435,13122,0.13207251421529415,0.17721895089406298
4805100,48287,17478,7860,0.09446954792121592,0.1061530981578521
4805201,48491,154637,61554,1.0,1.0
4805202,48491,138149,50440,1.0,1.0
4805203,48491,136069,56929,1.0,1.0
4805204,48491,180162,68757,1.0,1.0
4805301,48453,177964,63490,1.0,1.0
4805302,48453,114491,55620,1.0,1.0
4805303,48453,155620,65287,1.0,1.0
4805304,48453,141887,62635,1.0,1.0
4805305,48453,121231,50570,1.0,1.0
4805306,48453,156235,80292,1.0,1.0
4805307,48453,125784,64767,1.0,1.0
4805308,48453,126313,53548,1.0,1.0
4805309,48453,170663,66279,1.0,1.0
4805401,48209,105205,41657,1.0,1.0
4805402,48209,135862,51877,1.0,1.0
4805500,48123,19824,9182,0.13552369818905227,0.14383958643377456
4805500,48175,7012,3503,0.04793644933926728,0.05487585180543589
4805500,48177,19653,8919,0.13435468323796632,0.13971958956685204
4805500,48239,14988,6996,0.10246313501097233,0.10959504973760477
4805500,48255,14710,5796,0.10056263117236476,0.09079658494556278
4805500,48285,20337,10456,0.13903074304231014,0.16379728988799247
4805500,48493,49753,18983,0.3401286600080669,0.2973760476227775
4805600,48057,20106,10539,0.1804442450078528,0.21292199527244077
4805600,48469,91319,38958,0.8195557549921472,0.7870780047275593
4805700,48187,172706,64482,1.0,1.0
4805800,48091,161501,69939,1.0,1.0
4805901,48029,104712,44311,1.0,1.0
4805902,48029,114671,51338,1.0,1.0
4805903,48029,116043,46027,1.0,1.0
4805904,48029,104877,44724,1.0,1.0
4805905,48029,114681,37949,1.0,1.0
4805906,48029,117486,39826,1.0,1.0
4805907,48029,156318,52620,1.0,1.0
4805908,48029,125562,46495,1.0,1.0
4805909,48029,108463,42981,1.0,1.0
4805910,48029,121711,58187,1.0,1.0
4805911,48029,120615,59229,1.0,1.0
4805912,48029,104481,45033,1.0,1.0
4805913,48029,134978,51356,1.0,1.0
4805914,48029,194945,68056,1.0,1.0
4805915,48029,149118,59798,1.0,1.0
4805916,48029,120663,46243,1.0,1.0
4806000,48031,11374,6056,0.08426683262209578,0.09504975358633895
4806000,48171,26725,14128,0.19799816263632053,0.22174090466773394
4806000,48259,44279,18330,0.32805091275486015,0.2876918730577267
4806000,48265,52598,25200,0.38968409198672355,0.39551746868820037
4806100,48013,48981,18777,0.3524700464145648,0.33464026661438934
4806100,48019,20851,11400,0.15004497535350628,0.2031687191459785
4806100,48163,18385,6340,0.132299499874069,0.11299032275311437
4806100,48325,50748,19594,0.3651854783578599,0.3492006914865178
4806301,48479,123681,43129,1.0,1.0
4806302,48479,143433,41634,1.0,1.0
4806500,48007,23830,15500,0.18278324499704693,0.26388368688072456
4806500,48025,31047,10562,0.2381397988847384,0.1798154516667234
4806500,48391,6741,3252,0.05170549116764974,0.05536449998297525
4806500,48409,68755,29424,0.527371464950565,0.5009363614695768
4806601,48355,116200,52428,1.0,1.0
4806603,48355,114310,48609,1.0,1.0
4806604,48355,122668,50218,1.0,1.0
4806701,48061,120981,45271,1.0,1.0
4806702,48061,150693,57305,1.0,1.0
4806703,48061,149343,52329,1.0,1.0
4806801,48215,110324,38751,1.0,1.0
4806802,48215,119470,37527,1.0,1.0
4806803,48215,133846,43311,1.0,1.0
4806804,48215,136243,44760,1.0,1.0
4806805,48215,139627,53248,1.0,1.0
4806806,48215,114104,42071,1.0,1.0
4806807,48215,117167,35234,1.0,1.0
4807200,48033,631,359,0.005575633333627873,0.0069388070663728785
4807200,48081,3285,2130,0.029026870841469987,0.041168966716919865
4807200,48095,3303,1407,0.029185922188546536,0.027194711817232983
4807200,48105,3098,1592,0.02737450406906363,0.03077042019405466
4807200,48115,12456,4859,0.11006353217697114,0.09391549731338668
4807200,48173,1116,525,0.009861183518745969,0.010147280528818277
4807200,48227,34860,14000,0.30802944217158107,0.27059414743515403
4807200,48235,1513,785,0.013369149340378719,0.015172600409756851
4807200,48267,4286,2767,0.03787189297611579,0.053481000425219374
4807200,48307,7630,4220,0.06742009878855891,0.08156480729831071
4807200,48317,5237,2114,0.046275105813326736,0.04085971626270826
4807200,48319,3953,2467,0.034929443055199655,0.047682554408751784
4807200,48327,1962,1329,0.01733659683134372,0.025687115852951407
4807200,48371,15193,5795,0.1342481731185551,0.11200664888476555
4807200,48383,3385,1474,0.0299104894363397,0.028489698094244075
4807200,48413,2451,1285,0.0216574917602566,0.024836677103869498
4807200,48431,1372,579,0.012123247121612427,0.011191000811782443
4807200,48435,3372,1878,0.029795619019006635,0.03629827206308709
4807200,48443,760,650,0.006715501321009799,0.012563299702346438
4807200,48461,3308,1523,0.02923010311829002,0.029436777610267115
4807300,48003,18610,7020,0.18210640650533794,0.16419132265232136
4807300,48043,9546,5930,0.09341148610961612,0.13869722839433984
4807300,48103,4675,1823,0.04574677326235652,0.04263828791954157
4807300,48109,2188,1070,0.021410468427387395,0.025026312711963514
4807300,48165,21598,7642,0.2113451997690644,0.17873932873348147
4807300,48229,3202,1107,0.031332870157447186,0.02589170857209683
4807300,48243,1996,1510,0.019531670466666016,0.035317506724359723
4807300,48301,64,34,0.0006262659869071267,0.0007952286282306163
4807300,48377,6131,3194,0.059994324464493654,0.07470471289907613
4807300,48389,14748,5068,0.144315168357911,0.11853584376096363
4807300,48475,11644,5139,0.11394126799291536,0.12019646824932756
4807300,48495,7791,3218,0.07623809849989725,0.07526605075429774
4807401,48041,125229,52410,1.0,1.0
4807402,48041,108620,44300,1.0,1.0
4807500,48137,1422,963,0.009672416607716167,0.017007823952243865
4807500,48271,3129,1521,0.02128339772541764,0.026862824747001995
4807500,48323,57887,20072,0.3937462589105948,0.3544974479433426
4807500,48385,2758,1656,0.018759862872068347,0.029247099132830575
4807500,48463,24564,10034,0.16708385481852314,0.17721340138817754
4807500,48465,47586,18455,0.3236790553409153,0.32593913918864026
4807500,48507,9670,3920,0.06577515372476465,0.06923226364776319
4807600,48127,8615,3980,0.07806482597388475,0.09311248362343252
4807600,48131,9831,4396,0.08908361046422067,0.10284484372075613
4807600,48247,4838,2242,0.043839538950859486,0.05245180610144114
4807600,48283,6664,2582,0.06038583868716982,0.06040613887329216
4807600,48311,600,405,0.005436900241942061,0.009475014037057833
4807600,48427,65920,22980,0.5973341065813678,0.5376193149915778
4807600,48505,13889,6159,0.12585517910055546,0.14409039865244244
4807700,48047,7076,3095,0.0650033071213346,0.06714831207150916
4807700,48249,38891,16156,0.3572701550672448,0.3505163585871735
4807700,48261,350,196,0.003215256853090321,0.004252364835546299
4807700,48273,31040,13948,0.28514735062835306,0.302612166970407
4807700,48297,11335,5927,0.10412838979936798,0.1285906447973618
4807700,48489,20164,6770,0.18523554053060926,0.14688015273800226
4903000,49003,57666,19517,0.4423460464545427,0.45901832122110114
4903000,49045,72698,23002,0.5576539535454573,0.5409816787788988
4905000,49005,133154,43774,0.6996469030454613,0.5740777170135474
4905000,49029,12295,3703,0.06460308119128187,0.04856329753052419
4905000,49033,2510,3100,0.01318859160554026,0.040655204521907906
4905000,49043,42357,25674,0.22256142415771665,0.33670378093402054
4911002,49011,128732,42622,1.0,1.0
4911003,49011,101955,30102,1.0,1.0
4911004,49011,131992,42493,1.0,1.0
4913000,49007,20412,9579,0.14042087738970715,0.15372887612139108
4913000,49009,935,1138,0.006432173249038614,0.018263228001476464
4913000,49013,19596,8725,0.13480734437236436,0.14002343085490523
4913000,49015,9825,4069,0.06758941408749132,0.06530147165027042
4913000,49019,9669,5192,0.06651623865770519,0.08332397169039174
4913000,49037,14518,5489,0.09987410826689047,0.08809038532522348
4913000,49047,35620,13657,0.24504172313449776,0.21917478454847458
4913000,49051,34788,14462,0.23931812084230514,0.23209385180786699
4921000,49001,7072,2863,0.045404641905556806,0.044648566037147355
4921000,49017,5083,3501,0.032634586369618954,0.05459819409572229
4921000,49021,57289,21752,0.36781483740489873,0.33922305568984606
4921000,49023,11786,3816,0.07567012294950402,0.05951062801178984
4921000,49025,7667,6004,0.049224743988957015,0.09363254994307815
4921000,49027,12975,4907,0.08330390677666849,0.07652480389251906
4921000,49031,1438,848,0.009232448396520175,0.013224584002619964
4921000,49039,28437,10237,0.18257519822798626,0.15964630475804314
4921000,49041,21522,8517,0.13817854964527623,0.13282285607348376
4921000,49055,2486,1678,0.015960964335013324,0.026168457495750353
4935008,49035,108839,43237,1.0,1.0
4935009,49035,113190,37970,1.0,1.0
4935011,49035,102262,46481,1.0,1.0
4935012,49035,100111,46754,1.0,1.0
4935013,49035,136184,41103,1.0,1.0
4935014,49035,127138,40138,1.0,1.0
4935015,49035,169856,71450,1.0,1.0
4935016,49035,131976,42553,1.0,1.0
4935017,49035,195682,58593,1.0,1.0
4949001,49049,172288,45910,1.0,1.0
4949002,49049,191803,60329,1.0,1.0
4949003,49049,115316,36150,1.0,1.0
4949004,49049,179992,50181,1.0,1.0
4953000,49053,180279,74530,1.0,1.0
4957001,49057,155086,51437,1.0,1.0
4957002,49057,107137,44177,1.0,1.0
5000100,50005,30233,15997,0.2060451168813467,0.2024296108826321
5000100,50009,5920,4867,0.04034621413480542,0.06158810503005378
5000100,50011,49946,22642,0.34039392080692427,0.28651692502372667
5000100,50013,7293,5265,0.04970353710897567,0.06662448592217653
5000100,50015,25945,13878,0.17682137258910924,0.17561531161024993
5000100,50019,27393,16376,0.1866898384788387,0.20722556153116103
5000200,50001,37363,17385,0.2954834831984942,0.27602686439197877
5000200,50017,29277,14953,0.23153574224774015,0.23741327024752712
5000200,50023,59807,30645,0.4729807745537656,0.4865598653604941
5000300,50007,168323,73085,1.0,1.0
5000400,50003,37347,20815,0.1852741136141524,0.17458586705808346
5000400,50021,60572,33869,0.3004906313716347,0.284076326273852
5000400,50025,45905,29916,0.22772935404336805,0.25092052841266516
5000400,50027,57753,34625,0.2865059009708449,0.2904172782553995
5101301,51013,120166,58645,1.0,1.0
5101302,51013,118477,60440,1.0,1.0
5101500,51015,77487,32590,0.45990444253197615,0.4231038869991951
5101500,51017,4209,3239,0.024981452354809034,0.04205073611507803
5101500,51091,2232,1787,0.013247470101195952,0.023199958455586426
5101500,51163,22650,11261,0.13443333234412558,0.1461973878949965
5101500,51530,6641,2948,0.03941597174822684,0.03827279100563446
5101500,51678,7320,2617,0.04344600409532006,0.033975540726507936
5101500,51790,25750,12316,0.15283259637356442,0.15989406174538467
5101500,51820,22196,10268,0.13173873045078197,0.13330563705761692
5101900,51009,31307,14232,0.24672939915516046,0.2421149331427988
5101900,51011,16119,7301,0.12703328919992435,0.12420468851008812
5101900,51019,79462,37249,0.6262373116449153,0.6336803783471131
5104101,51041,116089,45753,1.0,1.0
5104102,51041,125071,48399,1.0,1.0
5104103,51041,123388,44539,1.0,1.0
5105901,51059,113116,42517,1.0,1.0
5105902,51059,173278,68668,1.0,1.0
5105904,51059,126574,48555,1.0,1.0
5105905,51059,107329,37008,1.0,1.0
5105906,51059,107432,39473,1.0,1.0
5105907,51059,149309,53844,1.0,1.0
5105908,51059,130639,50332,1.0,1.0
5106100,51047,52552,19185,0.28722747222115946,0.26287303718725163
5106100,51061,72972,28249,0.39883473707798844,0.38706804417527607
5106100,51113,13837,6051,0.07562731262605007,0.08291085473130361
5106100,51137,36254,15671,0.19814935260134564,0.21472417856457757
5106100,51157,7348,3826,0.040161125473456384,0.05242388534159108
5106900,51043,14783,6371,0.11005643155998272,0.1167491295583654
5106900,51069,91419,35827,0.6805958815383928,0.6565328935312442
5106900,51840,28120,12372,0.20934768690162445,0.22671797691039033
5107300,51001,33413,21703,0.19547882454118376,0.21848950992630772
5107300,51057,10599,5742,0.06200820223601612,0.05780614504892683
5107300,51073,38711,17049,0.2264741500857081,0.17163653203398704
5107300,51097,6608,3454,0.03865932638697939,0.03477227882253453
5107300,51103,10919,7448,0.06388032457921125,0.07498087222647284
5107300,51115,8533,5455,0.04992131235776258,0.05491684452140297
5107300,51119,10625,7100,0.06216031217640073,0.07147746949623485
5107300,51131,12282,7373,0.071854395684758,0.0742258285346112
5107300,51133,11839,8947,0.06926267631589725,0.09007167881448074
5107300,51159,8923,3932,0.05220296146353164,0.039584423951999355
5107300,51193,18477,11129,0.10809751417255117,0.11203841662304193
5108300,51007,13265,5704,0.07332375214194904,0.06395694343219151
5108300,51025,15849,7893,0.0876070974517716,0.08850142961260302
5108300,51029,16824,7133,0.09299651760543917,0.07997981723383978
5108300,51037,11529,5956,0.06372782046321375,0.06678253069462353
5108300,51049,9675,4636,0.05347963075562434,0.05198183551045579
5108300,51083,34022,17275,0.18806036150572109,0.19369849189886193
5108300,51111,11936,5868,0.06597755790171908,0.06579581768234569
5108300,51117,30319,19004,0.16759162014261234,0.2130851600605483
5108300,51135,15642,6629,0.08646288209606987,0.07432864270897573
5108300,51147,21849,9087,0.12077275993587971,0.10188933116555475
5108501,51036,6773,3245,0.06673235134735701,0.07884059379479579
5108501,51085,53967,21453,0.5317207744223853,0.521222575864331
5108501,51101,17810,7402,0.17547662446425932,0.17983916032945407
5108501,51127,22945,9059,0.22607024976599832,0.22009767001141914
5108701,51087,149938,64304,1.0,1.0
5108702,51087,184451,76435,1.0,1.0
5109500,51095,78254,33993,0.44416065022930573,0.4688754327645899
5109500,51199,70045,27827,0.3975673159878309,0.3838259838066732
5109500,51735,12460,4926,0.07072151841256868,0.06794576476916923
5109500,51830,15425,5753,0.0875505153702947,0.07935281865956771
5110701,51107,116390,41834,1.0,1.0
5110702,51107,154069,50804,1.0,1.0
5110703,51107,150500,49436,1.0,1.0
5110901,51003,40631,18616,0.33788492403389575,0.32600739015463287
5110901,51065,27249,11127,0.22660102618689243,0.19485841374358615
5110901,51109,37596,17489,0.31264604868150786,0.3062711241090661
5110901,51125,14775,9871,0.12286800109770397,0.17286307199271492
5112100,51063,15476,7924,0.08510123505669383,0.09809115892154192
5112100,51071,16787,8285,0.092310314867971,0.10255997623232899
5112100,51121,99721,41134,0.5483574735777051,0.5091975935233096
5112100,51155,33800,16990,0.1858633849131721,0.21031913049936868
5112100,51750,16070,6449,0.08836759158445787,0.07983214082345078
5114300,51089,50948,25422,0.27519823693364737,0.2701680181089727
5114300,51141,17608,9994,0.09511051574012057,0.10620954971996982
5114300,51143,60501,29369,0.3267992567465376,0.31211409502959714
5114300,51590,42590,22259,0.23005207095477823,0.23655376898307065
5114300,51690,13485,7053,0.07283991962491627,0.07495456815838974
5114501,51075,24727,10550,0.22262136271967733,0.24047228300510576
5114501,51085,56012,21731,0.5042855084989917,0.4953273158278629
5114501,51145,30333,11591,0.273093128781331,0.26420040116703136
5114900,51053,27947,11803,0.15511891876890627,0.1544167669684442
5114900,51081,11391,4001,0.06322537673799017,0.052344445025904025
5114900,51149,43010,13378,0.23872561263286432,0.17502224082892878
5114900,51181,6561,3402,0.03641661810007493,0.04450782353864671
5114900,51183,10829,4636,0.060106013931673745,0.06065204877282956
5114900,51570,18170,8147,0.10085199678072877,0.10658590193102727
5114900,51595,5766,2647,0.03200399633669137,0.03463027892616045
5114900,51670,23033,10409,0.12784392085033164,0.13617928724684703
5114900,51730,33458,18013,0.18570754586073876,0.235661206761212
5115301,51153,136077,44694,1.0,1.0
5115302,51153,166329,54123,1.0,1.0
5115303,51153,104708,35385,1.0,1.0
5116101,51005,15223,7934,0.07505966116403369,0.08354393058714514
5116101,51023,33596,14888,0.16565094767567995,0.1567685957375116
5116101,51045,4892,2584,0.024120860698577995,0.02720916519248589
5116101,51067,54477,28131,0.26860836636885393,0.2962155673490018
5116101,51161,88887,38379,0.4382728832613455,0.40412560020217336
5116101,51580,5737,3052,0.028287280831508985,0.032137140931682254
5116500,51165,83757,35436,0.6178091184692892,0.6554696459620436
5116500,51660,51814,18626,0.38219088153071085,0.3445303540379564
5117100,51139,23709,11751,0.21827070022647346,0.23679119816225366
5117100,51171,44186,21136,0.4067868387619451,0.42590577519848466
5117100,51187,40727,16739,0.37494246101158146,0.3373030266392617
5117700,51033,30887,12415,0.15627751186488703,0.16556203075199702
5117700,51099,26723,10322,0.1352091154714079,0.13765052609118913
5117700,51177,140032,52250,0.7085133726637051,0.6967874431568138
5117900,51179,156927,52793,0.8486715086880574,0.8126000492550178
5117900,51630,27982,12175,0.15132849131194262,0.18739995074498214
5118500,51027,20355,10323,0.11047190035548561,0.11292704538741755
5118500,51051,14124,7344,0.07665463623782258,0.08033868268189426
5118500,51105,22173,10835,0.12033866109467857,0.11852799929988075
5118500,51167,25781,12754,0.13992021926134976,0.13952063710850754
5118500,51169,21576,11765,0.11709858619847494,0.1287016069924409
5118500,51185,40429,19814,0.2194187403326911,0.21675254066708236
5118500,51195,36130,16644,0.19608694472334537,0.18207475960749564
5118500,51720,3687,1934,0.02001031179615207,0.021156728255280977
5119100,51021,6270,3200,0.03357933184091858,0.03367003367003367
5119100,51035,29155,16579,0.15614121528261266,0.17444234006734008
5119100,51077,15333,8924,0.0821167296837009,0.0938973063973064
5119100,51173,29800,15097,0.15959554846242008,0.15884890572390573
5119100,51191,53935,25424,0.28885187605102774,0.26750841750841753
5119100,51197,28290,13990,0.15150865993294846,0.14720117845117844
5119100,51520,17219,8670,0.09221730701256413,0.09122474747474747
5119100,51640,6720,3156,0.03598933173380748,0.033207070707070706
5151000,51510,159467,80479,1.0,1.0
5154001,51003,71764,28675,0.5167748021516682,0.4897356196201667
5154001,51079,20552,8464,0.14799559296891315,0.14455526711299357
5154001,51540,46553,21413,0.3352296048794187,0.36570911326683975
5155001,51550,110932,46322,1.0,1.0
5155002,51550,126040,43705,1.0,1.0
5160001,51059,136290,44909,0.849497618988257,0.8279835542690683
5160001,51600,24146,9330,0.150502381011743,0.1720164457309316
5161001,51059,106342,41843,0.8788595041322314,0.87145683640529
5161001,51610,14658,6172,0.1211404958677686,0.12854316359471
5165000,51650,137148,62444,1.0,1.0
5168000,51031,55696,25060,0.4134664637541294,0.4255246892616994
5168000,51680,79009,33832,0.5865335362458706,0.5744753107383006
5168701,51153,75090,24323,0.5558886890088169,0.5501323140252867
5168701,51683,42772,14365,0.31663964584212434,0.3249044398706263
5168701,51685,17219,5525,0.12747166514905872,0.12496324610408703
5170000,51700,186247,81901,1.0,1.0
5171001,51710,104087,41983,1.0,1.0
5171002,51710,133918,59403,1.0,1.0
5174001,51550,12450,4802,0.11280750237847144,0.10011257974398532
5174001,51740,97915,43164,0.8871924976215285,0.8998874202560146
5176001,51760,115546,58803,1.0,1.0
5176002,51760,111064,53160,1.0,1.0
5177001,51161,8042,3768,0.0602853094850786,0.059227589242207515
5177001,51770,100011,48726,0.7497132662163885,0.7659032678916676
5177001,51775,25346,11125,0.19000142429853298,0.1748691428661249
5180000,51093,38606,16441,0.24264326926702953,0.24754949936008433
5180000,51175,17996,7724,0.11310698528025341,0.11629902883384778
5180000,51620,8180,3886,0.051412266036478825,0.058510878566588875
5180000,51800,94324,38364,0.5928374794162382,0.577640593239479
5181001,51810,148847,65814,1.0,1.0
5181002,51810,179008,71699,1.0,1.0
5181003,51810,131615,52546,1.0,1.0
5320501,53005,30059,10848,0.2569233136175596,0.2550010578030606
5320501,53021,24353,6722,0.20815241546719546,0.15801227051550268
5320501,53071,62584,24971,0.534924270915245,0.5869866716814367
5320502,53005,124186,47725,1.0,1.0
5320503,53005,52628,21503,0.42094317890964933,0.4829855573774174
5320503,53021,72396,23018,0.5790568210903506,0.5170144426225826
5320700,53007,79074,37267,0.6480837950365538,0.6827333516533847
5320700,53017,42938,17318,0.3519162049634462,0.3172666483466154
5320900,53009,77155,37930,0.7005684088185087,0.6652401915218268
5320900,53031,32977,19087,0.2994315911814913,0.33475980847817316
5321101,53011,136605,47466,1.0,1.0
5321102,53011,119034,44752,1.0,1.0
5321103,53011,121148,52590,1.0,1.0
5321104,53011,126524,50228,1.0,1.0
5321500,53015,110730,45424,0.7993964639719312,0.713686426697252
5321500,53049,23365,16034,0.1686796566486424,0.2519207503888636
5321500,53069,4422,2189,0.031923879379426354,0.034392822913884395
5322500,53025,99123,38635,0.6909452112086993,0.6193690083042098
5322500,53037,44337,23743,0.3090547887913007,0.3806309916957902
5322700,53027,75636,36058,0.5350518526902562,0.5201148181805069
5322700,53045,65726,33269,0.46494814730974376,0.47988518181949313
5322900,53029,86857,41922,0.8300157675952028,0.7527202212087478
5322900,53055,17788,13772,0.16998423240479718,0.2472797787912522
5323301,53033,128948,53296,1.0,1.0
5323302,53033,121656,45858,1.0,1.0
5323303,53033,157802,69127,1.0,1.0
5323304,53033,154624,65891,1.0,1.0
5323305,53033,158004,60117,1.0,1.0
5323306,53033,128296,46789,1.0,1.0
5323307,53033,127864,45340,1.0,1.0
5323308,53033,135262,53275,1.0,1.0
5323309,53033,137026,49367,1.0,1.0
5323310,53033,143320,57325,1.0,1.0
5323311,53033,139846,54546,1.0,1.0
5323312,53033,104706,49440,1.0,1.0
5323313,53033,100338,39564,1.0,1.0
5323314,53033,102741,60883,1.0,1.0
5323315,53033,101111,65213,1.0,1.0
5323316,53033,104424,51456,1.0,1.0
5323317,53033,114016,49584,1.0,1.0
5323318,53033,109691,52163,1.0,1.0
5323501,53035,133368,55405,1.0,1.0
5323502,53035,142243,57843,1.0,1.0
5324100,53039,22735,10533,0.1944491960314745,0.20357163564677916
5324100,53041,82149,35412,0.7026086212795074,0.6844088827042384
5324100,53059,12036,5796,0.10294218268901813,0.11201948164898243
5325301,53053,116310,52845,1.0,1.0
5325302,53053,100645,38570,1.0,1.0
5325303,53053,103643,40122,1.0,1.0
5325304,53053,128920,46738,1.0,1.0
5325305,53053,139409,52016,1.0,1.0
5325306,53053,108181,39445,1.0,1.0
5325307,53053,111218,46786,1.0,1.0
5325308,53053,112804,42967,1.0,1.0
5325701,53057,129523,55744,1.0,1.0
5326101,53061,152934,58562,1.0,1.0
5326102,53061,146525,53567,1.0,1.0
5326103,53061,143321,51687,1.0,1.0
5326104,53061,123039,52344,1.0,1.0
5326105,53061,107454,42037,1.0,1.0
5326106,53061,154684,63326,1.0,1.0
5326301,53063,117429,44772,1.0,1.0
5326302,53063,146504,60903,1.0,1.0
5326303,53063,138026,61994,1.0,1.0
5326304,53063,137380,56350,1.0,1.0
5326500,53019,7178,4059,0.06577596950370207,0.0725352490216051
5326500,53047,42104,21720,0.38582215380104096,0.3881413177504959
5326500,53051,13401,7938,0.12280074774576644,0.14185385728837185
5326500,53065,46445,22242,0.4256011289494905,0.39746957593952714
5326701,53067,116153,45651,1.0,1.0
5326702,53067,178640,75787,1.0,1.0
5327301,53073,113025,49501,1.0,1.0
5327302,53073,113822,50563,1.0,1.0
5327500,53001,20613,6735,0.19088762328101125,0.14388873459097998
5327500,53003,22285,10034,0.20637125526693523,0.21436964556583418
5327500,53013,3952,2190,0.03659767560309302,0.04678787360864828
5327500,53023,2286,1194,0.021169606889845812,0.025509005063345226
5327500,53043,10876,5732,0.10071769227207482,0.12246031576473604
5327500,53075,47973,20922,0.4442561466870399,0.4469844254064563
5327701,53077,126924,40800,1.0,1.0
5327702,53077,129804,49704,1.0,1.0
5400100,54009,22559,10719,0.18094970722707948,0.17613132209405502
5400100,54029,29095,14241,0.23337611293815674,0.23400374642610666
5400100,54051,30591,14728,0.24537579209112056,0.24200598113641592
5400100,54069,42425,21170,0.34029838774364324,0.3478589503434224
5400200,54017,7808,3241,0.05734851266984943,0.049883794308229826
5400200,54073,7653,3209,0.05621006243114212,0.04939126687291253
5400200,54085,8444,4142,0.06201983106867426,0.06375151990888242
5400200,54095,8313,4119,0.06105765699596034,0.06339751581474812
5400200,54103,14442,7254,0.10607418288652222,0.1116498129934894
5400200,54105,5194,2702,0.038149100257069406,0.04158778531960413
5400200,54107,84296,40304,0.6191406536907822,0.6203383047821336
5400300,54049,56205,26280,0.2864051201826307,0.2877319756938742
5400300,54061,105822,49881,0.5392396161901316,0.5461323698472655
5400300,54077,34216,15174,0.17435526362723766,0.16613565445886025
5400400,54003,122076,50868,0.6790412566679831,0.6816025726919469
5400400,54037,57701,23762,0.3209587433320169,0.31839742730805304
5400500,54023,10976,5598,0.10426126109010772,0.0999982136796413
5400500,54027,23093,12416,0.21936090582669984,0.22178953573533877
5400500,54031,14299,8127,0.13582650986948344,0.1451742555509905
5400500,54057,26938,12453,0.2558846438816802,0.22245047426805523
5400500,54065,17063,9071,0.16208180557402588,0.16203711973705365
5400500,54071,6143,3666,0.05835248969356156,0.06548650434969007
5400500,54093,6762,4650,0.06423238406444136,0.08306389667923045
5400600,54001,15465,7114,0.09267582338558895,0.0918504363993183
5400600,54033,65921,30480,0.39503931156814803,0.39353405980478234
5400600,54041,17033,8204,0.10207224699170622,0.105923668852967
5400600,54083,27932,13035,0.16738578071815524,0.16829778443423024
5400600,54091,16705,7441,0.10010666858430414,0.0960724061354129
5400600,54097,23816,11178,0.14272016875209742,0.14432164437328926
5400700,54007,12447,6251,0.12377931144215279,0.12766522342945838
5400700,54013,6229,3181,0.06194435052407566,0.06496609754105057
5400700,54015,8051,3907,0.08006324708128643,0.07979331753941671
5400700,54021,7408,3090,0.07366892738519064,0.06310758924924434
5400700,54035,27791,12888,0.2763678673004634,0.26321378972306186
5400700,54067,24604,12496,0.24467471508979893,0.25520790785066577
5400700,54087,14028,7151,0.13950158117703215,0.14604607466710237
5400800,54011,94350,46125,0.5323200352059038,0.5552345527427685
5400800,54053,25453,12153,0.14360510711283378,0.14629301939258244
5400800,54079,57440,24795,0.32407485768126243,0.29847242786464917
5400900,54039,180745,90294,1.0,1.0
5401000,54019,40488,19089,0.35182787476429234,0.35567356064840694
5401000,54081,74591,34581,0.6481721252357077,0.6443264393515931
5401100,54025,32977,17807,0.2475323330055621,0.25061926476383495
5401100,54055,59664,29321,0.44785059636849495,0.4126695941000957
5401100,54063,12376,6219,0.09289687216171381,0.08752744468839722
5401100,54075,7869,6795,0.059066377427321105,0.09563418341496369
5401100,54089,11959,6529,0.08976678201211502,0.09189044643359792
5401100,54101,8378,4381,0.06288703902479302,0.06165906659911051
5401200,54005,21809,10132,0.12260374855241114,0.121552396376942
5401200,54043,20463,9549,0.11503693459709245,0.11455821486413532
5401200,54045,32567,14738,0.18308204315220203,0.176810029392358
5401200,54047,19111,9344,0.10743639041611855,0.11209885429788255
5401200,54059,23568,11493,0.13249232637366343,0.1378801511606982
5401200,54099,38982,18150,0.219145276081897,0.21774338671945295
5401200,54109,21382,9949,0.1202032808266154,0.11935696718853098
5500100,55003,16027,9407,0.088032868826796,0.0760942543054286
5500100,55007,16220,13238,0.08909297637553074,0.10708363330448217
5500100,55013,16526,15201,0.09077376865487183,0.12296255551151485
5500100,55031,44295,22906,0.24330292161246203,0.18528914522378523
5500100,55051,6137,5523,0.033709222935673994,0.04467615249589478
5500100,55099,14054,10735,0.07719560357470462,0.08683659189632997
5500100,55107,14188,8560,0.07793163679506968,0.0692427784473763
5500100,55113,18074,15966,0.09927660018565614,0.12915072437976752
5500100,55119,19913,9379,0.10937783221738247,0.07586775923574092
5500100,55129,16623,12708,0.0913065688218525,0.10279640519967967
5500200,55041,9179,8604,0.07780330064334574,0.09380008067417445
5500200,55067,19491,12138,0.16521016808360953,0.13232744993295323
5500200,55069,28415,16034,0.2408520304805174,0.17480131259062218
5500200,55085,37845,30465,0.3207828644566314,0.3321268546883687
5500200,55125,23047,24486,0.19535163633589597,0.2669443021138814
5500300,55037,4558,4601,0.03491890815208648,0.057481603638044554
5500300,55075,41872,29189,0.32078203645111125,0.3646664917606786
5500300,55078,4255,2145,0.03259762048861956,0.026798096023387428
5500300,55083,38965,23754,0.2985114647095326,0.2967654885499044
5500300,55115,40881,20354,0.31318997019865014,0.25428832002798496
5500400,55087,190705,79131,1.0,1.0
5500501,55009,108403,46162,1.0,1.0
5500502,55009,160337,66746,1.0,1.0
5500600,55029,30066,23738,0.2277934357668879,0.33517360179602673
5500600,55061,20563,9267,0.15579446616359063,0.13084732360956186
5500600,55071,81359,37818,0.6164120980695215,0.5339790745944114
5500700,55117,118034,52303,1.0,1.0
5500800,55015,52442,21511,0.33488722572734936,0.31986141470015317
5500800,55039,104154,45740,0.6651127742726507,0.6801385852998468
5500900,55139,171730,76046,1.0,1.0
5501000,55047,19018,10671,0.1714229056624182,0.1761007327216318
5501000,55077,15592,9758,0.14054190477907375,0.1610337315994455
5501000,55135,51812,25457,0.46701880261758394,0.42011023829955774
5501000,55137,24520,14710,0.2210163869409241,0.24275529737936496
5501100,55001,20654,16692,0.12499546109248479,0.202599861632014
5501100,55097,70377,31148,0.425912925598228,0.378060177936375
5501100,55141,74207,34549,0.4490916133092872,0.41933996043161104
5501200,55073,138013,59828,1.0,1.0
5501300,55005,46711,23779,0.29668891838847566,0.31228577056930856
5501300,55017,31094,13482,0.19749620492756018,0.17705693085560445
5501300,55019,34659,14755,0.22013960785310052,0.19377503447370148
5501300,55095,44977,24129,0.28567526883086364,0.31688226410138554
5501400,55017,35203,15206,0.24982081142265086,0.2527089011500366
5501400,55035,105710,44966,0.7501791885773491,0.7472910988499635
5501500,55033,45440,18693,0.3269629288510246,0.3334344119011095
5501500,55109,93536,37369,0.6730370711489754,0.6665655880988905
5501600,55011,13317,6506,0.11605026491912995,0.1307949016927345
5501600,55053,21145,9613,0.18426694088120468,0.19325720718909573
5501600,55091,7318,3573,0.0637723089793642,0.07183064613405171
5501600,55093,42212,16780,0.3678541550474066,0.33734067789795347
5501600,55121,30760,13270,0.2680563301728946,0.2667765670861646
5501700,55063,120784,52774,1.0,1.0
5501800,55023,16113,8658,0.13447783740475217,0.15274959863093454
5501800,55057,26718,14441,0.22298633772607016,0.25477673294402003
5501800,55081,46274,19769,0.3861991837688514,0.3487764859476721
5501800,55123,30714,13813,0.25633664110032633,0.24369718247737338
5501900,55043,51938,22110,0.35415089836691555,0.34057825906129174
5501900,55045,37093,16273,0.2529269373700181,0.25066621482154683
5501900,55049,23709,10905,0.1616651324537179,0.16797855789522328
5501900,55065,16611,7156,0.11326582796358801,0.11022967082056101
5501900,55103,17304,8475,0.11799120384576046,0.1305472974013771
5502000,55021,58490,26565,0.4707331010116456,0.46321644666864287
5502000,55111,65763,30784,0.5292668989883544,0.5367835533313571
5502101,55025,104115,49206,1.0,1.0
5502102,55025,128721,60749,1.0,1.0
5502103,55025,108135,47641,1.0,1.0
5502104,55025,100199,42664,1.0,1.0
5502105,55025,120334,48535,1.0,1.0
5502200,55105,163687,70068,1.0,1.0
5502300,55027,89396,38123,0.5128975994859319,0.5117249895971758
5502300,55055,84900,36376,0.487102400514068,0.48827501040282417
5502400,55127,106478,53146,1.0,1.0
5502501,55133,118650,48940,1.0,1.0
5502502,55133,124315,54120,1.0,1.0
5502503,55133,164013,69117,1.0,1.0
5502600,55089,91503,39086,0.4008647881400484,0.40130599505118225
5502600,55131,136761,58311,0.5991352118599517,0.5986940049488177
5502801,55079,104248,42976,1.0,1.0
5502802,55079,117113,60559,1.0,1.0
5502803,55079,101315,48205,1.0,1.0
5502804,55079,103279,45998,1.0,1.0
5502805,55079,104125,39957,1.0,1.0
5502806,55079,114988,50706,1.0,1.0
5502807,55079,172948,82086,1.0,1.0
5502808,55079,121473,53704,1.0,1.0
5502900,55101,197727,84490,1.0,1.0
5503000,55059,169151,72451,1.0,1.0
5600100,56003,11521,5327,0.10020177773139209,0.09271442495126705
5600100,56023,19581,9489,0.17030214475812763,0.16515246449456975
5600100,56029,29624,14523,0.2576492894292821,0.2527673350041771
5600100,56033,30921,14884,0.26892970829202106,0.2590504037872459
5600100,56039,23331,13233,0.20291707978917706,0.2303153717627402
5600200,56005,47026,19816,0.46677320416488827,0.42062363354630555
5600200,56011,7181,3672,0.07127755665181097,0.07794358005561333
5600200,56015,12498,5853,0.12405332168699812,0.12423850056250133
5600200,56019,8447,4598,0.08384368765323037,0.09759928679077073
5600200,56027,2467,1322,0.02448708150118614,0.028061386937233344
5600200,56031,8605,4595,0.0854119725649399,0.09753560739530046
5600200,56043,7685,3849,0.07628018700308695,0.0817006643883594
5600200,56045,6838,3406,0.06787298877385928,0.07229734032391585
5600300,56021,100512,44181,1.0,1.0
5600400,56001,37066,18494,0.2550839934209168,0.26393229724136946
5600400,56007,14537,8157,0.10004197950574294,0.1164104979235347
5600400,56009,13751,6612,0.09463281696247307,0.0943614334032624
5600400,56025,79955,36808,0.5502412101108672,0.5252957714318335
5600500,56013,39234,17407,0.3402627813191102,0.3280131152483606
5600500,56017,4621,2551,0.0400763193270023,0.04807040024119997
5600500,56035,8728,5167,0.07569489614500673,0.09736564407929449
5600500,56037,42272,19145,0.3666102944364945,0.3607635486545564
5600500,56041,20450,8798,0.17735570877238627,0.16578729177658852
